time,rank,Maps_uid,Maps_number,Players_pid,Players_name
00:05.83,6,3CMwUdiAfd_ri2VdNVkUN05Uvkj,9,1208,pio c:
00:06.98,4,GA3xCbiB5P3OArt376aw_nS1Jdg,11,2479,nut
00:07.05,5,GA3xCbiB5P3OArt376aw_nS1Jdg,11,2243,sauucey
00:07.18,6,GA3xCbiB5P3OArt376aw_nS1Jdg,11,13,LeG〢mtat #mot
00:07.18,7,GA3xCbiB5P3OArt376aw_nS1Jdg,11,1974,Нтм Ď®丹ǥoNヅฟřћ*
00:07.22,8,GA3xCbiB5P3OArt376aw_nS1Jdg,11,1174,Нтм.Nad!
00:07.25,9,GA3xCbiB5P3OArt376aw_nS1Jdg,11,450,ImminentOmelet58
00:07.25,10,GA3xCbiB5P3OArt376aw_nS1Jdg,11,3515,ants
00:10.43,1,JL2c1KdpqsGegX_RYGtnuTVa406,12,5463,pastagrows
00:10.44,2,JL2c1KdpqsGegX_RYGtnuTVa406,12,542,ѕĸγ»МіǤ«ғฟ๏
00:10.54,3,JL2c1KdpqsGegX_RYGtnuTVa406,12,336,»ғฟ๏« Ŀιиκ.* Law
00:10.56,4,JL2c1KdpqsGegX_RYGtnuTVa406,12,159,LeG〢ςīмī
00:10.56,5,JL2c1KdpqsGegX_RYGtnuTVa406,12,4354,「ιиғяα」
00:10.58,6,JL2c1KdpqsGegX_RYGtnuTVa406,12,450,ImminentOmelet58
00:10.58,7,JL2c1KdpqsGegX_RYGtnuTVa406,12,2479,nut
00:10.61,8,JL2c1KdpqsGegX_RYGtnuTVa406,12,1977," ғฟ๏, LeG | Plast"
00:10.61,9,JL2c1KdpqsGegX_RYGtnuTVa406,12,1797,ױρאωєя.т³
00:10.61,10,JL2c1KdpqsGegX_RYGtnuTVa406,12,2748,мѕι dzam мםя
00:11.36,1,v1FqeLZT6KfgaDYZUYWDTQpqVuc,13,2114,凹 faiby ?
00:11.47,2,v1FqeLZT6KfgaDYZUYWDTQpqVuc,13,436,helvete
00:11.51,3,v1FqeLZT6KfgaDYZUYWDTQpqVuc,13,2919,r4' « т³
00:11.52,4,v1FqeLZT6KfgaDYZUYWDTQpqVuc,13,512,nexos
00:11.55,5,v1FqeLZT6KfgaDYZUYWDTQpqVuc,13,8,sokko
00:11.62,6,v1FqeLZT6KfgaDYZUYWDTQpqVuc,13,6022,ңя ױ mirbb.ѕהν
00:11.64,7,v1FqeLZT6KfgaDYZUYWDTQpqVuc,13,178,DWN.skandear
00:11.68,8,v1FqeLZT6KfgaDYZUYWDTQpqVuc,13,450,ImminentOmelet58
00:11.72,9,v1FqeLZT6KfgaDYZUYWDTQpqVuc,13,542,ѕĸγ»МіǤ«ғฟ๏
00:11.76,10,v1FqeLZT6KfgaDYZUYWDTQpqVuc,13,336,»ғฟ๏« Ŀιиκ.* Law
00:05.13,1,DGBinSEfqEl9381N_XGVhTOjhN4,14,8632,car driver
00:05.17,2,DGBinSEfqEl9381N_XGVhTOjhN4,14,1351,toto38
00:05.20,3,DGBinSEfqEl9381N_XGVhTOjhN4,14,3238,hajinmi
00:05.20,4,DGBinSEfqEl9381N_XGVhTOjhN4,14,5420,i love dziwnystan
00:05.21,5,DGBinSEfqEl9381N_XGVhTOjhN4,14,957,〔 niati 〕
00:05.22,6,DGBinSEfqEl9381N_XGVhTOjhN4,14,1101,Law¬ Okuu. *GF
00:05.22,7,DGBinSEfqEl9381N_XGVhTOjhN4,14,3360,xosar
00:05.23,8,DGBinSEfqEl9381N_XGVhTOjhN4,14,975,ѕκγ. flex
00:05.24,9,DGBinSEfqEl9381N_XGVhTOjhN4,14,542,ѕĸγ»МіǤ«ғฟ๏
00:05.24,10,DGBinSEfqEl9381N_XGVhTOjhN4,14,863,ηЬ » Gyrule_ « т³
00:06.70,1,BevfAzj233o_2vk2UkHdULlo3G4,15,3474,๓ไ» βακεδ Δlαsκα « т³
00:06.70,2,BevfAzj233o_2vk2UkHdULlo3G4,15,878,кเקןє13
00:06.71,3,BevfAzj233o_2vk2UkHdULlo3G4,15,3704,redank
00:06.72,4,BevfAzj233o_2vk2UkHdULlo3G4,15,120,мѕι mo
00:06.72,5,BevfAzj233o_2vk2UkHdULlo3G4,15,2747,Golden « т³
00:06.72,6,BevfAzj233o_2vk2UkHdULlo3G4,15,957,〔 niati 〕
00:06.72,7,BevfAzj233o_2vk2UkHdULlo3G4,15,1542,〤Rata!bataै
00:06.72,8,BevfAzj233o_2vk2UkHdULlo3G4,15,9585,klyp
00:06.73,9,BevfAzj233o_2vk2UkHdULlo3G4,15,450,ImminentOmelet58
00:06.73,10,BevfAzj233o_2vk2UkHdULlo3G4,15,978,Terminator
00:08.58,1,vnz74ZA7WH9fEqGBqqhHN3tdezh,16,3760,еяаメjewlians_96(real) ๓ไ
00:08.59,2,vnz74ZA7WH9fEqGBqqhHN3tdezh,16,943,ehkla.
00:08.59,3,vnz74ZA7WH9fEqGBqqhHN3tdezh,16,542,ѕĸγ»МіǤ«ғฟ๏
00:08.59,4,vnz74ZA7WH9fEqGBqqhHN3tdezh,16,3955,Nem #jome
00:08.59,5,vnz74ZA7WH9fEqGBqqhHN3tdezh,16,4427,Kairoैs! « т³
00:08.59,6,vnz74ZA7WH9fEqGBqqhHN3tdezh,16,5408,Σα¹²мακσ您
00:08.59,7,vnz74ZA7WH9fEqGBqqhHN3tdezh,16,9368,Koble
00:08.59,8,vnz74ZA7WH9fEqGBqqhHN3tdezh,16,4749,theoria
00:08.59,9,vnz74ZA7WH9fEqGBqqhHN3tdezh,16,7517,Bor
00:08.59,10,vnz74ZA7WH9fEqGBqqhHN3tdezh,16,2873,웃laser웃
00:08.50,1,BvPMezwTNVXGEHwNYmDZ72XnoSl,17,542,ѕĸγ»МіǤ«ғฟ๏
00:08.53,2,BvPMezwTNVXGEHwNYmDZ72XnoSl,17,863,ηЬ » Gyrule_ « т³
00:08.58,3,BvPMezwTNVXGEHwNYmDZ72XnoSl,17,1600,сав ¬ nellike
00:08.59,4,BvPMezwTNVXGEHwNYmDZ72XnoSl,17,545,«厶ア» Tormod
00:08.61,5,BvPMezwTNVXGEHwNYmDZ72XnoSl,17,336,»ғฟ๏« Ŀιиκ.* Law
00:08.61,6,BvPMezwTNVXGEHwNYmDZ72XnoSl,17,4183,ヅČƏβ/Ļӛ Ǧ工ĝăÑтĒ乌ҨǜҾSσĈίαL
00:08.63,7,BvPMezwTNVXGEHwNYmDZ72XnoSl,17,2620,bPOULE | Le Grand Dadet
00:08.64,8,BvPMezwTNVXGEHwNYmDZ72XnoSl,17,665,»Luffy
00:08.65,10,BvPMezwTNVXGEHwNYmDZ72XnoSl,17,120,мѕι mo
00:07.31,1,FdrW0dZPFsszEPs_WJppKRu5NYd,18,1687,dedushken?!
00:07.34,2,FdrW0dZPFsszEPs_WJppKRu5NYd,18,35,҂ғฟ๏〣ᄽDraggy.ᄿ
00:07.35,3,FdrW0dZPFsszEPs_WJppKRu5NYd,18,2873,웃laser웃
00:07.37,4,FdrW0dZPFsszEPs_WJppKRu5NYd,18,77,hr from pinely
00:07.37,5,FdrW0dZPFsszEPs_WJppKRu5NYd,18,2468,_
00:07.40,6,FdrW0dZPFsszEPs_WJppKRu5NYd,18,4749,theoria
00:07.43,7,FdrW0dZPFsszEPs_WJppKRu5NYd,18,3704,redank
00:07.44,8,FdrW0dZPFsszEPs_WJppKRu5NYd,18,120,мѕι mo
00:07.44,9,FdrW0dZPFsszEPs_WJppKRu5NYd,18,8344,〔 ғεттίс 〕
00:07.45,10,FdrW0dZPFsszEPs_WJppKRu5NYd,18,957,〔 niati 〕
00:08.67,1,iVqMP7yDxaruTLkaG5Hm9r_UtQ9,19,1174,Нтм.Nad!
00:08.68,2,iVqMP7yDxaruTLkaG5Hm9r_UtQ9,19,542,ѕĸγ»МіǤ«ғฟ๏
00:08.68,3,iVqMP7yDxaruTLkaG5Hm9r_UtQ9,19,987,Law¬rowy
00:08.69,4,iVqMP7yDxaruTLkaG5Hm9r_UtQ9,19,35,҂ғฟ๏〣ᄽDraggy.ᄿ
00:08.69,5,iVqMP7yDxaruTLkaG5Hm9r_UtQ9,19,957,〔 niati 〕
00:08.69,6,iVqMP7yDxaruTLkaG5Hm9r_UtQ9,19,144,הѕс¬Ғеяяу | мр
00:08.69,7,iVqMP7yDxaruTLkaG5Hm9r_UtQ9,19,390,wikos2
00:08.71,8,iVqMP7yDxaruTLkaG5Hm9r_UtQ9,19,1345,ңя ױ νιॅρєχ.
00:08.71,9,iVqMP7yDxaruTLkaG5Hm9r_UtQ9,19,4183,ヅČƏβ/Ļӛ Ǧ工ĝăÑтĒ乌ҨǜҾSσĈίαL
00:08.72,10,iVqMP7yDxaruTLkaG5Hm9r_UtQ9,19,450,ImminentOmelet58
00:06.93,1,pepz5jlphv54zkQtlPVI4bT8ht8,20,542,ѕĸγ»МіǤ«ғฟ๏
00:02.76,3,CWRRVe5w__beKqr6rdOPceCS3Jl,1,4183,ヅČƏβ/Ļӛ Ǧ工ĝăÑтĒ乌ҨǜҾSσĈίαL
00:06.97,2,pepz5jlphv54zkQtlPVI4bT8ht8,20,4183,ヅČƏβ/Ļӛ Ǧ工ĝăÑтĒ乌ҨǜҾSσĈίαL
00:07.01,3,pepz5jlphv54zkQtlPVI4bT8ht8,20,1415,¬ѕя.ѕтैаҳ
00:07.05,4,pepz5jlphv54zkQtlPVI4bT8ht8,20,975,ѕκγ. flex
00:07.06,5,pepz5jlphv54zkQtlPVI4bT8ht8,20,433,Ŀĸя ¬ Buch
00:07.11,6,pepz5jlphv54zkQtlPVI4bT8ht8,20,57,i
00:07.11,7,pepz5jlphv54zkQtlPVI4bT8ht8,20,2549,Ісегॆॅ็
00:07.15,8,pepz5jlphv54zkQtlPVI4bT8ht8,20,761,ᄀT.Dire!
00:07.18,9,pepz5jlphv54zkQtlPVI4bT8ht8,20,1463,קคยא
00:07.20,10,pepz5jlphv54zkQtlPVI4bT8ht8,20,1780,メŠҝĬĹŁε〒
00:15.53,1,ecN7opVgiYew3yaDH3FVTa0nrR,21,542,ѕĸγ»МіǤ«ғฟ๏
00:15.68,2,ecN7opVgiYew3yaDH3FVTa0nrR,21,336,»ғฟ๏« Ŀιиκ.* Law
00:15.70,3,ecN7opVgiYew3yaDH3FVTa0nrR,21,975,ѕκγ. flex
00:15.90,4,ecN7opVgiYew3yaDH3FVTa0nrR,21,608,a
00:15.93,5,ecN7opVgiYew3yaDH3FVTa0nrR,21,4183,ヅČƏβ/Ļӛ Ǧ工ĝăÑтĒ乌ҨǜҾSσĈίαL
00:16.15,6,ecN7opVgiYew3yaDH3FVTa0nrR,21,3704,redank
00:16.30,7,ecN7opVgiYew3yaDH3FVTa0nrR,21,181,ғฟ๏.Logic'
00:16.31,8,ecN7opVgiYew3yaDH3FVTa0nrR,21,1295,Blessed.
00:16.32,9,ecN7opVgiYew3yaDH3FVTa0nrR,21,16,reden°ॆ८॒°ॅlevon
00:16.43,10,ecN7opVgiYew3yaDH3FVTa0nrR,21,450,ImminentOmelet58
00:20.26,1,JwisRHiOoiqadMd5oF9wVPaiY_d,22,4183,ヅČƏβ/Ļӛ Ǧ工ĝăÑтĒ乌ҨǜҾSσĈίαL
00:20.65,2,JwisRHiOoiqadMd5oF9wVPaiY_d,22,336,»ғฟ๏« Ŀιиκ.* Law
00:20.85,3,JwisRHiOoiqadMd5oF9wVPaiY_d,22,450,ImminentOmelet58
00:21.36,4,JwisRHiOoiqadMd5oF9wVPaiY_d,22,3955,Nem #jome
00:21.42,5,JwisRHiOoiqadMd5oF9wVPaiY_d,22,4354,「ιиғяα」
00:21.57,6,JwisRHiOoiqadMd5oF9wVPaiY_d,22,2011,ि७
00:21.77,7,JwisRHiOoiqadMd5oF9wVPaiY_d,22,542,ѕĸγ»МіǤ«ғฟ๏
00:22.09,8,JwisRHiOoiqadMd5oF9wVPaiY_d,22,4749,theoria
00:22.23,9,JwisRHiOoiqadMd5oF9wVPaiY_d,22,120,мѕι mo
00:22.36,10,JwisRHiOoiqadMd5oF9wVPaiY_d,22,1078,FALCON
00:09.71,1,ymjn3ePRwdoCMLLBF4NGz0NHB61,23,3704,redank
00:09.76,2,ymjn3ePRwdoCMLLBF4NGz0NHB61,23,542,ѕĸγ»МіǤ«ғฟ๏
00:09.79,3,ymjn3ePRwdoCMLLBF4NGz0NHB61,23,943,ehkla.
00:09.79,4,ymjn3ePRwdoCMLLBF4NGz0NHB61,23,4183,ヅČƏβ/Ļӛ Ǧ工ĝăÑтĒ乌ҨǜҾSσĈίαL
00:09.80,5,ymjn3ePRwdoCMLLBF4NGz0NHB61,23,5274,VictorPro123
00:09.81,6,ymjn3ePRwdoCMLLBF4NGz0NHB61,23,450,ImminentOmelet58
00:09.85,7,ymjn3ePRwdoCMLLBF4NGz0NHB61,23,4354,「ιиғяα」
00:09.86,8,ymjn3ePRwdoCMLLBF4NGz0NHB61,23,1174,Нтм.Nad!
00:09.89,9,ymjn3ePRwdoCMLLBF4NGz0NHB61,23,6760,Lucin
00:09.90,10,ymjn3ePRwdoCMLLBF4NGz0NHB61,23,957,〔 niati 〕
00:13.31,1,DiidVP0PYmi342Pvz3BCxqxKHlc,24,1174,Нтм.Nad!
00:13.36,2,DiidVP0PYmi342Pvz3BCxqxKHlc,24,4183,ヅČƏβ/Ļӛ Ǧ工ĝăÑтĒ乌ҨǜҾSσĈίαL
00:13.75,3,DiidVP0PYmi342Pvz3BCxqxKHlc,24,542,ѕĸγ»МіǤ«ғฟ๏
00:13.95,4,DiidVP0PYmi342Pvz3BCxqxKHlc,24,3955,Nem #jome
00:13.96,5,DiidVP0PYmi342Pvz3BCxqxKHlc,24,975,ѕκγ. flex
00:14.11,6,DiidVP0PYmi342Pvz3BCxqxKHlc,24,7517,Bor
00:14.16,7,DiidVP0PYmi342Pvz3BCxqxKHlc,24,4082,iiHugo « т³
00:14.40,8,DiidVP0PYmi342Pvz3BCxqxKHlc,24,2904,NoPro»Skyer03
00:14.53,9,DiidVP0PYmi342Pvz3BCxqxKHlc,24,3704,redank
00:14.55,10,DiidVP0PYmi342Pvz3BCxqxKHlc,24,2029,ѕהνぬѕресטねНтм
00:17.19,1,ynD6GRQMb64Ak3wkQC0EnQsP2Kh,25,777,Jere
00:17.47,2,ynD6GRQMb64Ak3wkQC0EnQsP2Kh,25,5274,VictorPro123
00:17.54,3,ynD6GRQMb64Ak3wkQC0EnQsP2Kh,25,863,ηЬ » Gyrule_ « т³
00:17.96,4,ynD6GRQMb64Ak3wkQC0EnQsP2Kh,25,957,〔 niati 〕
00:18.22,5,ynD6GRQMb64Ak3wkQC0EnQsP2Kh,25,120,мѕι mo
00:18.36,6,ynD6GRQMb64Ak3wkQC0EnQsP2Kh,25,1977," ғฟ๏, LeG | Plast"
00:18.45,7,ynD6GRQMb64Ak3wkQC0EnQsP2Kh,25,542,ѕĸγ»МіǤ«ғฟ๏
00:18.62,8,ynD6GRQMb64Ak3wkQC0EnQsP2Kh,25,4183,ヅČƏβ/Ļӛ Ǧ工ĝăÑтĒ乌ҨǜҾSσĈίαL
00:18.72,9,ynD6GRQMb64Ak3wkQC0EnQsP2Kh,25,93,ғฟ๏〢alexx. infector
00:18.75,10,ynD6GRQMb64Ak3wkQC0EnQsP2Kh,25,31,ғฟ๏.ins
00:07.15,1,KFXR3RrJym3YvZFRGJN0PjDy7Nd,26,433,Ŀĸя ¬ Buch
00:07.15,2,KFXR3RrJym3YvZFRGJN0PjDy7Nd,26,5696,CCC〢Lzaps
00:07.15,3,KFXR3RrJym3YvZFRGJN0PjDy7Nd,26,3497,spacebeans
00:07.16,4,KFXR3RrJym3YvZFRGJN0PjDy7Nd,26,849,iklu
00:07.17,5,KFXR3RrJym3YvZFRGJN0PjDy7Nd,26,93,ғฟ๏〢alexx. infector
00:07.17,6,KFXR3RrJym3YvZFRGJN0PjDy7Nd,26,1361,Revan
00:07.17,7,KFXR3RrJym3YvZFRGJN0PjDy7Nd,26,7240,gilly
00:07.18,8,KFXR3RrJym3YvZFRGJN0PjDy7Nd,26,2894,michalo
00:07.18,9,KFXR3RrJym3YvZFRGJN0PjDy7Nd,26,1551,ML¬ I'm happy <3
00:07.18,10,KFXR3RrJym3YvZFRGJN0PjDy7Nd,26,9555,L®ם»Мeפג³ρѕ
00:09.62,1,4piNi1J36OIk0vEtC32Qa8ZRzvl,27,433,Ŀĸя ¬ Buch
00:09.63,2,4piNi1J36OIk0vEtC32Qa8ZRzvl,27,3501,ңя ױ Kustosz Λc
00:09.68,3,4piNi1J36OIk0vEtC32Qa8ZRzvl,27,436,helvete
00:09.69,4,4piNi1J36OIk0vEtC32Qa8ZRzvl,27,5752,zefi.
00:09.70,5,4piNi1J36OIk0vEtC32Qa8ZRzvl,27,542,ѕĸγ»МіǤ«ғฟ๏
00:09.72,6,4piNi1J36OIk0vEtC32Qa8ZRzvl,27,487,bPlayैērシmsi
00:09.73,7,4piNi1J36OIk0vEtC32Qa8ZRzvl,27,3128,яτх.Xera!
00:09.74,8,4piNi1J36OIk0vEtC32Qa8ZRzvl,27,1001,ЈŁ SÞlîŋt
00:09.75,9,4piNi1J36OIk0vEtC32Qa8ZRzvl,27,1920,24l๏r
00:09.75,10,4piNi1J36OIk0vEtC32Qa8ZRzvl,27,8322,~़Vוטה ๋:>
00:13.61,1,zcut9wixvRGG5t5WRGdgcXAcWdj,28,542,ѕĸγ»МіǤ«ғฟ๏
00:13.61,2,zcut9wixvRGG5t5WRGdgcXAcWdj,28,4183,ヅČƏβ/Ļӛ Ǧ工ĝăÑтĒ乌ҨǜҾSσĈίαL
00:13.95,3,zcut9wixvRGG5t5WRGdgcXAcWdj,28,336,»ғฟ๏« Ŀιиκ.* Law
00:14.04,4,zcut9wixvRGG5t5WRGdgcXAcWdj,28,849,iklu
00:14.23,5,zcut9wixvRGG5t5WRGdgcXAcWdj,28,975,ѕκγ. flex
00:14.57,6,zcut9wixvRGG5t5WRGdgcXAcWdj,28,5696,CCC〢Lzaps
00:14.58,7,zcut9wixvRGG5t5WRGdgcXAcWdj,28,88,hips | eX « t³
00:14.63,8,zcut9wixvRGG5t5WRGdgcXAcWdj,28,2747,Golden « т³
00:14.64,9,zcut9wixvRGG5t5WRGdgcXAcWdj,28,655,мѕι¬δαġ॓ġ॔.мםя
00:14.74,10,zcut9wixvRGG5t5WRGdgcXAcWdj,28,6673,ңя ױ adriaalv
00:14.40,1,HQmhibT6q0n45YYeOlyi9UH4Jk9,29,1677,Eddy!
00:14.48,2,HQmhibT6q0n45YYeOlyi9UH4Jk9,29,336,»ғฟ๏« Ŀιиκ.* Law
00:14.60,3,HQmhibT6q0n45YYeOlyi9UH4Jk9,29,4183,ヅČƏβ/Ļӛ Ǧ工ĝăÑтĒ乌ҨǜҾSσĈίαL
00:14.86,4,HQmhibT6q0n45YYeOlyi9UH4Jk9,29,3704,redank
00:14.90,5,HQmhibT6q0n45YYeOlyi9UH4Jk9,29,2206,Luukasa123
00:14.97,6,HQmhibT6q0n45YYeOlyi9UH4Jk9,29,745,my queen greta
00:14.99,7,HQmhibT6q0n45YYeOlyi9UH4Jk9,29,1798,byoš
00:15.03,8,HQmhibT6q0n45YYeOlyi9UH4Jk9,29,2011,ि७
00:15.28,9,HQmhibT6q0n45YYeOlyi9UH4Jk9,29,542,ѕĸγ»МіǤ«ғฟ๏
00:15.35,10,HQmhibT6q0n45YYeOlyi9UH4Jk9,29,1950,// fey « т³ //
00:13.30,1,azlfqyzYH4MQkqPqYj8j55lUnti,30,608,a
00:13.44,2,azlfqyzYH4MQkqPqYj8j55lUnti,30,4183,ヅČƏβ/Ļӛ Ǧ工ĝăÑтĒ乌ҨǜҾSσĈίαL
00:13.53,3,azlfqyzYH4MQkqPqYj8j55lUnti,30,957,〔 niati 〕
00:13.55,4,azlfqyzYH4MQkqPqYj8j55lUnti,30,336,»ғฟ๏« Ŀιиκ.* Law
00:13.96,5,azlfqyzYH4MQkqPqYj8j55lUnti,30,3474,๓ไ» βακεδ Δlαsκα « т³
00:14.01,6,azlfqyzYH4MQkqPqYj8j55lUnti,30,3985,ңя ױ cam
00:14.04,7,azlfqyzYH4MQkqPqYj8j55lUnti,30,1396,Lemon :) ᄓ boosт³
00:14.07,8,azlfqyzYH4MQkqPqYj8j55lUnti,30,655,мѕι¬δαġ॓ġ॔.мםя
00:14.12,9,azlfqyzYH4MQkqPqYj8j55lUnti,30,120,мѕι mo
00:14.19,10,azlfqyzYH4MQkqPqYj8j55lUnti,30,4108,babababababbababbaa
00:09.88,1,7jPHOQCglOETwysfFZIXQyyTzYi,31,542,ѕĸγ»МіǤ«ғฟ๏
00:09.91,2,7jPHOQCglOETwysfFZIXQyyTzYi,31,943,ehkla.
00:09.94,3,7jPHOQCglOETwysfFZIXQyyTzYi,31,5274,VictorPro123
00:10.01,4,7jPHOQCglOETwysfFZIXQyyTzYi,31,6035,.иѕғ҂Chrom :3
00:10.02,5,7jPHOQCglOETwysfFZIXQyyTzYi,31,1364,Tissa.
00:10.09,6,7jPHOQCglOETwysfFZIXQyyTzYi,31,8323,CarroT
00:10.10,7,7jPHOQCglOETwysfFZIXQyyTzYi,31,1798,byoš
00:10.12,8,7jPHOQCglOETwysfFZIXQyyTzYi,31,1324,reasᄓnn
00:10.12,9,7jPHOQCglOETwysfFZIXQyyTzYi,31,1535,rkgk
00:10.13,10,7jPHOQCglOETwysfFZIXQyyTzYi,31,5408,Σα¹²мακσ您
00:11.29,1,mBnE55BQknjdve5xrAzjwHOcC67,32,2873,웃laser웃
00:11.82,2,mBnE55BQknjdve5xrAzjwHOcC67,32,608,a
00:12.04,3,mBnE55BQknjdve5xrAzjwHOcC67,32,336,»ғฟ๏« Ŀιиκ.* Law
00:12.11,4,mBnE55BQknjdve5xrAzjwHOcC67,32,538,.
00:12.49,5,mBnE55BQknjdve5xrAzjwHOcC67,32,4183,ヅČƏβ/Ļӛ Ǧ工ĝăÑтĒ乌ҨǜҾSσĈίαL
00:12.52,6,mBnE55BQknjdve5xrAzjwHOcC67,32,975,ѕκγ. flex
00:12.59,7,mBnE55BQknjdve5xrAzjwHOcC67,32,487,bPlayैērシmsi
00:12.61,8,mBnE55BQknjdve5xrAzjwHOcC67,32,777,Jere
00:12.65,9,mBnE55BQknjdve5xrAzjwHOcC67,32,1797,ױρאωєя.т³
00:12.89,10,mBnE55BQknjdve5xrAzjwHOcC67,32,2011,ि७
00:13.15,1,_h1pTHurVKyEhp7kFiZwAoUF2Ya,33,1324,reasᄓnn
00:13.30,2,_h1pTHurVKyEhp7kFiZwAoUF2Ya,33,641,Luck-๏
00:13.34,3,_h1pTHurVKyEhp7kFiZwAoUF2Ya,33,542,ѕĸγ»МіǤ«ғฟ๏
00:13.35,4,_h1pTHurVKyEhp7kFiZwAoUF2Ya,33,120,мѕι mo
00:13.39,5,_h1pTHurVKyEhp7kFiZwAoUF2Ya,33,336,»ғฟ๏« Ŀιиκ.* Law
00:13.40,6,_h1pTHurVKyEhp7kFiZwAoUF2Ya,33,178,DWN.skandear
00:13.42,7,_h1pTHurVKyEhp7kFiZwAoUF2Ya,33,1329,STAMA
00:13.48,8,_h1pTHurVKyEhp7kFiZwAoUF2Ya,33,1977," ғฟ๏, LeG | Plast"
00:13.49,9,_h1pTHurVKyEhp7kFiZwAoUF2Ya,33,1644,ЈН ¬ bMagma « т³
00:13.50,10,_h1pTHurVKyEhp7kFiZwAoUF2Ya,33,450,ImminentOmelet58
00:18.17,1,fRTbc5NvJhUao05UhuAposyjnK3,34,1648,a zix
00:21.33,2,fRTbc5NvJhUao05UhuAposyjnK3,34,542,ѕĸγ»МіǤ«ғฟ๏
00:22.61,3,fRTbc5NvJhUao05UhuAposyjnK3,34,3165,ғяσैѕѕ
00:24.94,4,fRTbc5NvJhUao05UhuAposyjnK3,34,2484,Roa〆
00:27.00,5,fRTbc5NvJhUao05UhuAposyjnK3,34,1798,byoš
00:27.08,6,fRTbc5NvJhUao05UhuAposyjnK3,34,2146,alecks〢ᄂᄆᄂ« т³
00:27.94,7,fRTbc5NvJhUao05UhuAposyjnK3,34,336,»ғฟ๏« Ŀιиκ.* Law
00:28.16,8,fRTbc5NvJhUao05UhuAposyjnK3,34,552,Fmc
00:29.63,9,fRTbc5NvJhUao05UhuAposyjnK3,34,450,ImminentOmelet58
00:32.52,10,fRTbc5NvJhUao05UhuAposyjnK3,34,487,bPlayैērシmsi
00:09.05,1,AKf_HuB363R4HAwXYrEUn0cU92i,35,1974,Нтм Ď®丹ǥoNヅฟřћ*
00:09.09,2,AKf_HuB363R4HAwXYrEUn0cU92i,35,975,ѕκγ. flex
00:09.10,3,AKf_HuB363R4HAwXYrEUn0cU92i,35,1812,FIREFIGHTER
00:09.15,4,AKf_HuB363R4HAwXYrEUn0cU92i,35,3985,ңя ױ cam
00:09.18,5,AKf_HuB363R4HAwXYrEUn0cU92i,35,4183,ヅČƏβ/Ļӛ Ǧ工ĝăÑтĒ乌ҨǜҾSσĈίαL
00:09.19,6,AKf_HuB363R4HAwXYrEUn0cU92i,35,3165,ғяσैѕѕ
00:09.21,7,AKf_HuB363R4HAwXYrEUn0cU92i,35,1797,ױρאωєя.т³
00:09.21,8,AKf_HuB363R4HAwXYrEUn0cU92i,35,1798,byoš
00:09.22,9,AKf_HuB363R4HAwXYrEUn0cU92i,35,450,ImminentOmelet58
00:09.25,10,AKf_HuB363R4HAwXYrEUn0cU92i,35,120,мѕι mo
00:07.05,1,xyrnObCaWs1eW9vzYGJqn9PX1hg,36,1174,Нтм.Nad!
00:07.14,2,xyrnObCaWs1eW9vzYGJqn9PX1hg,36,5408,Σα¹²мακσ您
00:07.23,3,xyrnObCaWs1eW9vzYGJqn9PX1hg,36,3165,ғяσैѕѕ
00:07.25,4,xyrnObCaWs1eW9vzYGJqn9PX1hg,36,3474,๓ไ» βακεδ Δlαsκα « т³
00:07.26,5,xyrnObCaWs1eW9vzYGJqn9PX1hg,36,975,ѕκγ. flex
00:07.26,6,xyrnObCaWs1eW9vzYGJqn9PX1hg,36,943,ehkla.
00:07.26,7,xyrnObCaWs1eW9vzYGJqn9PX1hg,36,3219,๓ไƒ¡ll¡pp_
00:07.27,8,xyrnObCaWs1eW9vzYGJqn9PX1hg,36,1812,FIREFIGHTER
00:07.28,10,xyrnObCaWs1eW9vzYGJqn9PX1hg,36,5696,CCC〢Lzaps
00:17.35,1,wSqfHjnbPFDMX0JRAGEjvHrEyIe,37,2114,凹 faiby ?
00:17.37,2,wSqfHjnbPFDMX0JRAGEjvHrEyIe,37,436,helvete
00:17.39,3,wSqfHjnbPFDMX0JRAGEjvHrEyIe,37,1812,FIREFIGHTER
00:17.40,4,wSqfHjnbPFDMX0JRAGEjvHrEyIe,37,3955,Nem #jome
00:17.40,5,wSqfHjnbPFDMX0JRAGEjvHrEyIe,37,4183,ヅČƏβ/Ļӛ Ǧ工ĝăÑтĒ乌ҨǜҾSσĈίαL
00:17.46,6,wSqfHjnbPFDMX0JRAGEjvHrEyIe,37,1324,reasᄓnn
00:17.46,7,wSqfHjnbPFDMX0JRAGEjvHrEyIe,37,2206,Luukasa123
00:05.80,5,3CMwUdiAfd_ri2VdNVkUN05Uvkj,9,3839,รђค๔๏ฬ
00:17.46,8,wSqfHjnbPFDMX0JRAGEjvHrEyIe,37,542,ѕĸγ»МіǤ«ғฟ๏
00:17.47,9,wSqfHjnbPFDMX0JRAGEjvHrEyIe,37,120,мѕι mo
00:17.48,10,wSqfHjnbPFDMX0JRAGEjvHrEyIe,37,957,〔 niati 〕
00:12.71,1,2XFxwrzhmvHEV9AGyl8I88ztJt4,38,1762,ңяױ อטѕн wrh*
00:12.80,2,2XFxwrzhmvHEV9AGyl8I88ztJt4,38,2748,мѕι dzam мםя
00:12.83,3,2XFxwrzhmvHEV9AGyl8I88ztJt4,38,854,Ðrog
00:12.85,4,2XFxwrzhmvHEV9AGyl8I88ztJt4,38,8427,ңя ױ jarssoni
00:12.86,5,2XFxwrzhmvHEV9AGyl8I88ztJt4,38,450,ImminentOmelet58
00:12.96,6,2XFxwrzhmvHEV9AGyl8I88ztJt4,38,1797,ױρאωєя.т³
00:12.99,7,2XFxwrzhmvHEV9AGyl8I88ztJt4,38,3341,bazrzokh
00:13.06,8,2XFxwrzhmvHEV9AGyl8I88ztJt4,38,120,мѕι mo
00:13.08,9,2XFxwrzhmvHEV9AGyl8I88ztJt4,38,943,ehkla.
00:13.09,10,2XFxwrzhmvHEV9AGyl8I88ztJt4,38,580,τιחє
00:11.07,1,ZqS6aB34WSWhDJLcjCtHKx5u8p0,39,542,ѕĸγ»МіǤ«ғฟ๏
00:11.11,2,ZqS6aB34WSWhDJLcjCtHKx5u8p0,39,957,〔 niati 〕
00:11.12,3,ZqS6aB34WSWhDJLcjCtHKx5u8p0,39,6313,WATT Raptor
00:11.13,4,ZqS6aB34WSWhDJLcjCtHKx5u8p0,39,1324,reasᄓnn
00:11.15,5,ZqS6aB34WSWhDJLcjCtHKx5u8p0,39,959,UNITED STATES OF DONALDTRUMPERICA
00:11.15,6,ZqS6aB34WSWhDJLcjCtHKx5u8p0,39,3360,xosar
00:11.16,7,ZqS6aB34WSWhDJLcjCtHKx5u8p0,39,1812,FIREFIGHTER
00:11.16,8,ZqS6aB34WSWhDJLcjCtHKx5u8p0,39,450,ImminentOmelet58
00:11.16,9,ZqS6aB34WSWhDJLcjCtHKx5u8p0,39,4354,「ιиғяα」
00:11.17,10,ZqS6aB34WSWhDJLcjCtHKx5u8p0,39,1033,Law¬Hydra.GF
00:06.60,1,NXfvQlaGonI437lLylO4SckMf7b,40,5408,Σα¹²мακσ您
00:06.60,2,NXfvQlaGonI437lLylO4SckMf7b,40,7517,Bor
00:06.63,3,NXfvQlaGonI437lLylO4SckMf7b,40,4183,ヅČƏβ/Ļӛ Ǧ工ĝăÑтĒ乌ҨǜҾSσĈίαL
00:06.65,4,NXfvQlaGonI437lLylO4SckMf7b,40,1797,ױρאωєя.т³
00:06.65,5,NXfvQlaGonI437lLylO4SckMf7b,40,2652,Wikky69
00:06.66,6,NXfvQlaGonI437lLylO4SckMf7b,40,542,ѕĸγ»МіǤ«ғฟ๏
00:06.73,7,NXfvQlaGonI437lLylO4SckMf7b,40,2206,Luukasa123
00:06.74,8,NXfvQlaGonI437lLylO4SckMf7b,40,667,ΞפैΘ» SEPHY
00:06.75,9,NXfvQlaGonI437lLylO4SckMf7b,40,2747,Golden « т³
00:06.75,10,NXfvQlaGonI437lLylO4SckMf7b,40,6950,αd_M0r ツ
00:06.88,1,XhN190yZ1v6EtpOELdw7BSYYZ0l,41,1556,mab
00:06.88,2,XhN190yZ1v6EtpOELdw7BSYYZ0l,41,8573,RedLucas.
00:06.89,3,XhN190yZ1v6EtpOELdw7BSYYZ0l,41,8037,akif713
00:06.89,4,XhN190yZ1v6EtpOELdw7BSYYZ0l,41,7497,destructor56**
00:06.90,5,XhN190yZ1v6EtpOELdw7BSYYZ0l,41,1439,corkscrew
00:06.90,6,XhN190yZ1v6EtpOELdw7BSYYZ0l,41,2506,Rubbie
00:06.90,7,XhN190yZ1v6EtpOELdw7BSYYZ0l,41,1025,arthy.
00:06.90,8,XhN190yZ1v6EtpOELdw7BSYYZ0l,41,5511,Hystr
00:06.90,9,XhN190yZ1v6EtpOELdw7BSYYZ0l,41,7349,HELM | でechツ
00:06.90,10,XhN190yZ1v6EtpOELdw7BSYYZ0l,41,5658,`ฬ๏§  mr bush
00:04.25,1,LuFqyEZHghYN0e6yGQSSIaQqlU3,42,1390,betta
00:04.25,2,LuFqyEZHghYN0e6yGQSSIaQqlU3,42,5329,мιкєηZe
00:04.25,3,LuFqyEZHghYN0e6yGQSSIaQqlU3,42,5408,Σα¹²мακσ您
00:04.25,4,LuFqyEZHghYN0e6yGQSSIaQqlU3,42,1556,mab
00:04.25,5,LuFqyEZHghYN0e6yGQSSIaQqlU3,42,1812,FIREFIGHTER
00:04.25,6,LuFqyEZHghYN0e6yGQSSIaQqlU3,42,1950,// fey « т³ //
00:04.25,7,LuFqyEZHghYN0e6yGQSSIaQqlU3,42,3501,ңя ױ Kustosz Λc
00:04.25,8,LuFqyEZHghYN0e6yGQSSIaQqlU3,42,2937,gimli35
00:04.25,9,LuFqyEZHghYN0e6yGQSSIaQqlU3,42,6628,Luxocs
00:04.25,10,LuFqyEZHghYN0e6yGQSSIaQqlU3,42,4183,ヅČƏβ/Ļӛ Ǧ工ĝăÑтĒ乌ҨǜҾSσĈίαL
00:06.63,1,iA3buAHo98UdM3BNveUa5FqCrfj,43,641,Luck-๏
00:06.64,2,iA3buAHo98UdM3BNveUa5FqCrfj,43,450,ImminentOmelet58
00:06.64,3,iA3buAHo98UdM3BNveUa5FqCrfj,43,3051,Casper
00:06.64,4,iA3buAHo98UdM3BNveUa5FqCrfj,43,542,ѕĸγ»МіǤ«ғฟ๏
00:06.64,5,iA3buAHo98UdM3BNveUa5FqCrfj,43,5650,SomeHobo
00:06.65,6,iA3buAHo98UdM3BNveUa5FqCrfj,43,487,bPlayैērシmsi
00:06.65,7,iA3buAHo98UdM3BNveUa5FqCrfj,43,1580,【W i l l ｚ ｉ ｎ】
00:06.65,8,iA3buAHo98UdM3BNveUa5FqCrfj,43,3162,horga
00:06.65,9,iA3buAHo98UdM3BNveUa5FqCrfj,43,3760,еяаメjewlians_96(real) ๓ไ
00:06.66,10,iA3buAHo98UdM3BNveUa5FqCrfj,43,31,ғฟ๏.ins
00:07.07,1,Hu2Q_AYwbp8v2GmdOoIB8onxhca,44,474,ฟoodniaқ
00:07.09,2,Hu2Q_AYwbp8v2GmdOoIB8onxhca,44,4114,bendover_99
00:07.10,3,Hu2Q_AYwbp8v2GmdOoIB8onxhca,44,545,«厶ア» Tormod
00:07.18,4,Hu2Q_AYwbp8v2GmdOoIB8onxhca,44,1797,ױρאωєя.т³
00:07.21,5,Hu2Q_AYwbp8v2GmdOoIB8onxhca,44,3165,ғяσैѕѕ
00:07.24,6,Hu2Q_AYwbp8v2GmdOoIB8onxhca,44,5696,CCC〢Lzaps
00:07.28,7,Hu2Q_AYwbp8v2GmdOoIB8onxhca,44,1,gargı
00:07.31,8,Hu2Q_AYwbp8v2GmdOoIB8onxhca,44,947,Kevinsunde
00:07.32,9,Hu2Q_AYwbp8v2GmdOoIB8onxhca,44,2675,olivermax
00:07.33,10,Hu2Q_AYwbp8v2GmdOoIB8onxhca,44,47,bladee
00:09.77,1,m4G825AJ7tVoe5jQK2TTz3bWXc7,45,4427,Kairoैs! « т³
00:09.88,2,m4G825AJ7tVoe5jQK2TTz3bWXc7,45,2549,Ісегॆॅ็
00:09.89,3,m4G825AJ7tVoe5jQK2TTz3bWXc7,45,144,הѕс¬Ғеяяу | мр
00:09.92,4,m4G825AJ7tVoe5jQK2TTz3bWXc7,45,2,ѕκγ | Nicklander #mot
00:09.94,5,m4G825AJ7tVoe5jQK2TTz3bWXc7,45,2873,웃laser웃
00:09.94,6,m4G825AJ7tVoe5jQK2TTz3bWXc7,45,2748,мѕι dzam мםя
00:09.94,7,m4G825AJ7tVoe5jQK2TTz3bWXc7,45,1011,old¹ 6  patroo
00:09.95,8,m4G825AJ7tVoe5jQK2TTz3bWXc7,45,282,¬  Šĸуяџŋŋ ッ «
00:10.01,9,m4G825AJ7tVoe5jQK2TTz3bWXc7,45,43,ѕκy²oumol_«_т³
00:10.02,10,m4G825AJ7tVoe5jQK2TTz3bWXc7,45,963,lane
00:05.49,1,f_JVGgN71MuQLCV8lvo0JURvnlc,46,8641,nieto_02
00:05.52,2,f_JVGgN71MuQLCV8lvo0JURvnlc,46,3474,๓ไ» βακεδ Δlαsκα « т³
00:05.53,3,f_JVGgN71MuQLCV8lvo0JURvnlc,46,282,¬  Šĸуяџŋŋ ッ «
00:05.55,4,f_JVGgN71MuQLCV8lvo0JURvnlc,46,542,ѕĸγ»МіǤ«ғฟ๏
00:05.56,5,f_JVGgN71MuQLCV8lvo0JURvnlc,46,1600,сав ¬ nellike
00:05.56,6,f_JVGgN71MuQLCV8lvo0JURvnlc,46,2904,NoPro»Skyer03
00:05.56,7,f_JVGgN71MuQLCV8lvo0JURvnlc,46,984,мѕι Sonix « т³ 
00:05.57,8,f_JVGgN71MuQLCV8lvo0JURvnlc,46,4183,ヅČƏβ/Ļӛ Ǧ工ĝăÑтĒ乌ҨǜҾSσĈίαL
00:05.58,9,f_JVGgN71MuQLCV8lvo0JURvnlc,46,450,ImminentOmelet58
00:05.58,10,f_JVGgN71MuQLCV8lvo0JURvnlc,46,975,ѕκγ. flex
00:07.18,1,dzabN3tA6CQnYDljavF4qCyZ9v6,47,943,ehkla.
00:07.18,2,dzabN3tA6CQnYDljavF4qCyZ9v6,47,542,ѕĸγ»МіǤ«ғฟ๏
00:07.19,3,dzabN3tA6CQnYDljavF4qCyZ9v6,47,2748,мѕι dzam мםя
00:07.19,4,dzabN3tA6CQnYDljavF4qCyZ9v6,47,7517,Bor
00:07.19,5,dzabN3tA6CQnYDljavF4qCyZ9v6,47,8322,~़Vוטה ๋:>
00:07.20,6,dzabN3tA6CQnYDljavF4qCyZ9v6,47,1532,ЈΛŦ《ѵא》
00:07.20,7,dzabN3tA6CQnYDljavF4qCyZ9v6,47,2114,凹 faiby ?
00:07.20,8,dzabN3tA6CQnYDljavF4qCyZ9v6,47,3501,ңя ױ Kustosz Λc
00:07.20,9,dzabN3tA6CQnYDljavF4qCyZ9v6,47,7565,June 〤 meow
00:07.21,10,dzabN3tA6CQnYDljavF4qCyZ9v6,47,450,ImminentOmelet58
00:09.24,1,WbqztX0Hd6VKkUC1Z2rMjnSLRyb,48,7399,ғяłĐǤ乇 Σ
00:09.33,2,WbqztX0Hd6VKkUC1Z2rMjnSLRyb,48,1878,Bambon
00:09.33,3,WbqztX0Hd6VKkUC1Z2rMjnSLRyb,48,3406,ᅢᄇᄉᄀᄔᆢ
00:09.34,4,WbqztX0Hd6VKkUC1Z2rMjnSLRyb,48,1324,reasᄓnn
00:09.35,5,WbqztX0Hd6VKkUC1Z2rMjnSLRyb,48,542,ѕĸγ»МіǤ«ғฟ๏
00:09.35,6,WbqztX0Hd6VKkUC1Z2rMjnSLRyb,48,2128,/passi
00:09.36,7,WbqztX0Hd6VKkUC1Z2rMjnSLRyb,48,1539,Parkourowie©©
00:09.37,8,WbqztX0Hd6VKkUC1Z2rMjnSLRyb,48,336,»ғฟ๏« Ŀιиκ.* Law
00:09.37,9,WbqztX0Hd6VKkUC1Z2rMjnSLRyb,48,1174,Нтм.Nad!
00:09.37,10,WbqztX0Hd6VKkUC1Z2rMjnSLRyb,48,4183,ヅČƏβ/Ļӛ Ǧ工ĝăÑтĒ乌ҨǜҾSσĈίαL
00:09.84,1,qPU1JCG2vjRwRqQzQR7AvBS9I0l,49,542,ѕĸγ»МіǤ«ғฟ๏
00:09.87,2,qPU1JCG2vjRwRqQzQR7AvBS9I0l,49,450,ImminentOmelet58
00:09.89,3,qPU1JCG2vjRwRqQzQR7AvBS9I0l,49,4183,ヅČƏβ/Ļӛ Ǧ工ĝăÑтĒ乌ҨǜҾSσĈίαL
00:09.96,4,qPU1JCG2vjRwRqQzQR7AvBS9I0l,49,3165,ғяσैѕѕ
00:09.97,5,qPU1JCG2vjRwRqQzQR7AvBS9I0l,49,43,ѕκy²oumol_«_т³
00:10.18,6,qPU1JCG2vjRwRqQzQR7AvBS9I0l,49,336,»ғฟ๏« Ŀιиκ.* Law
00:10.19,7,qPU1JCG2vjRwRqQzQR7AvBS9I0l,49,3955,Nem #jome
00:10.20,8,qPU1JCG2vjRwRqQzQR7AvBS9I0l,49,2867,aryorha
00:10.21,9,qPU1JCG2vjRwRqQzQR7AvBS9I0l,49,527,CamoBrie « т³
00:10.23,10,qPU1JCG2vjRwRqQzQR7AvBS9I0l,49,2233,ayhon
00:14.45,1,FQ1tjIvqVToML5U_U91g2trvrhi,50,4183,ヅČƏβ/Ļӛ Ǧ工ĝăÑтĒ乌ҨǜҾSσĈίαL
00:14.47,2,FQ1tjIvqVToML5U_U91g2trvrhi,50,542,ѕĸγ»МіǤ«ғฟ๏
00:14.63,3,FQ1tjIvqVToML5U_U91g2trvrhi,50,975,ѕκγ. flex
00:14.70,4,FQ1tjIvqVToML5U_U91g2trvrhi,50,2011,ि७
00:14.74,5,FQ1tjIvqVToML5U_U91g2trvrhi,50,1006,tnt.passi
00:14.84,6,FQ1tjIvqVToML5U_U91g2trvrhi,50,2448,nonick
00:14.86,7,FQ1tjIvqVToML5U_U91g2trvrhi,50,2206,Luukasa123
00:14.86,8,FQ1tjIvqVToML5U_U91g2trvrhi,50,2098,ραяツ
00:14.91,9,FQ1tjIvqVToML5U_U91g2trvrhi,50,7494,racehans.STIHL<3
00:14.95,10,FQ1tjIvqVToML5U_U91g2trvrhi,50,122,oddich( ͡° ͜ʖ ͡°)
00:11.73,1,003tpZKAQwleFpBecroVrANBEHg,51,4354,「ιиғяα」
00:12.10,2,003tpZKAQwleFpBecroVrANBEHg,51,608,a
00:12.41,3,003tpZKAQwleFpBecroVrANBEHg,51,77,hr from pinely
00:12.42,4,003tpZKAQwleFpBecroVrANBEHg,51,542,ѕĸγ»МіǤ«ғฟ๏
00:12.48,5,003tpZKAQwleFpBecroVrANBEHg,51,178,DWN.skandear
00:12.49,6,003tpZKAQwleFpBecroVrANBEHg,51,2146,alecks〢ᄂᄆᄂ« т³
00:12.50,7,003tpZKAQwleFpBecroVrANBEHg,51,5408,Σα¹²мακσ您
00:12.53,8,003tpZKAQwleFpBecroVrANBEHg,51,1727,buzzy.
00:12.53,9,003tpZKAQwleFpBecroVrANBEHg,51,6035,.иѕғ҂Chrom :3
00:12.57,10,003tpZKAQwleFpBecroVrANBEHg,51,120,мѕι mo
00:52.60,1,k57HfrNvVSuPYVcu61Rv4ZBIk3m,52,2904,NoPro»Skyer03
00:53.44,2,k57HfrNvVSuPYVcu61Rv4ZBIk3m,52,336,»ғฟ๏« Ŀιиκ.* Law
01:02.31,3,k57HfrNvVSuPYVcu61Rv4ZBIk3m,52,450,ImminentOmelet58
01:05.77,4,k57HfrNvVSuPYVcu61Rv4ZBIk3m,52,943,ehkla.
01:11.07,5,k57HfrNvVSuPYVcu61Rv4ZBIk3m,52,975,ѕκγ. flex
01:12.41,6,k57HfrNvVSuPYVcu61Rv4ZBIk3m,52,1727,buzzy.
01:26.76,7,k57HfrNvVSuPYVcu61Rv4ZBIk3m,52,3704,redank
01:35.87,8,k57HfrNvVSuPYVcu61Rv4ZBIk3m,52,312,Blacki
01:38.81,9,k57HfrNvVSuPYVcu61Rv4ZBIk3m,52,542,ѕĸγ»МіǤ«ғฟ๏
01:41.24,10,k57HfrNvVSuPYVcu61Rv4ZBIk3m,52,889,Ғαмоυѕ.Poufi॰сав
00:11.64,1,eFI5j34uqDtWB8dfHpq88npAgz7,53,542,ѕĸγ»МіǤ«ғฟ๏
00:11.78,2,eFI5j34uqDtWB8dfHpq88npAgz7,53,6080,яτх¬ŋρя.ЈΛŦ
00:11.79,3,eFI5j34uqDtWB8dfHpq88npAgz7,53,3165,ғяσैѕѕ
00:11.81,4,eFI5j34uqDtWB8dfHpq88npAgz7,53,3955,Nem #jome
00:11.82,5,eFI5j34uqDtWB8dfHpq88npAgz7,53,282,¬  Šĸуяџŋŋ ッ «
00:11.83,6,eFI5j34uqDtWB8dfHpq88npAgz7,53,336,»ғฟ๏« Ŀιиκ.* Law
00:11.83,7,eFI5j34uqDtWB8dfHpq88npAgz7,53,2873,웃laser웃
00:11.86,8,eFI5j34uqDtWB8dfHpq88npAgz7,53,2747,Golden « т³
00:11.86,9,eFI5j34uqDtWB8dfHpq88npAgz7,53,2206,Luukasa123
00:11.86,10,eFI5j34uqDtWB8dfHpq88npAgz7,53,5408,Σα¹²мακσ您
00:11.77,1,XEdW8cau_Wr8UR1YBa4KlLJAWti,54,3165,ғяσैѕѕ
00:11.92,2,XEdW8cau_Wr8UR1YBa4KlLJAWti,54,336,»ғฟ๏« Ŀιиκ.* Law
00:12.07,3,XEdW8cau_Wr8UR1YBa4KlLJAWti,54,8322,~़Vוטה ๋:>
00:12.18,4,XEdW8cau_Wr8UR1YBa4KlLJAWti,54,487,bPlayैērシmsi
00:12.21,5,XEdW8cau_Wr8UR1YBa4KlLJAWti,54,1320,мѕι UrangWu-tang
00:12.22,6,XEdW8cau_Wr8UR1YBa4KlLJAWti,54,149,Marmerladi
00:12.24,7,XEdW8cau_Wr8UR1YBa4KlLJAWti,54,43,ѕκy²oumol_«_т³
00:12.24,8,XEdW8cau_Wr8UR1YBa4KlLJAWti,54,4364,сав〢b4t￠aѵe <3
00:12.26,9,XEdW8cau_Wr8UR1YBa4KlLJAWti,54,2904,NoPro»Skyer03
00:12.26,10,XEdW8cau_Wr8UR1YBa4KlLJAWti,54,4354,「ιиғяα」
00:09.02,1,5G9_hepCbUPggJppz7rYKflsH0n,55,4183,ヅČƏβ/Ļӛ Ǧ工ĝăÑтĒ乌ҨǜҾSσĈίαL
00:09.03,2,5G9_hepCbUPggJppz7rYKflsH0n,55,3165,ғяσैѕѕ
00:09.07,3,5G9_hepCbUPggJppz7rYKflsH0n,55,5408,Σα¹²мακσ您
00:09.15,4,5G9_hepCbUPggJppz7rYKflsH0n,55,120,мѕι mo
00:09.15,5,5G9_hepCbUPggJppz7rYKflsH0n,55,2011,ि७
00:09.17,6,5G9_hepCbUPggJppz7rYKflsH0n,55,2873,웃laser웃
00:09.17,7,5G9_hepCbUPggJppz7rYKflsH0n,55,542,ѕĸγ»МіǤ«ғฟ๏
00:09.18,8,5G9_hepCbUPggJppz7rYKflsH0n,55,31,ғฟ๏.ins
00:09.19,9,5G9_hepCbUPggJppz7rYKflsH0n,55,336,»ғฟ๏« Ŀιиκ.* Law
00:09.19,10,5G9_hepCbUPggJppz7rYKflsH0n,55,3704,redank
00:12.23,1,obw3cnR7wNKt2lSu6Hg7QbYFD73,56,9447,Ti_Plant
00:13.06,2,obw3cnR7wNKt2lSu6Hg7QbYFD73,56,1798,byoš
00:14.41,3,obw3cnR7wNKt2lSu6Hg7QbYFD73,56,6757,whats_kraken
00:14.71,4,obw3cnR7wNKt2lSu6Hg7QbYFD73,56,7517,Bor
00:15.04,5,obw3cnR7wNKt2lSu6Hg7QbYFD73,56,889,Ғαмоυѕ.Poufi॰сав
00:15.23,6,obw3cnR7wNKt2lSu6Hg7QbYFD73,56,1812,FIREFIGHTER
00:15.34,7,obw3cnR7wNKt2lSu6Hg7QbYFD73,56,2243,sauucey
00:15.69,8,obw3cnR7wNKt2lSu6Hg7QbYFD73,56,57,i
00:15.69,9,obw3cnR7wNKt2lSu6Hg7QbYFD73,56,1635,Нтм. HYDROLOG
00:15.70,10,obw3cnR7wNKt2lSu6Hg7QbYFD73,56,1719,λмק ױ мιхеяу.
00:07.62,1,8WUqHONwxpj1BClJq6Fkmf4FFa4,57,336,»ғฟ๏« Ŀιиκ.* Law
00:07.62,2,8WUqHONwxpj1BClJq6Fkmf4FFa4,57,4183,ヅČƏβ/Ļӛ Ǧ工ĝăÑтĒ乌ҨǜҾSσĈίαL
00:07.63,3,8WUqHONwxpj1BClJq6Fkmf4FFa4,57,943,ehkla.
00:07.63,4,8WUqHONwxpj1BClJq6Fkmf4FFa4,57,2206,Luukasa123
00:07.63,5,8WUqHONwxpj1BClJq6Fkmf4FFa4,57,3955,Nem #jome
00:07.63,6,8WUqHONwxpj1BClJq6Fkmf4FFa4,57,542,ѕĸγ»МіǤ«ғฟ๏
00:07.63,7,8WUqHONwxpj1BClJq6Fkmf4FFa4,57,2146,alecks〢ᄂᄆᄂ« т³
00:07.63,8,8WUqHONwxpj1BClJq6Fkmf4FFa4,57,1013,Louffy.
00:07.63,9,8WUqHONwxpj1BClJq6Fkmf4FFa4,57,3092,hev
00:07.63,10,8WUqHONwxpj1BClJq6Fkmf4FFa4,57,6760,Lucin
00:07.95,1,qKfCYsrxgaH7lOWl0Pn0Gnp9pXm,58,3955,Nem #jome
00:08.27,2,qKfCYsrxgaH7lOWl0Pn0Gnp9pXm,58,3704,redank
00:08.37,3,qKfCYsrxgaH7lOWl0Pn0Gnp9pXm,58,608,a
00:08.86,4,qKfCYsrxgaH7lOWl0Pn0Gnp9pXm,58,1324,reasᄓnn
00:08.99,5,qKfCYsrxgaH7lOWl0Pn0Gnp9pXm,58,1600,сав ¬ nellike
00:09.09,6,qKfCYsrxgaH7lOWl0Pn0Gnp9pXm,58,1390,betta
00:09.34,7,qKfCYsrxgaH7lOWl0Pn0Gnp9pXm,58,336,»ғฟ๏« Ŀιиκ.* Law
00:09.44,8,qKfCYsrxgaH7lOWl0Pn0Gnp9pXm,58,1042,×saiphyy×
00:09.45,9,qKfCYsrxgaH7lOWl0Pn0Gnp9pXm,58,542,ѕĸγ»МіǤ«ғฟ๏
00:09.78,10,qKfCYsrxgaH7lOWl0Pn0Gnp9pXm,58,2826,KŘOĄTĘ¬Thicc〢ѕІоώ»ЈŁ
00:10.79,1,e9eCWNhgS7yJivtoCjgRbDqarB8,59,542,ѕĸγ»МіǤ«ғฟ๏
00:10.91,2,e9eCWNhgS7yJivtoCjgRbDqarB8,59,1390,betta
00:10.94,3,e9eCWNhgS7yJivtoCjgRbDqarB8,59,3955,Nem #jome
00:11.02,4,e9eCWNhgS7yJivtoCjgRbDqarB8,59,975,ѕκγ. flex
00:11.04,5,e9eCWNhgS7yJivtoCjgRbDqarB8,59,742,॰сав l| Storm!
00:11.07,6,e9eCWNhgS7yJivtoCjgRbDqarB8,59,957,〔 niati 〕
00:11.08,7,e9eCWNhgS7yJivtoCjgRbDqarB8,59,3704,redank
00:11.30,8,e9eCWNhgS7yJivtoCjgRbDqarB8,59,943,ehkla.
00:11.31,9,e9eCWNhgS7yJivtoCjgRbDqarB8,59,45,сав tekky.
00:11.34,10,e9eCWNhgS7yJivtoCjgRbDqarB8,59,4183,ヅČƏβ/Ļӛ Ǧ工ĝăÑтĒ乌ҨǜҾSσĈίαL
00:08.74,1,ksdTZ_BvtkMDHVpIcBa7MSQd5e6,60,3219,๓ไƒ¡ll¡pp_
00:08.78,2,ksdTZ_BvtkMDHVpIcBa7MSQd5e6,60,5408,Σα¹²мακσ您
00:08.79,3,ksdTZ_BvtkMDHVpIcBa7MSQd5e6,60,2206,Luukasa123
00:08.79,4,ksdTZ_BvtkMDHVpIcBa7MSQd5e6,60,3165,ғяσैѕѕ
00:08.88,5,ksdTZ_BvtkMDHVpIcBa7MSQd5e6,60,6149,imgooder « т³
00:08.89,6,ksdTZ_BvtkMDHVpIcBa7MSQd5e6,60,450,ImminentOmelet58
00:08.89,7,ksdTZ_BvtkMDHVpIcBa7MSQd5e6,60,542,ѕĸγ»МіǤ«ғฟ๏
00:08.90,8,ksdTZ_BvtkMDHVpIcBa7MSQd5e6,60,777,Jere
00:08.95,9,ksdTZ_BvtkMDHVpIcBa7MSQd5e6,60,2114,凹 faiby ?
00:08.96,10,ksdTZ_BvtkMDHVpIcBa7MSQd5e6,60,957,〔 niati 〕
00:09.52,1,2Kx0qvm5E2UWBCOMlVTveTXuEai,61,4354,「ιиғяα」
00:09.53,2,2Kx0qvm5E2UWBCOMlVTveTXuEai,61,943,ehkla.
00:09.53,3,2Kx0qvm5E2UWBCOMlVTveTXuEai,61,777,Jere
00:09.53,4,2Kx0qvm5E2UWBCOMlVTveTXuEai,61,4183,ヅČƏβ/Ļӛ Ǧ工ĝăÑтĒ乌ҨǜҾSσĈίαL
00:09.54,5,2Kx0qvm5E2UWBCOMlVTveTXuEai,61,1977," ғฟ๏, LeG | Plast"
00:09.54,6,2Kx0qvm5E2UWBCOMlVTveTXuEai,61,5274,VictorPro123
00:09.54,7,2Kx0qvm5E2UWBCOMlVTveTXuEai,61,3955,Nem #jome
00:09.54,8,2Kx0qvm5E2UWBCOMlVTveTXuEai,61,4839,Law*Trick.шгн
00:09.55,9,2Kx0qvm5E2UWBCOMlVTveTXuEai,61,336,»ғฟ๏« Ŀιиκ.* Law
00:09.55,10,2Kx0qvm5E2UWBCOMlVTveTXuEai,61,502,ĊĦ»nemo
00:23.47,1,UcqU3dG_uE_v2MYdQMlSFTHEcm0,62,390,wikos2
00:24.52,2,UcqU3dG_uE_v2MYdQMlSFTHEcm0,62,436,helvete
00:24.71,3,UcqU3dG_uE_v2MYdQMlSFTHEcm0,62,959,UNITED STATES OF DONALDTRUMPERICA
00:26.47,4,UcqU3dG_uE_v2MYdQMlSFTHEcm0,62,2361,AzYmuthS « т³
00:26.52,5,UcqU3dG_uE_v2MYdQMlSFTHEcm0,62,300,Tres « т³
00:27.10,6,UcqU3dG_uE_v2MYdQMlSFTHEcm0,62,794,ĵบļェ凡иθ
00:27.12,7,UcqU3dG_uE_v2MYdQMlSFTHEcm0,62,1042,×saiphyy×
00:27.40,8,UcqU3dG_uE_v2MYdQMlSFTHEcm0,62,542,ѕĸγ»МіǤ«ғฟ๏
00:27.51,9,UcqU3dG_uE_v2MYdQMlSFTHEcm0,62,849,iklu
00:28.24,10,UcqU3dG_uE_v2MYdQMlSFTHEcm0,62,6673,ңя ױ adriaalv
00:08.73,1,NscCH9RabdVXRHnj_S2QC7Ij8fg,63,5408,Σα¹²мακσ您
00:08.92,2,NscCH9RabdVXRHnj_S2QC7Ij8fg,63,3474,๓ไ» βακεδ Δlαsκα « т³
00:08.99,3,NscCH9RabdVXRHnj_S2QC7Ij8fg,63,1812,FIREFIGHTER
00:09.08,4,NscCH9RabdVXRHnj_S2QC7Ij8fg,63,3341,bazrzokh
00:09.09,5,NscCH9RabdVXRHnj_S2QC7Ij8fg,63,3955,Nem #jome
00:09.30,6,NscCH9RabdVXRHnj_S2QC7Ij8fg,63,3704,redank
00:09.30,7,NscCH9RabdVXRHnj_S2QC7Ij8fg,63,3760,еяаメjewlians_96(real) ๓ไ
00:09.34,8,NscCH9RabdVXRHnj_S2QC7Ij8fg,63,3909,lappen
00:09.36,9,NscCH9RabdVXRHnj_S2QC7Ij8fg,63,3223,ŢȨҒᄽsyrx4ᄿ
00:09.37,10,NscCH9RabdVXRHnj_S2QC7Ij8fg,63,4183,ヅČƏβ/Ļӛ Ǧ工ĝăÑтĒ乌ҨǜҾSσĈίαL
00:05.68,1,mAihuUAEkcaSNxGdmrZWdOteio3,64,3704,redank
00:05.72,2,mAihuUAEkcaSNxGdmrZWdOteio3,64,975,ѕκγ. flex
00:05.73,3,mAihuUAEkcaSNxGdmrZWdOteio3,64,608,a
00:05.97,4,mAihuUAEkcaSNxGdmrZWdOteio3,64,2243,sauucey
00:06.07,5,mAihuUAEkcaSNxGdmrZWdOteio3,64,43,ѕκy²oumol_«_т³
00:06.17,6,mAihuUAEkcaSNxGdmrZWdOteio3,64,1030,pietrak.
00:06.21,7,mAihuUAEkcaSNxGdmrZWdOteio3,64,3261,mcN'
00:06.75,8,mAihuUAEkcaSNxGdmrZWdOteio3,64,2029,ѕהνぬѕресטねНтм
00:06.91,9,mAihuUAEkcaSNxGdmrZWdOteio3,64,1066,הѕс¬ Ѕιмșои
00:06.98,10,mAihuUAEkcaSNxGdmrZWdOteio3,64,282,¬  Šĸуяџŋŋ ッ «
00:08.15,1,feEMxILjJSzc6VhVuUO5Mbh37f5,65,120,мѕι mo
00:08.25,2,feEMxILjJSzc6VhVuUO5Mbh37f5,65,542,ѕĸγ»МіǤ«ғฟ๏
00:08.29,3,feEMxILjJSzc6VhVuUO5Mbh37f5,65,8682,alluᆢ<3
00:08.32,4,feEMxILjJSzc6VhVuUO5Mbh37f5,65,3704,redank
00:08.37,5,feEMxILjJSzc6VhVuUO5Mbh37f5,65,1922,฿ŁĘѶ
00:08.41,6,feEMxILjJSzc6VhVuUO5Mbh37f5,65,5329,мιкєηZe
00:08.42,7,feEMxILjJSzc6VhVuUO5Mbh37f5,65,580,τιחє
00:08.45,8,feEMxILjJSzc6VhVuUO5Mbh37f5,65,1066,הѕс¬ Ѕιмșои
00:08.45,9,feEMxILjJSzc6VhVuUO5Mbh37f5,65,3760,еяаメjewlians_96(real) ๓ไ
00:08.47,10,feEMxILjJSzc6VhVuUO5Mbh37f5,65,57,i
00:09.32,1,6wlqS79gUJ_A4gGok5TmK1NGQDl,66,122,oddich( ͡° ͜ʖ ͡°)
00:09.36,2,6wlqS79gUJ_A4gGok5TmK1NGQDl,66,542,ѕĸγ»МіǤ«ғฟ๏
00:09.38,3,6wlqS79gUJ_A4gGok5TmK1NGQDl,66,336,»ғฟ๏« Ŀιиκ.* Law
00:09.39,4,6wlqS79gUJ_A4gGok5TmK1NGQDl,66,975,ѕκγ. flex
00:09.39,5,6wlqS79gUJ_A4gGok5TmK1NGQDl,66,4183,ヅČƏβ/Ļӛ Ǧ工ĝăÑтĒ乌ҨǜҾSσĈίαL
00:09.40,6,6wlqS79gUJ_A4gGok5TmK1NGQDl,66,159,LeG〢ςīмī
00:09.41,7,6wlqS79gUJ_A4gGok5TmK1NGQDl,66,608,a
00:09.41,8,6wlqS79gUJ_A4gGok5TmK1NGQDl,66,3955,Nem #jome
00:09.41,9,6wlqS79gUJ_A4gGok5TmK1NGQDl,66,1078,FALCON
00:09.41,10,6wlqS79gUJ_A4gGok5TmK1NGQDl,66,93,ғฟ๏〢alexx. infector
00:08.86,1,NyNtOLsk7h5fx3uAwlRY3zaMf19,67,975,ѕκγ. flex
00:08.97,2,NyNtOLsk7h5fx3uAwlRY3zaMf19,67,120,мѕι mo
00:09.07,3,NyNtOLsk7h5fx3uAwlRY3zaMf19,67,1977," ғฟ๏, LeG | Plast"
00:09.07,4,NyNtOLsk7h5fx3uAwlRY3zaMf19,67,542,ѕĸγ»МіǤ«ғฟ๏
00:09.10,5,NyNtOLsk7h5fx3uAwlRY3zaMf19,67,5696,CCC〢Lzaps
00:09.17,6,NyNtOLsk7h5fx3uAwlRY3zaMf19,67,4183,ヅČƏβ/Ļӛ Ǧ工ĝăÑтĒ乌ҨǜҾSσĈίαL
00:09.19,7,NyNtOLsk7h5fx3uAwlRY3zaMf19,67,336,»ғฟ๏« Ŀιиκ.* Law
00:09.26,8,NyNtOLsk7h5fx3uAwlRY3zaMf19,67,450,ImminentOmelet58
00:09.26,9,NyNtOLsk7h5fx3uAwlRY3zaMf19,67,1762,ңяױ อטѕн wrh*
00:09.26,10,NyNtOLsk7h5fx3uAwlRY3zaMf19,67,2149,ѕωα〤ĐЯΛǤ l|ЈŁ
00:18.59,1,puFjza6Yxwogj_YEWELeSjkxfO9,68,4183,ヅČƏβ/Ļӛ Ǧ工ĝăÑтĒ乌ҨǜҾSσĈίαL
00:19.06,2,puFjza6Yxwogj_YEWELeSjkxfO9,68,2011,ि७
00:19.32,3,puFjza6Yxwogj_YEWELeSjkxfO9,68,7144,hops
00:20.12,4,puFjza6Yxwogj_YEWELeSjkxfO9,68,494,kamel
00:20.74,5,puFjza6Yxwogj_YEWELeSjkxfO9,68,5274,VictorPro123
00:23.42,6,puFjza6Yxwogj_YEWELeSjkxfO9,68,542,ѕĸγ»МіǤ«ғฟ๏
00:24.52,7,puFjza6Yxwogj_YEWELeSjkxfO9,68,987,Law¬rowy
00:24.64,8,puFjza6Yxwogj_YEWELeSjkxfO9,68,3760,еяаメjewlians_96(real) ๓ไ
00:24.65,9,puFjza6Yxwogj_YEWELeSjkxfO9,68,1798,byoš
00:24.95,10,puFjza6Yxwogj_YEWELeSjkxfO9,68,1396,Lemon :) ᄓ boosт³
00:09.44,1,40fJ7WQPRRgcsmUN6uDZ54uKfPb,69,1324,reasᄓnn
00:09.47,2,40fJ7WQPRRgcsmUN6uDZ54uKfPb,69,2110,הg Dragster דнט'טм
00:09.51,3,40fJ7WQPRRgcsmUN6uDZ54uKfPb,69,1683,Eltev_X
00:09.52,4,40fJ7WQPRRgcsmUN6uDZ54uKfPb,69,267,иċ!〒〇〒〇
00:09.60,5,40fJ7WQPRRgcsmUN6uDZ54uKfPb,69,6207,мэפаснолк
00:09.65,6,40fJ7WQPRRgcsmUN6uDZ54uKfPb,69,686,〩Sε๓¡Ґや
00:09.67,7,40fJ7WQPRRgcsmUN6uDZ54uKfPb,69,390,wikos2
00:09.70,8,40fJ7WQPRRgcsmUN6uDZ54uKfPb,69,282,¬  Šĸуяџŋŋ ッ «
00:09.71,9,40fJ7WQPRRgcsmUN6uDZ54uKfPb,69,1727,buzzy.
00:09.72,10,40fJ7WQPRRgcsmUN6uDZ54uKfPb,69,1396,Lemon :) ᄓ boosт³
00:23.27,1,RivPUp9nFit8OIp2mFqoLLYsA2e,70,1038,װ єгση װ
00:23.71,2,RivPUp9nFit8OIp2mFqoLLYsA2e,70,450,ImminentOmelet58
00:24.35,3,RivPUp9nFit8OIp2mFqoLLYsA2e,70,3955,Nem #jome
00:24.41,4,RivPUp9nFit8OIp2mFqoLLYsA2e,70,943,ehkla.
00:24.44,5,RivPUp9nFit8OIp2mFqoLLYsA2e,70,1977," ғฟ๏, LeG | Plast"
00:24.70,6,RivPUp9nFit8OIp2mFqoLLYsA2e,70,4183,ヅČƏβ/Ļӛ Ǧ工ĝăÑтĒ乌ҨǜҾSσĈίαL
00:24.76,7,RivPUp9nFit8OIp2mFqoLLYsA2e,70,542,ѕĸγ»МіǤ«ғฟ๏
00:24.88,8,RivPUp9nFit8OIp2mFqoLLYsA2e,70,3165,ғяσैѕѕ
00:25.07,9,RivPUp9nFit8OIp2mFqoLLYsA2e,70,436,helvete
00:25.28,10,RivPUp9nFit8OIp2mFqoLLYsA2e,70,43,ѕκy²oumol_«_т³
00:07.83,1,EUUq0F0VOkdkvh6dcbfa325XI9b,71,336,»ғฟ๏« Ŀιиκ.* Law
00:07.87,2,EUUq0F0VOkdkvh6dcbfa325XI9b,71,101,Hèिést
00:07.90,3,EUUq0F0VOkdkvh6dcbfa325XI9b,71,1950,// fey « т³ //
00:07.92,4,EUUq0F0VOkdkvh6dcbfa325XI9b,71,2206,Luukasa123
00:07.93,5,EUUq0F0VOkdkvh6dcbfa325XI9b,71,52,הѕс ¬ kidcasi
00:08.00,6,EUUq0F0VOkdkvh6dcbfa325XI9b,71,384,ғฟ๏.g
00:08.01,7,EUUq0F0VOkdkvh6dcbfa325XI9b,71,552,Fmc
00:08.01,8,EUUq0F0VOkdkvh6dcbfa325XI9b,71,4183,ヅČƏβ/Ļӛ Ǧ工ĝăÑтĒ乌ҨǜҾSσĈίαL
00:08.03,9,EUUq0F0VOkdkvh6dcbfa325XI9b,71,1977," ғฟ๏, LeG | Plast"
00:08.06,10,EUUq0F0VOkdkvh6dcbfa325XI9b,71,181,ғฟ๏.Logic'
00:13.08,1,Z9SpeeYUP3VrsagWCONPINQSjh5,72,2904,NoPro»Skyer03
00:13.15,2,Z9SpeeYUP3VrsagWCONPINQSjh5,72,975,ѕκγ. flex
00:13.22,3,Z9SpeeYUP3VrsagWCONPINQSjh5,72,2206,Luukasa123
00:13.24,4,Z9SpeeYUP3VrsagWCONPINQSjh5,72,3985,ңя ױ cam
00:13.30,5,Z9SpeeYUP3VrsagWCONPINQSjh5,72,3474,๓ไ» βακεδ Δlαsκα « т³
00:13.33,6,Z9SpeeYUP3VrsagWCONPINQSjh5,72,2098,ραяツ
00:13.36,7,Z9SpeeYUP3VrsagWCONPINQSjh5,72,3165,ғяσैѕѕ
00:13.39,8,Z9SpeeYUP3VrsagWCONPINQSjh5,72,542,ѕĸγ»МіǤ«ғฟ๏
00:13.44,9,Z9SpeeYUP3VrsagWCONPINQSjh5,72,4183,ヅČƏβ/Ļӛ Ǧ工ĝăÑтĒ乌ҨǜҾSσĈίαL
00:13.44,10,Z9SpeeYUP3VrsagWCONPINQSjh5,72,4699,הѕс¬ Axell. Law
00:11.42,1,esDjLQntMFeIXak7FfhckQqlzVj,73,608,a
00:11.47,2,esDjLQntMFeIXak7FfhckQqlzVj,73,1950,// fey « т³ //
00:11.53,3,esDjLQntMFeIXak7FfhckQqlzVj,73,43,ѕκy²oumol_«_т³
00:11.53,4,esDjLQntMFeIXak7FfhckQqlzVj,73,542,ѕĸγ»МіǤ«ғฟ๏
00:11.59,5,esDjLQntMFeIXak7FfhckQqlzVj,73,7612,HELM |Supremeoreo121
00:11.61,6,esDjLQntMFeIXak7FfhckQqlzVj,73,2448,nonick
00:11.71,7,esDjLQntMFeIXak7FfhckQqlzVj,73,1324,reasᄓnn
00:11.73,8,esDjLQntMFeIXak7FfhckQqlzVj,73,552,Fmc
00:11.74,9,esDjLQntMFeIXak7FfhckQqlzVj,73,849,iklu
00:11.75,10,esDjLQntMFeIXak7FfhckQqlzVj,73,2167,LeG〢иιсκιе.
00:10.43,1,dvaEStf4aNHRtynYLUNnuqLo0Sl,74,4183,ヅČƏβ/Ļӛ Ǧ工ĝăÑтĒ乌ҨǜҾSσĈίαL
00:10.43,2,dvaEStf4aNHRtynYLUNnuqLo0Sl,74,542,ѕĸγ»МіǤ«ғฟ๏
00:10.43,3,dvaEStf4aNHRtynYLUNnuqLo0Sl,74,4839,Law*Trick.шгн
00:10.44,4,dvaEStf4aNHRtynYLUNnuqLo0Sl,74,282,¬  Šĸуяџŋŋ ッ «
00:10.44,5,dvaEStf4aNHRtynYLUNnuqLo0Sl,74,353,ғฟ๏.Drarker.Law
00:10.44,6,dvaEStf4aNHRtynYLUNnuqLo0Sl,74,336,»ғฟ๏« Ŀιиκ.* Law
00:10.44,7,dvaEStf4aNHRtynYLUNnuqLo0Sl,74,1174,Нтм.Nad!
00:10.45,8,dvaEStf4aNHRtynYLUNnuqLo0Sl,74,31,ғฟ๏.ins
00:10.45,9,dvaEStf4aNHRtynYLUNnuqLo0Sl,74,78,egde
00:10.45,10,dvaEStf4aNHRtynYLUNnuqLo0Sl,74,101,Hèिést
00:06.78,1,f3kNUpqCFOxaTd2qTnYfD6A0l6a,75,1324,reasᄓnn
00:06.78,2,f3kNUpqCFOxaTd2qTnYfD6A0l6a,75,2206,Luukasa123
00:06.80,3,f3kNUpqCFOxaTd2qTnYfD6A0l6a,75,2873,웃laser웃
00:06.82,4,f3kNUpqCFOxaTd2qTnYfD6A0l6a,75,943,ehkla.
00:06.83,5,f3kNUpqCFOxaTd2qTnYfD6A0l6a,75,3165,ғяσैѕѕ
00:06.83,6,f3kNUpqCFOxaTd2qTnYfD6A0l6a,75,6080,яτх¬ŋρя.ЈΛŦ
00:06.85,7,f3kNUpqCFOxaTd2qTnYfD6A0l6a,75,3704,redank
00:06.90,8,f3kNUpqCFOxaTd2qTnYfD6A0l6a,75,336,»ғฟ๏« Ŀιиκ.* Law
00:06.90,9,f3kNUpqCFOxaTd2qTnYfD6A0l6a,75,2228,Нтм»乌ᇀᆻᆻᇀᆫ°Łץםκ
00:06.90,10,f3kNUpqCFOxaTd2qTnYfD6A0l6a,75,542,ѕĸγ»МіǤ«ғฟ๏
00:05.07,1,dfwhnAkb1DgWlra4mgaTmJddKAk,76,1556,mab
00:05.12,2,dfwhnAkb1DgWlra4mgaTmJddKAk,76,2206,Luukasa123
00:05.16,3,dfwhnAkb1DgWlra4mgaTmJddKAk,76,2114,凹 faiby ?
00:05.16,4,dfwhnAkb1DgWlra4mgaTmJddKAk,76,542,ѕĸγ»МіǤ«ғฟ๏
00:05.18,5,dfwhnAkb1DgWlra4mgaTmJddKAk,76,450,ImminentOmelet58
00:05.18,6,dfwhnAkb1DgWlra4mgaTmJddKAk,76,1119,Meneme
00:05.18,7,dfwhnAkb1DgWlra4mgaTmJddKAk,76,4749,theoria
00:05.20,8,dfwhnAkb1DgWlra4mgaTmJddKAk,76,800,»Ятλ«wally²
00:05.21,9,dfwhnAkb1DgWlra4mgaTmJddKAk,76,7517,Bor
00:05.22,10,dfwhnAkb1DgWlra4mgaTmJddKAk,76,943,ehkla.
00:05.34,1,dUYcrBbbpG7498MYrnH44AJ4kkl,77,800,»Ятλ«wally²
00:05.36,2,dUYcrBbbpG7498MYrnH44AJ4kkl,77,336,»ғฟ๏« Ŀιиκ.* Law
00:05.36,3,dUYcrBbbpG7498MYrnH44AJ4kkl,77,4354,「ιиғяα」
00:05.36,4,dUYcrBbbpG7498MYrnH44AJ4kkl,77,3544,яτх.Franxua!
00:05.37,5,dUYcrBbbpG7498MYrnH44AJ4kkl,77,5408,Σα¹²мακσ您
00:05.37,6,dUYcrBbbpG7498MYrnH44AJ4kkl,77,4183,ヅČƏβ/Ļӛ Ǧ工ĝăÑтĒ乌ҨǜҾSσĈίαL
00:05.38,7,dUYcrBbbpG7498MYrnH44AJ4kkl,77,5,nixion
00:05.38,8,dUYcrBbbpG7498MYrnH44AJ4kkl,77,608,a
00:05.38,9,dUYcrBbbpG7498MYrnH44AJ4kkl,77,975,ѕκγ. flex
00:05.38,10,dUYcrBbbpG7498MYrnH44AJ4kkl,77,943,ehkla.
00:13.51,1,ph3jcTUCT1H_lw15FNeQXSJA396,78,4183,ヅČƏβ/Ļӛ Ǧ工ĝăÑтĒ乌ҨǜҾSσĈίαL
00:13.55,2,ph3jcTUCT1H_lw15FNeQXSJA396,78,7517,Bor
00:13.61,3,ph3jcTUCT1H_lw15FNeQXSJA396,78,3704,redank
00:13.64,4,ph3jcTUCT1H_lw15FNeQXSJA396,78,1174,Нтм.Nad!
00:13.67,5,ph3jcTUCT1H_lw15FNeQXSJA396,78,823,Buuurd
00:13.69,6,ph3jcTUCT1H_lw15FNeQXSJA396,78,121,fwo |meh
00:13.70,7,ph3jcTUCT1H_lw15FNeQXSJA396,78,6613,HELM | ィox
00:13.71,8,ph3jcTUCT1H_lw15FNeQXSJA396,78,5463,pastagrows
00:13.71,9,ph3jcTUCT1H_lw15FNeQXSJA396,78,312,Blacki
00:13.72,10,ph3jcTUCT1H_lw15FNeQXSJA396,78,2514,shen
00:06.74,1,YuptGPfqgkXOYx6eMuYzPBa2i67,79,5408,Σα¹²мακσ您
00:06.75,2,YuptGPfqgkXOYx6eMuYzPBa2i67,79,943,ehkla.
00:06.75,3,YuptGPfqgkXOYx6eMuYzPBa2i67,79,4183,ヅČƏβ/Ļӛ Ǧ工ĝăÑтĒ乌ҨǜҾSσĈίαL
00:06.78,4,YuptGPfqgkXOYx6eMuYzPBa2i67,79,1812,FIREFIGHTER
00:06.78,5,YuptGPfqgkXOYx6eMuYzPBa2i67,79,1042,×saiphyy×
00:06.78,6,YuptGPfqgkXOYx6eMuYzPBa2i67,79,2514,shen
00:06.78,7,YuptGPfqgkXOYx6eMuYzPBa2i67,79,8440,FREAKY mouse
00:06.78,8,YuptGPfqgkXOYx6eMuYzPBa2i67,79,8632,car driver
00:06.79,9,YuptGPfqgkXOYx6eMuYzPBa2i67,79,57,i
00:06.79,10,YuptGPfqgkXOYx6eMuYzPBa2i67,79,1659,ママ» maccron き
00:10.03,1,Cy8G3ASGP2U_Y7BadyWDXeIm4Wc,80,4208,deadshadow
00:10.10,2,Cy8G3ASGP2U_Y7BadyWDXeIm4Wc,80,1798,byoš
00:10.10,3,Cy8G3ASGP2U_Y7BadyWDXeIm4Wc,80,5274,VictorPro123
00:10.11,4,Cy8G3ASGP2U_Y7BadyWDXeIm4Wc,80,436,helvete
00:10.12,5,Cy8G3ASGP2U_Y7BadyWDXeIm4Wc,80,7517,Bor
00:10.13,6,Cy8G3ASGP2U_Y7BadyWDXeIm4Wc,80,57,i
00:10.13,7,Cy8G3ASGP2U_Y7BadyWDXeIm4Wc,80,336,»ғฟ๏« Ŀιиκ.* Law
00:10.13,8,Cy8G3ASGP2U_Y7BadyWDXeIm4Wc,80,1812,FIREFIGHTER
00:10.14,9,Cy8G3ASGP2U_Y7BadyWDXeIm4Wc,80,2873,웃laser웃
00:10.15,10,Cy8G3ASGP2U_Y7BadyWDXeIm4Wc,80,745,my queen greta
00:07.45,1,_yhA2YXLDCfFwk4Dfr4HFNW_R51,81,120,мѕι mo
00:07.51,2,_yhA2YXLDCfFwk4Dfr4HFNW_R51,81,450,ImminentOmelet58
00:07.54,3,_yhA2YXLDCfFwk4Dfr4HFNW_R51,81,2514,shen
00:07.58,4,_yhA2YXLDCfFwk4Dfr4HFNW_R51,81,5,nixion
00:07.58,5,_yhA2YXLDCfFwk4Dfr4HFNW_R51,81,2479,nut
00:07.63,6,_yhA2YXLDCfFwk4Dfr4HFNW_R51,81,542,ѕĸγ»МіǤ«ғฟ๏
00:07.63,7,_yhA2YXLDCfFwk4Dfr4HFNW_R51,81,1013,Louffy.
00:07.63,8,_yhA2YXLDCfFwk4Dfr4HFNW_R51,81,3985,ңя ױ cam
00:07.63,9,_yhA2YXLDCfFwk4Dfr4HFNW_R51,81,981,δэrΚrampuς 221/426
00:07.64,10,_yhA2YXLDCfFwk4Dfr4HFNW_R51,81,1390,betta
00:05.86,1,DF3cRt7QCNVlUfhZpGsyS3l_UEb,82,1009,hemmyo
00:05.87,2,DF3cRt7QCNVlUfhZpGsyS3l_UEb,82,4749,theoria
00:05.87,3,DF3cRt7QCNVlUfhZpGsyS3l_UEb,82,88,hips | eX « t³
00:05.88,4,DF3cRt7QCNVlUfhZpGsyS3l_UEb,82,835,Ŀĸя ¬Dvorky* ॢ
00:05.88,5,DF3cRt7QCNVlUfhZpGsyS3l_UEb,82,1539,Parkourowie©©
00:05.88,6,DF3cRt7QCNVlUfhZpGsyS3l_UEb,82,2504,ρσω«мя´ǥαω«т³
00:05.88,7,DF3cRt7QCNVlUfhZpGsyS3l_UEb,82,538,.
00:05.88,8,DF3cRt7QCNVlUfhZpGsyS3l_UEb,82,5329,мιкєηZe
00:05.89,9,DF3cRt7QCNVlUfhZpGsyS3l_UEb,82,487,bPlayैērシmsi
00:05.90,10,DF3cRt7QCNVlUfhZpGsyS3l_UEb,82,2747,Golden « т³
00:07.96,1,jnUFnsI1tcDi33ucmgSkdFH7vtf,83,1071,Wakkoe
00:08.03,2,jnUFnsI1tcDi33ucmgSkdFH7vtf,83,450,ImminentOmelet58
00:08.09,3,jnUFnsI1tcDi33ucmgSkdFH7vtf,83,2114,凹 faiby ?
00:08.16,4,jnUFnsI1tcDi33ucmgSkdFH7vtf,83,5506,ZΞpћЯ4モ
00:08.17,5,jnUFnsI1tcDi33ucmgSkdFH7vtf,83,2545, Hydrangea « Meow 
00:08.21,6,jnUFnsI1tcDi33ucmgSkdFH7vtf,83,487,bPlayैērシmsi
00:08.22,7,jnUFnsI1tcDi33ucmgSkdFH7vtf,83,2126,чя.rǤџntȩЯ_ ð
00:08.26,8,jnUFnsI1tcDi33ucmgSkdFH7vtf,83,43,ѕκy²oumol_«_т³
00:08.27,9,jnUFnsI1tcDi33ucmgSkdFH7vtf,83,542,ѕĸγ»МіǤ«ғฟ๏
00:08.27,10,jnUFnsI1tcDi33ucmgSkdFH7vtf,83,545,«厶ア» Tormod
00:04.91,1,Zu3qGQmeKsMvVeJl4BLyG4NL9Yh,84,35,҂ғฟ๏〣ᄽDraggy.ᄿ
00:04.93,2,Zu3qGQmeKsMvVeJl4BLyG4NL9Yh,84,1042,×saiphyy×
00:04.95,3,Zu3qGQmeKsMvVeJl4BLyG4NL9Yh,84,7331,mackannnnn
00:04.95,4,Zu3qGQmeKsMvVeJl4BLyG4NL9Yh,84,9429,posiҡ ¿
00:04.96,5,Zu3qGQmeKsMvVeJl4BLyG4NL9Yh,84,4547,werffiem
00:04.97,6,Zu3qGQmeKsMvVeJl4BLyG4NL9Yh,84,1950,// fey « т³ //
00:04.97,7,Zu3qGQmeKsMvVeJl4BLyG4NL9Yh,84,3704,redank
00:04.97,8,Zu3qGQmeKsMvVeJl4BLyG4NL9Yh,84,4183,ヅČƏβ/Ļӛ Ǧ工ĝăÑтĒ乌ҨǜҾSσĈίαL
00:04.98,9,Zu3qGQmeKsMvVeJl4BLyG4NL9Yh,84,542,ѕĸγ»МіǤ«ғฟ๏
00:04.98,10,Zu3qGQmeKsMvVeJl4BLyG4NL9Yh,84,2114,凹 faiby ?
00:07.56,1,LaYq3EbxPT_GN0Yfei6AVnEQyah,85,943,ehkla.
00:07.56,2,LaYq3EbxPT_GN0Yfei6AVnEQyah,85,2514,shen
00:07.63,3,LaYq3EbxPT_GN0Yfei6AVnEQyah,85,2375,ST0MPN
00:07.65,4,LaYq3EbxPT_GN0Yfei6AVnEQyah,85,2206,Luukasa123
00:07.67,5,LaYq3EbxPT_GN0Yfei6AVnEQyah,85,580,τιחє
00:07.70,6,LaYq3EbxPT_GN0Yfei6AVnEQyah,85,1977," ғฟ๏, LeG | Plast"
00:07.70,7,LaYq3EbxPT_GN0Yfei6AVnEQyah,85,450,ImminentOmelet58
00:07.70,8,LaYq3EbxPT_GN0Yfei6AVnEQyah,85,960,cptsalmon
00:07.72,9,LaYq3EbxPT_GN0Yfei6AVnEQyah,85,112,Ģąņĵą  bazo
00:07.73,10,LaYq3EbxPT_GN0Yfei6AVnEQyah,85,6035,.иѕғ҂Chrom :3
00:14.85,1,brkbYAoBiUNfQBJ9PmGadhogXd4,86,542,ѕĸγ»МіǤ«ғฟ๏
00:15.45,2,brkbYAoBiUNfQBJ9PmGadhogXd4,86,101,Hèिést
00:15.51,3,brkbYAoBiUNfQBJ9PmGadhogXd4,86,4354,「ιиғяα」
00:15.53,4,brkbYAoBiUNfQBJ9PmGadhogXd4,86,336,»ғฟ๏« Ŀιиκ.* Law
00:15.56,5,brkbYAoBiUNfQBJ9PmGadhogXd4,86,2506,Rubbie
00:15.57,6,brkbYAoBiUNfQBJ9PmGadhogXd4,86,8322,~़Vוטה ๋:>
00:15.71,7,brkbYAoBiUNfQBJ9PmGadhogXd4,86,450,ImminentOmelet58
00:15.74,8,brkbYAoBiUNfQBJ9PmGadhogXd4,86,745,my queen greta
00:15.76,9,brkbYAoBiUNfQBJ9PmGadhogXd4,86,4360,ν๑ท
00:15.77,10,brkbYAoBiUNfQBJ9PmGadhogXd4,86,120,мѕι mo
00:16.90,1,_P2uanAo9i9IHx0TjfkPBIcuiQi,87,3215,syz « т³
00:16.98,2,_P2uanAo9i9IHx0TjfkPBIcuiQi,87,1677,Eddy!
00:17.01,3,_P2uanAo9i9IHx0TjfkPBIcuiQi,87,542,ѕĸγ»МіǤ«ғฟ๏
00:17.21,4,_P2uanAo9i9IHx0TjfkPBIcuiQi,87,835,Ŀĸя ¬Dvorky* ॢ
00:17.55,5,_P2uanAo9i9IHx0TjfkPBIcuiQi,87,120,мѕι mo
00:17.55,6,_P2uanAo9i9IHx0TjfkPBIcuiQi,87,3704,redank
00:17.98,7,_P2uanAo9i9IHx0TjfkPBIcuiQi,87,18,ѕκγ | Ζοםωιи
00:18.32,8,_P2uanAo9i9IHx0TjfkPBIcuiQi,87,101,Hèिést
00:18.44,9,_P2uanAo9i9IHx0TjfkPBIcuiQi,87,1950,// fey « т³ //
00:18.53,10,_P2uanAo9i9IHx0TjfkPBIcuiQi,87,1047,ηG²¹ EЯic 〤
00:15.80,1,1xELvS3ubxjMRw4Cn9oGMFah8We,88,2514,shen
00:15.82,2,1xELvS3ubxjMRw4Cn9oGMFah8We,88,5346,SnakePhil
00:15.87,3,1xELvS3ubxjMRw4Cn9oGMFah8We,88,4183,ヅČƏβ/Ļӛ Ǧ工ĝăÑтĒ乌ҨǜҾSσĈίαL
00:15.94,4,1xELvS3ubxjMRw4Cn9oGMFah8We,88,120,мѕι mo
00:15.97,5,1xELvS3ubxjMRw4Cn9oGMFah8We,88,552,Fmc
00:16.02,6,1xELvS3ubxjMRw4Cn9oGMFah8We,88,494,kamel
00:16.13,8,1xELvS3ubxjMRw4Cn9oGMFah8We,88,300,Tres « т³
00:16.16,9,1xELvS3ubxjMRw4Cn9oGMFah8We,88,3704,redank
00:16.21,10,1xELvS3ubxjMRw4Cn9oGMFah8We,88,450,ImminentOmelet58
00:17.83,1,E0KxRZi53Wt287_VnWFT81x8r71,89,1878,Bambon
00:17.94,2,E0KxRZi53Wt287_VnWFT81x8r71,89,4354,「ιиғяα」
00:18.15,3,E0KxRZi53Wt287_VnWFT81x8r71,89,450,ImminentOmelet58
00:18.36,4,E0KxRZi53Wt287_VnWFT81x8r71,89,542,ѕĸγ»МіǤ«ғฟ๏
00:18.44,5,E0KxRZi53Wt287_VnWFT81x8r71,89,187,хеяох.
00:18.95,6,E0KxRZi53Wt287_VnWFT81x8r71,89,1589,ti
00:19.15,7,E0KxRZi53Wt287_VnWFT81x8r71,89,390,wikos2
00:19.25,8,E0KxRZi53Wt287_VnWFT81x8r71,89,1324,reasᄓnn
00:19.36,9,E0KxRZi53Wt287_VnWFT81x8r71,89,608,a
00:19.58,10,E0KxRZi53Wt287_VnWFT81x8r71,89,18,ѕκγ | Ζοםωιи
00:16.98,1,7LnqwWuuvqdxl_LEYSdyy5pDVc,90,336,»ғฟ๏« Ŀιиκ.* Law
00:22.85,2,7LnqwWuuvqdxl_LEYSdyy5pDVc,90,608,a
00:22.94,3,7LnqwWuuvqdxl_LEYSdyy5pDVc,90,450,ImminentOmelet58
00:24.20,4,7LnqwWuuvqdxl_LEYSdyy5pDVc,90,1042,×saiphyy×
00:25.00,5,7LnqwWuuvqdxl_LEYSdyy5pDVc,90,35,҂ғฟ๏〣ᄽDraggy.ᄿ
00:26.88,6,7LnqwWuuvqdxl_LEYSdyy5pDVc,90,390,wikos2
00:28.25,7,7LnqwWuuvqdxl_LEYSdyy5pDVc,90,1324,reasᄓnn
00:28.52,8,7LnqwWuuvqdxl_LEYSdyy5pDVc,90,3704,redank
00:28.82,9,7LnqwWuuvqdxl_LEYSdyy5pDVc,90,542,ѕĸγ»МіǤ«ғฟ๏
00:29.18,10,7LnqwWuuvqdxl_LEYSdyy5pDVc,90,4183,ヅČƏβ/Ļӛ Ǧ工ĝăÑтĒ乌ҨǜҾSσĈίαL
00:05.73,2,3CMwUdiAfd_ri2VdNVkUN05Uvkj,9,6694,LaRigueur
00:08.34,1,kGEn8i1dlUxDVqQYFgcgqMC5sL,91,608,a
00:08.38,2,kGEn8i1dlUxDVqQYFgcgqMC5sL,91,2206,Luukasa123
00:08.38,3,kGEn8i1dlUxDVqQYFgcgqMC5sL,91,2114,凹 faiby ?
00:08.41,4,kGEn8i1dlUxDVqQYFgcgqMC5sL,91,542,ѕĸγ»МіǤ«ғฟ๏
00:08.43,5,kGEn8i1dlUxDVqQYFgcgqMC5sL,91,777,Jere
00:08.50,6,kGEn8i1dlUxDVqQYFgcgqMC5sL,91,120,мѕι mo
00:08.50,7,kGEn8i1dlUxDVqQYFgcgqMC5sL,91,93,ғฟ๏〢alexx. infector
00:08.51,8,kGEn8i1dlUxDVqQYFgcgqMC5sL,91,3341,bazrzokh
00:08.52,9,kGEn8i1dlUxDVqQYFgcgqMC5sL,91,4183,ヅČƏβ/Ļӛ Ǧ工ĝăÑтĒ乌ҨǜҾSσĈίαL
00:08.53,10,kGEn8i1dlUxDVqQYFgcgqMC5sL,91,3704,redank
00:10.87,1,P5xga7az0E4BRbXzQ4WahYNbBR2,92,542,ѕĸγ»МіǤ«ғฟ๏
00:10.90,2,P5xga7az0E4BRbXzQ4WahYNbBR2,92,101,Hèिést
00:10.91,3,P5xga7az0E4BRbXzQ4WahYNbBR2,92,2206,Luukasa123
00:10.92,4,P5xga7az0E4BRbXzQ4WahYNbBR2,92,187,хеяох.
00:10.92,5,P5xga7az0E4BRbXzQ4WahYNbBR2,92,1174,Нтм.Nad!
00:10.95,6,P5xga7az0E4BRbXzQ4WahYNbBR2,92,4183,ヅČƏβ/Ļӛ Ǧ工ĝăÑтĒ乌ҨǜҾSσĈίαL
00:10.96,7,P5xga7az0E4BRbXzQ4WahYNbBR2,92,2904,NoPro»Skyer03
00:10.99,8,P5xga7az0E4BRbXzQ4WahYNbBR2,92,353,ғฟ๏.Drarker.Law
00:10.99,9,P5xga7az0E4BRbXzQ4WahYNbBR2,92,975,ѕκγ. flex
00:11.00,10,P5xga7az0E4BRbXzQ4WahYNbBR2,92,1798,byoš
00:03.84,1,Od1I7NYrBguy6XHcxVt9Mw699uj,93,101,Hèिést
00:03.84,2,Od1I7NYrBguy6XHcxVt9Mw699uj,93,187,хеяох.
00:03.84,3,Od1I7NYrBguy6XHcxVt9Mw699uj,93,336,»ғฟ๏« Ŀιиκ.* Law
00:03.84,4,Od1I7NYrBguy6XHcxVt9Mw699uj,93,542,ѕĸγ»МіǤ«ғฟ๏
00:03.84,5,Od1I7NYrBguy6XHcxVt9Mw699uj,93,4183,ヅČƏβ/Ļӛ Ǧ工ĝăÑтĒ乌ҨǜҾSσĈίαL
00:03.85,6,Od1I7NYrBguy6XHcxVt9Mw699uj,93,57,i
00:03.85,7,Od1I7NYrBguy6XHcxVt9Mw699uj,93,353,ғฟ๏.Drarker.Law
00:03.85,8,Od1I7NYrBguy6XHcxVt9Mw699uj,93,1977," ғฟ๏, LeG | Plast"
00:03.85,9,Od1I7NYrBguy6XHcxVt9Mw699uj,93,450,ImminentOmelet58
00:03.85,10,Od1I7NYrBguy6XHcxVt9Mw699uj,93,1013,Louffy.
00:10.82,1,eswMFsg9leqZcgXReBR91VO7CMh,94,8415,िα๓² » уσυנιॅ
00:10.84,2,eswMFsg9leqZcgXReBR91VO7CMh,94,761,ᄀT.Dire!
00:10.85,3,eswMFsg9leqZcgXReBR91VO7CMh,94,1013,Louffy.
00:10.85,4,eswMFsg9leqZcgXReBR91VO7CMh,94,7494,racehans.STIHL<3
00:10.86,5,eswMFsg9leqZcgXReBR91VO7CMh,94,542,ѕĸγ»МіǤ«ғฟ๏
00:10.86,6,eswMFsg9leqZcgXReBR91VO7CMh,94,5796,шгн*jMel ツ
00:10.87,7,eswMFsg9leqZcgXReBR91VO7CMh,94,3704,redank
00:10.87,8,eswMFsg9leqZcgXReBR91VO7CMh,94,502,ĊĦ»nemo
00:10.88,9,eswMFsg9leqZcgXReBR91VO7CMh,94,384,ғฟ๏.g
00:10.88,10,eswMFsg9leqZcgXReBR91VO7CMh,94,5463,pastagrows
00:06.93,1,Y0CTD0TKbQiGKr_EkgBihz2R8q4,95,1324,reasᄓnn
00:06.93,2,Y0CTD0TKbQiGKr_EkgBihz2R8q4,95,2983,ミ Bullete ミ
00:07.00,3,Y0CTD0TKbQiGKr_EkgBihz2R8q4,95,5775,MrFunnyFun_
00:07.04,4,Y0CTD0TKbQiGKr_EkgBihz2R8q4,95,5657,๓ไ Pseudodragon | CCC
00:07.06,5,Y0CTD0TKbQiGKr_EkgBihz2R8q4,95,4003,richbar 〢ᄂᄆᄂ
00:07.07,6,Y0CTD0TKbQiGKr_EkgBihz2R8q4,95,2919,r4' « т³
00:07.09,7,Y0CTD0TKbQiGKr_EkgBihz2R8q4,95,1909,Bob
00:07.11,8,Y0CTD0TKbQiGKr_EkgBihz2R8q4,95,1396,Lemon :) ᄓ boosт³
00:07.12,9,Y0CTD0TKbQiGKr_EkgBihz2R8q4,95,6881,astrak0re
00:07.99,10,Y0CTD0TKbQiGKr_EkgBihz2R8q4,95,800,»Ятλ«wally²
00:11.67,1,ll9ftH7t2Yn_TsfItXqz7EdMfD0,96,120,мѕι mo
00:11.91,2,ll9ftH7t2Yn_TsfItXqz7EdMfD0,96,336,»ғฟ๏« Ŀιиκ.* Law
00:12.23,3,ll9ftH7t2Yn_TsfItXqz7EdMfD0,96,187,хеяох.
00:12.34,4,ll9ftH7t2Yn_TsfItXqz7EdMfD0,96,608,a
00:12.37,5,ll9ftH7t2Yn_TsfItXqz7EdMfD0,96,3704,redank
00:12.40,6,ll9ftH7t2Yn_TsfItXqz7EdMfD0,96,542,ѕĸγ»МіǤ«ғฟ๏
00:12.43,7,ll9ftH7t2Yn_TsfItXqz7EdMfD0,96,2904,NoPro»Skyer03
00:12.45,8,ll9ftH7t2Yn_TsfItXqz7EdMfD0,96,1798,byoš
00:12.45,9,ll9ftH7t2Yn_TsfItXqz7EdMfD0,96,1422,TCAero
00:12.48,10,ll9ftH7t2Yn_TsfItXqz7EdMfD0,96,957,〔 niati 〕
00:06.16,1,yB4kKNQOz9NZSI88ObBEkWxXzMj,97,9362,ıqweqwe
00:07.59,2,yB4kKNQOz9NZSI88ObBEkWxXzMj,97,5408,Σα¹²мακσ您
00:07.60,3,yB4kKNQOz9NZSI88ObBEkWxXzMj,97,1977," ғฟ๏, LeG | Plast"
00:07.62,4,yB4kKNQOz9NZSI88ObBEkWxXzMj,97,120,мѕι mo
00:07.62,5,yB4kKNQOz9NZSI88ObBEkWxXzMj,97,3704,redank
00:07.62,6,yB4kKNQOz9NZSI88ObBEkWxXzMj,97,2206,Luukasa123
00:07.62,7,yB4kKNQOz9NZSI88ObBEkWxXzMj,97,4839,Law*Trick.шгн
00:07.63,8,yB4kKNQOz9NZSI88ObBEkWxXzMj,97,542,ѕĸγ»МіǤ«ғฟ๏
00:07.64,9,yB4kKNQOz9NZSI88ObBEkWxXzMj,97,1788,Samurai
00:07.65,10,yB4kKNQOz9NZSI88ObBEkWxXzMj,97,1589,ti
00:09.99,1,bQwJE2BmrlurnIihNdeNC0uUJW7,98,3704,redank
00:10.01,2,bQwJE2BmrlurnIihNdeNC0uUJW7,98,5408,Σα¹²мακσ您
00:10.08,3,bQwJE2BmrlurnIihNdeNC0uUJW7,98,4183,ヅČƏβ/Ļӛ Ǧ工ĝăÑтĒ乌ҨǜҾSσĈίαL
00:10.20,4,bQwJE2BmrlurnIihNdeNC0uUJW7,98,3219,๓ไƒ¡ll¡pp_
00:10.23,5,bQwJE2BmrlurnIihNdeNC0uUJW7,98,8407,ңя ױ jarck.
00:10.28,6,bQwJE2BmrlurnIihNdeNC0uUJW7,98,120,мѕι mo
00:10.28,7,bQwJE2BmrlurnIihNdeNC0uUJW7,98,1013,Louffy.
00:10.30,8,bQwJE2BmrlurnIihNdeNC0uUJW7,98,863,ηЬ » Gyrule_ « т³
00:10.34,9,bQwJE2BmrlurnIihNdeNC0uUJW7,98,542,ѕĸγ»МіǤ«ғฟ๏
00:10.36,10,bQwJE2BmrlurnIihNdeNC0uUJW7,98,1174,Нтм.Nad!
00:06.32,1,UAEGL6taXPIqj4VDJ4RctqXgKB,99,42,aeैq«т³
00:06.34,2,UAEGL6taXPIqj4VDJ4RctqXgKB,99,542,ѕĸγ»МіǤ«ғฟ๏
00:06.39,3,UAEGL6taXPIqj4VDJ4RctqXgKB,99,943,ehkla.
00:06.40,4,UAEGL6taXPIqj4VDJ4RctqXgKB,99,4183,ヅČƏβ/Ļӛ Ǧ工ĝăÑтĒ乌ҨǜҾSσĈίαL
00:06.42,5,UAEGL6taXPIqj4VDJ4RctqXgKB,99,57,i
00:06.43,6,UAEGL6taXPIqj4VDJ4RctqXgKB,99,336,»ғฟ๏« Ŀιиκ.* Law
00:06.46,7,UAEGL6taXPIqj4VDJ4RctqXgKB,99,2904,NoPro»Skyer03
00:02.76,4,CWRRVe5w__beKqr6rdOPceCS3Jl,1,542,ѕĸγ»МіǤ«ғฟ๏
00:07.33,6,4Uc9amVvuCJTNR9d9PVxHniI4Nl,6,608,a
00:07.33,7,4Uc9amVvuCJTNR9d9PVxHniI4Nl,6,1769,Šoucra!«
00:07.33,8,4Uc9amVvuCJTNR9d9PVxHniI4Nl,6,8415,िα๓² » уσυנιॅ
00:07.36,9,4Uc9amVvuCJTNR9d9PVxHniI4Nl,6,2319,ңя ױ vega
00:07.36,10,4Uc9amVvuCJTNR9d9PVxHniI4Nl,6,3546,Eмßαท « т³
00:12.58,1,co2mxB6AHbbM6iTuq7CvO3k44sg,7,542,ѕĸγ»МіǤ«ғฟ๏
00:06.82,2,GA3xCbiB5P3OArt376aw_nS1Jdg,11,8322,~़Vוטה ๋:>
00:06.47,8,UAEGL6taXPIqj4VDJ4RctqXgKB,99,43,ѕκy²oumol_«_т³
00:06.47,9,UAEGL6taXPIqj4VDJ4RctqXgKB,99,3704,redank
00:06.50,10,UAEGL6taXPIqj4VDJ4RctqXgKB,99,1797,ױρאωєя.т³
00:15.59,1,sMWX8lW8Hzyv_X7fTGNAetxQp7j,100,336,»ғฟ๏« Ŀιиκ.* Law
00:15.97,2,sMWX8lW8Hzyv_X7fTGNAetxQp7j,100,450,ImminentOmelet58
00:16.22,3,sMWX8lW8Hzyv_X7fTGNAetxQp7j,100,4183,ヅČƏβ/Ļӛ Ǧ工ĝăÑтĒ乌ҨǜҾSσĈίαL
00:16.42,4,sMWX8lW8Hzyv_X7fTGNAetxQp7j,100,1798,byoš
00:16.53,5,sMWX8lW8Hzyv_X7fTGNAetxQp7j,100,2448,nonick
00:16.55,6,sMWX8lW8Hzyv_X7fTGNAetxQp7j,100,43,ѕκy²oumol_«_т³
00:16.57,7,sMWX8lW8Hzyv_X7fTGNAetxQp7j,100,282,¬  Šĸуяџŋŋ ッ «
00:17.73,8,sMWX8lW8Hzyv_X7fTGNAetxQp7j,100,1950,// fey « т³ //
00:17.76,9,sMWX8lW8Hzyv_X7fTGNAetxQp7j,100,608,a
00:17.80,10,sMWX8lW8Hzyv_X7fTGNAetxQp7j,100,3704,redank
00:18.01,1,XV9dfco9NvAcuQGR8A9LX1vgDBf,101,608,a
00:18.20,2,XV9dfco9NvAcuQGR8A9LX1vgDBf,101,120,мѕι mo
00:18.36,3,XV9dfco9NvAcuQGR8A9LX1vgDBf,101,552,Fmc
00:18.56,4,XV9dfco9NvAcuQGR8A9LX1vgDBf,101,1127,Acer Spedrun
00:18.59,5,XV9dfco9NvAcuQGR8A9LX1vgDBf,101,1977," ғฟ๏, LeG | Plast"
00:18.64,6,XV9dfco9NvAcuQGR8A9LX1vgDBf,101,745,my queen greta
00:18.66,7,XV9dfco9NvAcuQGR8A9LX1vgDBf,101,1677,Eddy!
00:18.69,8,XV9dfco9NvAcuQGR8A9LX1vgDBf,101,975,ѕκγ. flex
00:18.72,9,XV9dfco9NvAcuQGR8A9LX1vgDBf,101,43,ѕκy²oumol_«_т³
00:18.81,10,XV9dfco9NvAcuQGR8A9LX1vgDBf,101,835,Ŀĸя ¬Dvorky* ॢ
00:18.12,1,5rPLu58I_RdYTd6GAHqBfJ6ExSg,102,3704,redank
00:18.18,2,5rPLu58I_RdYTd6GAHqBfJ6ExSg,102,2206,Luukasa123
00:18.75,3,5rPLu58I_RdYTd6GAHqBfJ6ExSg,102,43,ѕκy²oumol_«_т³
00:19.14,4,5rPLu58I_RdYTd6GAHqBfJ6ExSg,102,1390,betta
00:19.19,5,5rPLu58I_RdYTd6GAHqBfJ6ExSg,102,2514,shen
00:19.22,6,5rPLu58I_RdYTd6GAHqBfJ6ExSg,102,608,a
00:19.23,7,5rPLu58I_RdYTd6GAHqBfJ6ExSg,102,987,Law¬rowy
00:19.41,8,5rPLu58I_RdYTd6GAHqBfJ6ExSg,102,494,kamel
00:19.44,9,5rPLu58I_RdYTd6GAHqBfJ6ExSg,102,512,nexos
00:19.45,10,5rPLu58I_RdYTd6GAHqBfJ6ExSg,102,3092,hev
00:17.23,1,cUEDSXQEn0J5qy9Q_Y2f_LR5B34,103,1820,",-¨.´Ѕρα¢є´.¨-,"
00:17.79,2,cUEDSXQEn0J5qy9Q_Y2f_LR5B34,103,494,kamel
00:22.13,3,cUEDSXQEn0J5qy9Q_Y2f_LR5B34,103,2468,_
00:22.20,4,cUEDSXQEn0J5qy9Q_Y2f_LR5B34,103,336,»ғฟ๏« Ŀιиκ.* Law
00:22.67,5,cUEDSXQEn0J5qy9Q_Y2f_LR5B34,103,889,Ғαмоυѕ.Poufi॰сав
00:23.55,6,cUEDSXQEn0J5qy9Q_Y2f_LR5B34,103,120,мѕι mo
00:24.07,7,cUEDSXQEn0J5qy9Q_Y2f_LR5B34,103,31,ғฟ๏.ins
00:24.77,8,cUEDSXQEn0J5qy9Q_Y2f_LR5B34,103,187,хеяох.
00:25.33,9,cUEDSXQEn0J5qy9Q_Y2f_LR5B34,103,3704,redank
00:25.61,10,cUEDSXQEn0J5qy9Q_Y2f_LR5B34,103,957,〔 niati 〕
00:13.10,1,g7V6KU4yIT5M5juAjvyFhObO1_8,104,1635,Нтм. HYDROLOG
00:13.12,2,g7V6KU4yIT5M5juAjvyFhObO1_8,104,8816,εωפ»ғәĿ«๓ђ〆ļนск
00:13.15,3,g7V6KU4yIT5M5juAjvyFhObO1_8,104,1556,mab
00:13.21,4,g7V6KU4yIT5M5juAjvyFhObO1_8,104,542,ѕĸγ»МіǤ«ғฟ๏
00:13.26,5,g7V6KU4yIT5M5juAjvyFhObO1_8,104,2904,NoPro»Skyer03
00:13.27,6,g7V6KU4yIT5M5juAjvyFhObO1_8,104,2137,Sehoszpu
00:13.28,7,g7V6KU4yIT5M5juAjvyFhObO1_8,104,5,nixion
00:13.28,8,g7V6KU4yIT5M5juAjvyFhObO1_8,104,6310,иםс¬SoftIvory.
00:13.34,9,g7V6KU4yIT5M5juAjvyFhObO1_8,104,2873,웃laser웃
00:13.63,10,g7V6KU4yIT5M5juAjvyFhObO1_8,104,8881,ฬคтт ζ patty
00:11.06,1,eml_jExbWDkXwNaZiVuxZNZ7otc,105,3165,ғяσैѕѕ
00:11.09,2,eml_jExbWDkXwNaZiVuxZNZ7otc,105,608,a
00:11.18,3,eml_jExbWDkXwNaZiVuxZNZ7otc,105,120,мѕι mo
00:11.19,4,eml_jExbWDkXwNaZiVuxZNZ7otc,105,1600,сав ¬ nellike
00:11.20,5,eml_jExbWDkXwNaZiVuxZNZ7otc,105,542,ѕĸγ»МіǤ«ғฟ๏
00:11.20,6,eml_jExbWDkXwNaZiVuxZNZ7otc,105,1174,Нтм.Nad!
00:11.21,7,eml_jExbWDkXwNaZiVuxZNZ7otc,105,5274,VictorPro123
00:11.21,8,eml_jExbWDkXwNaZiVuxZNZ7otc,105,5511,Hystr
00:11.21,9,eml_jExbWDkXwNaZiVuxZNZ7otc,105,552,Fmc
00:11.21,10,eml_jExbWDkXwNaZiVuxZNZ7otc,105,889,Ғαмоυѕ.Poufi॰сав
00:07.69,1,TyDFJMLCjUthtwixpD_1FkgEqzl,106,1237,MINA
00:07.70,2,TyDFJMLCjUthtwixpD_1FkgEqzl,106,7494,racehans.STIHL<3
00:07.73,3,TyDFJMLCjUthtwixpD_1FkgEqzl,106,2484,Roa〆
00:07.74,4,TyDFJMLCjUthtwixpD_1FkgEqzl,106,5408,Σα¹²мακσ您
00:07.76,5,TyDFJMLCjUthtwixpD_1FkgEqzl,106,2006,nejcig
00:07.77,6,TyDFJMLCjUthtwixpD_1FkgEqzl,106,940,ѕтυρŀίик
00:07.77,7,TyDFJMLCjUthtwixpD_1FkgEqzl,106,8259,ĊĦ » trav
00:07.80,8,TyDFJMLCjUthtwixpD_1FkgEqzl,106,2189,Jamzy « т³
00:07.82,9,TyDFJMLCjUthtwixpD_1FkgEqzl,106,1551,ML¬ I'm happy <3
00:12.91,2,co2mxB6AHbbM6iTuq7CvO3k44sg,7,300,Tres « т³
00:13.10,3,co2mxB6AHbbM6iTuq7CvO3k44sg,7,1025,arthy.
00:13.16,4,co2mxB6AHbbM6iTuq7CvO3k44sg,7,3704,redank
00:13.16,5,co2mxB6AHbbM6iTuq7CvO3k44sg,7,8322,~़Vוטה ๋:>
00:07.83,10,TyDFJMLCjUthtwixpD_1FkgEqzl,106,987,Law¬rowy
00:11.42,1,fQx0pRIws8h6qg81Xr3IsM07J30,107,6207,мэפаснолк
00:11.47,2,fQx0pRIws8h6qg81Xr3IsM07J30,107,7517,Bor
00:11.64,3,fQx0pRIws8h6qg81Xr3IsM07J30,107,3760,еяаメjewlians_96(real) ๓ไ
00:11.65,4,fQx0pRIws8h6qg81Xr3IsM07J30,107,3704,redank
00:11.68,5,fQx0pRIws8h6qg81Xr3IsM07J30,107,1,gargı
00:11.74,6,fQx0pRIws8h6qg81Xr3IsM07J30,107,7431,ฬคтт ζ Удהפдмεг
00:11.74,7,fQx0pRIws8h6qg81Xr3IsM07J30,107,1038,װ єгση װ
00:11.75,8,fQx0pRIws8h6qg81Xr3IsM07J30,107,1582,mitrug
00:11.77,9,fQx0pRIws8h6qg81Xr3IsM07J30,107,4183,ヅČƏβ/Ļӛ Ǧ工ĝăÑтĒ乌ҨǜҾSσĈίαL
00:11.80,10,fQx0pRIws8h6qg81Xr3IsM07J30,107,863,ηЬ » Gyrule_ « т³
00:06.88,1,uccCONKAMEpm4m1AIomVVVc2IL6,108,1174,Нтм.Nad!
00:06.96,2,uccCONKAMEpm4m1AIomVVVc2IL6,108,450,ImminentOmelet58
00:07.00,3,uccCONKAMEpm4m1AIomVVVc2IL6,108,7581,Kares
00:07.07,4,uccCONKAMEpm4m1AIomVVVc2IL6,108,8322,~़Vוטה ๋:>
00:07.13,5,uccCONKAMEpm4m1AIomVVVc2IL6,108,336,»ғฟ๏« Ŀιиκ.* Law
00:07.13,6,uccCONKAMEpm4m1AIomVVVc2IL6,108,8037,akif713
00:07.14,7,uccCONKAMEpm4m1AIomVVVc2IL6,108,542,ѕĸγ»МіǤ«ғฟ๏
00:07.14,8,uccCONKAMEpm4m1AIomVVVc2IL6,108,1797,ױρאωєя.т³
00:07.14,9,uccCONKAMEpm4m1AIomVVVc2IL6,108,8323,CarroT
00:07.15,10,uccCONKAMEpm4m1AIomVVVc2IL6,108,3704,redank
00:08.63,1,BMB7NsKb7fTah3ksBuSkcNAOEle,109,120,мѕι mo
00:08.74,2,BMB7NsKb7fTah3ksBuSkcNAOEle,109,2037,иםс¬duelerkeon :3
00:08.75,3,BMB7NsKb7fTah3ksBuSkcNAOEle,109,5408,Σα¹²мακσ您
00:08.88,4,BMB7NsKb7fTah3ksBuSkcNAOEle,109,3704,redank
00:08.93,5,BMB7NsKb7fTah3ksBuSkcNAOEle,109,2448,nonick
00:08.97,6,BMB7NsKb7fTah3ksBuSkcNAOEle,109,5329,мιкєηZe
00:09.02,7,BMB7NsKb7fTah3ksBuSkcNAOEle,109,43,ѕκy²oumol_«_т³
00:09.04,8,BMB7NsKb7fTah3ksBuSkcNAOEle,109,3165,ғяσैѕѕ
00:09.09,9,BMB7NsKb7fTah3ksBuSkcNAOEle,109,1977," ғฟ๏, LeG | Plast"
00:09.10,10,BMB7NsKb7fTah3ksBuSkcNAOEle,109,2553,Unknown >.<
00:12.11,1,FoHydYzFp8YbzoRZ9Ia5LZru7j2,110,974,Thomas
00:12.27,2,FoHydYzFp8YbzoRZ9Ia5LZru7j2,110,542,ѕĸγ»МіǤ«ғฟ๏
00:12.27,3,FoHydYzFp8YbzoRZ9Ia5LZru7j2,110,2468,_
00:12.38,4,FoHydYzFp8YbzoRZ9Ia5LZru7j2,110,1977," ғฟ๏, LeG | Plast"
00:12.83,5,FoHydYzFp8YbzoRZ9Ia5LZru7j2,110,2393,ĊĦ Bob
00:13.11,6,FoHydYzFp8YbzoRZ9Ia5LZru7j2,110,3704,redank
00:13.11,7,FoHydYzFp8YbzoRZ9Ia5LZru7j2,110,336,»ғฟ๏« Ŀιиκ.* Law
00:13.21,8,FoHydYzFp8YbzoRZ9Ia5LZru7j2,110,390,wikos2
00:13.29,9,FoHydYzFp8YbzoRZ9Ia5LZru7j2,110,957,〔 niati 〕
00:13.69,10,FoHydYzFp8YbzoRZ9Ia5LZru7j2,110,2011,ि७
00:16.14,1,Z3OYnYROaFOX1JM8Vh00ANRSnFc,111,3219,๓ไƒ¡ll¡pp_
00:16.54,2,Z3OYnYROaFOX1JM8Vh00ANRSnFc,111,5585,mind
00:16.71,3,Z3OYnYROaFOX1JM8Vh00ANRSnFc,111,960,cptsalmon
00:16.84,4,Z3OYnYROaFOX1JM8Vh00ANRSnFc,111,31,ғฟ๏.ins
00:17.09,5,Z3OYnYROaFOX1JM8Vh00ANRSnFc,111,43,ѕκy²oumol_«_т³
00:17.25,6,Z3OYnYROaFOX1JM8Vh00ANRSnFc,111,542,ѕĸγ»МіǤ«ғฟ๏
00:17.30,7,Z3OYnYROaFOX1JM8Vh00ANRSnFc,111,4183,ヅČƏβ/Ļӛ Ǧ工ĝăÑтĒ乌ҨǜҾSσĈίαL
00:17.50,8,Z3OYnYROaFOX1JM8Vh00ANRSnFc,111,101,Hèिést
00:17.50,9,Z3OYnYROaFOX1JM8Vh00ANRSnFc,111,3165,ғяσैѕѕ
00:17.61,10,Z3OYnYROaFOX1JM8Vh00ANRSnFc,111,7153,HELM /  Toucan
00:16.90,1,7bZvMDZCbTO4ouRmFnSqGyfmUOf,112,1798,byoš
00:18.56,2,7bZvMDZCbTO4ouRmFnSqGyfmUOf,112,31,ғฟ๏.ins
00:19.69,3,7bZvMDZCbTO4ouRmFnSqGyfmUOf,112,1396,Lemon :) ᄓ boosт³
00:20.06,4,7bZvMDZCbTO4ouRmFnSqGyfmUOf,112,1727,buzzy.
00:20.38,5,7bZvMDZCbTO4ouRmFnSqGyfmUOf,112,450,ImminentOmelet58
00:20.48,6,7bZvMDZCbTO4ouRmFnSqGyfmUOf,112,1324,reasᄓnn
00:24.75,7,7bZvMDZCbTO4ouRmFnSqGyfmUOf,112,4183,ヅČƏβ/Ļӛ Ǧ工ĝăÑтĒ乌ҨǜҾSσĈίαL
00:25.00,8,7bZvMDZCbTO4ouRmFnSqGyfmUOf,112,1797,ױρאωєя.т³
00:25.27,9,7bZvMDZCbTO4ouRmFnSqGyfmUOf,112,8807,NicolasVaittanen
00:25.34,10,7bZvMDZCbTO4ouRmFnSqGyfmUOf,112,120,мѕι mo
00:11.14,1,7PkyDVltrlyjTvty6QBZkYQTrG7,113,542,ѕĸγ»МіǤ«ғฟ๏
00:11.15,2,7PkyDVltrlyjTvty6QBZkYQTrG7,113,494,kamel
00:11.18,3,7PkyDVltrlyjTvty6QBZkYQTrG7,113,336,»ғฟ๏« Ŀιиκ.* Law
00:11.25,4,7PkyDVltrlyjTvty6QBZkYQTrG7,113,2826,KŘOĄTĘ¬Thicc〢ѕІоώ»ЈŁ
00:11.57,5,7PkyDVltrlyjTvty6QBZkYQTrG7,113,3955,Nem #jome
00:11.58,6,7PkyDVltrlyjTvty6QBZkYQTrG7,113,2029,ѕהνぬѕресטねНтм
00:11.60,7,7PkyDVltrlyjTvty6QBZkYQTrG7,113,2904,NoPro»Skyer03
00:11.63,8,7PkyDVltrlyjTvty6QBZkYQTrG7,113,1013,Louffy.
00:11.71,9,7PkyDVltrlyjTvty6QBZkYQTrG7,113,149,Marmerladi
00:11.71,10,7PkyDVltrlyjTvty6QBZkYQTrG7,113,4148,ңяױ adrian:)
00:16.11,1,l368capcX43Ug5lHkK0VtxxXjw5,114,2206,Luukasa123
00:16.17,2,l368capcX43Ug5lHkK0VtxxXjw5,114,1174,Нтм.Nad!
00:16.28,3,l368capcX43Ug5lHkK0VtxxXjw5,114,300,Tres « т³
00:16.32,4,l368capcX43Ug5lHkK0VtxxXjw5,114,31,ғฟ๏.ins
00:16.35,5,l368capcX43Ug5lHkK0VtxxXjw5,114,1977," ғฟ๏, LeG | Plast"
00:16.38,6,l368capcX43Ug5lHkK0VtxxXjw5,114,3704,redank
00:16.41,7,l368capcX43Ug5lHkK0VtxxXjw5,114,2514,shen
00:16.42,8,l368capcX43Ug5lHkK0VtxxXjw5,114,78,egde
00:16.44,9,l368capcX43Ug5lHkK0VtxxXjw5,114,8807,NicolasVaittanen
00:16.46,10,l368capcX43Ug5lHkK0VtxxXjw5,114,346,Obra « т³
00:06.55,1,w3HaCGWjPDmgHt0ApNg0anVOic4,115,794,ĵบļェ凡иθ
00:06.64,2,w3HaCGWjPDmgHt0ApNg0anVOic4,115,955,MĄROĆ¬Drei〢ѕІоώ»ЈŁ
00:06.65,3,w3HaCGWjPDmgHt0ApNg0anVOic4,115,1677,Eddy!
00:06.66,4,w3HaCGWjPDmgHt0ApNg0anVOic4,115,1024,ЈŁ〢SKush13〢яτх
00:06.66,5,w3HaCGWjPDmgHt0ApNg0anVOic4,115,442,ᄽҒŁγііהǥᄿTe๓קєroя
00:06.69,6,w3HaCGWjPDmgHt0ApNg0anVOic4,115,1605,Crysty
00:06.69,7,w3HaCGWjPDmgHt0ApNg0anVOic4,115,2553,Unknown >.<
00:06.70,8,w3HaCGWjPDmgHt0ApNg0anVOic4,115,2994,ĥŜħŞđĒś2
00:06.71,9,w3HaCGWjPDmgHt0ApNg0anVOic4,115,1119,Meneme
00:06.71,10,w3HaCGWjPDmgHt0ApNg0anVOic4,115,1324,reasᄓnn
00:05.37,1,cmZSVikSvvbWt0atNaY_qdZej49,116,9321,mielman.fr
00:07.82,2,cmZSVikSvvbWt0atNaY_qdZej49,116,3704,redank
00:09.12,3,cmZSVikSvvbWt0atNaY_qdZej49,116,2114,凹 faiby ?
00:09.42,4,cmZSVikSvvbWt0atNaY_qdZej49,116,57,i
00:09.47,5,cmZSVikSvvbWt0atNaY_qdZej49,116,3474,๓ไ» βακεδ Δlαsκα « т³
00:09.54,6,cmZSVikSvvbWt0atNaY_qdZej49,116,5659,еяаי Thoman ЈΛŦ 〤
00:09.55,7,cmZSVikSvvbWt0atNaY_qdZej49,116,542,ѕĸγ»МіǤ«ғฟ๏
00:09.58,8,cmZSVikSvvbWt0atNaY_qdZej49,116,4108,babababababbababbaa
00:09.64,9,cmZSVikSvvbWt0atNaY_qdZej49,116,390,wikos2
00:09.70,10,cmZSVikSvvbWt0atNaY_qdZej49,116,2025,bijan
00:06.07,1,CVKEDOCZkFaGBXySZJpMsmzy6V3,117,6035,.иѕғ҂Chrom :3
00:06.11,2,CVKEDOCZkFaGBXySZJpMsmzy6V3,117,608,a
00:06.18,3,CVKEDOCZkFaGBXySZJpMsmzy6V3,117,4183,ヅČƏβ/Ļӛ Ǧ工ĝăÑтĒ乌ҨǜҾSσĈίαL
00:06.22,4,CVKEDOCZkFaGBXySZJpMsmzy6V3,117,3955,Nem #jome
00:06.26,5,CVKEDOCZkFaGBXySZJpMsmzy6V3,117,975,ѕκγ. flex
00:06.26,6,CVKEDOCZkFaGBXySZJpMsmzy6V3,117,2748,мѕι dzam мםя
00:06.27,7,CVKEDOCZkFaGBXySZJpMsmzy6V3,117,57,i
00:06.28,8,CVKEDOCZkFaGBXySZJpMsmzy6V3,117,1798,byoš
00:06.37,9,CVKEDOCZkFaGBXySZJpMsmzy6V3,117,3653,kzm.т³
00:06.42,10,CVKEDOCZkFaGBXySZJpMsmzy6V3,117,120,мѕι mo
00:21.03,1,WBa4Phzhq2yIZxW__N2xwb0A4M4,118,450,ImminentOmelet58
00:21.88,2,WBa4Phzhq2yIZxW__N2xwb0A4M4,118,5274,VictorPro123
00:21.96,3,WBa4Phzhq2yIZxW__N2xwb0A4M4,118,2128,/passi
00:22.90,4,WBa4Phzhq2yIZxW__N2xwb0A4M4,118,4796,Jablecznik
00:24.05,5,WBa4Phzhq2yIZxW__N2xwb0A4M4,118,120,мѕι mo
00:24.49,6,WBa4Phzhq2yIZxW__N2xwb0A4M4,118,512,nexos
00:24.69,7,WBa4Phzhq2yIZxW__N2xwb0A4M4,118,6587,ңя'rikı|ѕהν
00:24.71,8,WBa4Phzhq2yIZxW__N2xwb0A4M4,118,336,»ғฟ๏« Ŀιиκ.* Law
00:25.14,9,WBa4Phzhq2yIZxW__N2xwb0A4M4,118,43,ѕκy²oumol_«_т³
00:25.63,10,WBa4Phzhq2yIZxW__N2xwb0A4M4,118,1396,Lemon :) ᄓ boosт³
00:17.36,1,u2lEJSKwn1uBhad9DAQ_iHvVPp1,119,943,ehkla.
00:17.38,2,u2lEJSKwn1uBhad9DAQ_iHvVPp1,119,542,ѕĸγ»МіǤ«ғฟ๏
00:17.40,3,u2lEJSKwn1uBhad9DAQ_iHvVPp1,119,2206,Luukasa123
00:17.50,4,u2lEJSKwn1uBhad9DAQ_iHvVPp1,119,120,мѕι mo
00:17.55,5,u2lEJSKwn1uBhad9DAQ_iHvVPp1,119,2231,אsaи
00:17.57,6,u2lEJSKwn1uBhad9DAQ_iHvVPp1,119,2904,NoPro»Skyer03
00:17.60,7,u2lEJSKwn1uBhad9DAQ_iHvVPp1,119,1600,сав ¬ nellike
00:17.74,8,u2lEJSKwn1uBhad9DAQ_iHvVPp1,119,2114,凹 faiby ?
00:17.77,9,u2lEJSKwn1uBhad9DAQ_iHvVPp1,119,1324,reasᄓnn
00:17.80,10,u2lEJSKwn1uBhad9DAQ_iHvVPp1,119,101,Hèिést
00:05.35,1,JFpPQEn030ipvWgTiCL90WbpEJ0,120,487,bPlayैērシmsi
00:05.40,2,JFpPQEn030ipvWgTiCL90WbpEJ0,120,3704,redank
00:05.41,3,JFpPQEn030ipvWgTiCL90WbpEJ0,120,3215,syz « т³
00:05.42,4,JFpPQEn030ipvWgTiCL90WbpEJ0,120,8632,car driver
00:05.43,5,JFpPQEn030ipvWgTiCL90WbpEJ0,120,963,lane
00:05.44,6,JFpPQEn030ipvWgTiCL90WbpEJ0,120,542,ѕĸγ»МіǤ«ғฟ๏
00:05.44,7,JFpPQEn030ipvWgTiCL90WbpEJ0,120,1039,le_duc44
00:05.45,8,JFpPQEn030ipvWgTiCL90WbpEJ0,120,1324,reasᄓnn
00:05.45,9,JFpPQEn030ipvWgTiCL90WbpEJ0,120,4427,Kairoैs! « т³
00:05.48,10,JFpPQEn030ipvWgTiCL90WbpEJ0,120,450,ImminentOmelet58
00:07.75,1,egbNW1IH1LXAE8aRRIsQ7gdP2Wh,121,2037,иםс¬duelerkeon :3
00:08.18,2,egbNW1IH1LXAE8aRRIsQ7gdP2Wh,121,3223,ŢȨҒᄽsyrx4ᄿ
00:09.47,3,egbNW1IH1LXAE8aRRIsQ7gdP2Wh,121,3092,hev
00:09.89,4,egbNW1IH1LXAE8aRRIsQ7gdP2Wh,121,542,ѕĸγ»МіǤ«ғฟ๏
00:10.00,5,egbNW1IH1LXAE8aRRIsQ7gdP2Wh,121,120,мѕι mo
00:10.04,6,egbNW1IH1LXAE8aRRIsQ7gdP2Wh,121,5696,CCC〢Lzaps
00:10.05,7,egbNW1IH1LXAE8aRRIsQ7gdP2Wh,121,187,хеяох.
00:10.12,8,egbNW1IH1LXAE8aRRIsQ7gdP2Wh,121,1677,Eddy!
00:10.18,9,egbNW1IH1LXAE8aRRIsQ7gdP2Wh,121,3704,redank
00:10.24,10,egbNW1IH1LXAE8aRRIsQ7gdP2Wh,121,6035,.иѕғ҂Chrom :3
00:11.43,1,TYpdO3ZoYvWnAt28RYbA3J_YUe9,122,187,хеяох.
00:11.96,2,TYpdO3ZoYvWnAt28RYbA3J_YUe9,122,3219,๓ไƒ¡ll¡pp_
00:11.98,3,TYpdO3ZoYvWnAt28RYbA3J_YUe9,122,542,ѕĸγ»МіǤ«ғฟ๏
00:12.06,4,TYpdO3ZoYvWnAt28RYbA3J_YUe9,122,149,Marmerladi
00:12.06,5,TYpdO3ZoYvWnAt28RYbA3J_YUe9,122,3704,redank
00:12.08,6,TYpdO3ZoYvWnAt28RYbA3J_YUe9,122,2904,NoPro»Skyer03
00:12.10,7,TYpdO3ZoYvWnAt28RYbA3J_YUe9,122,353,ғฟ๏.Drarker.Law
00:12.15,8,TYpdO3ZoYvWnAt28RYbA3J_YUe9,122,1001,ЈŁ SÞlîŋt
00:12.18,9,TYpdO3ZoYvWnAt28RYbA3J_YUe9,122,1648,a zix
00:12.21,10,TYpdO3ZoYvWnAt28RYbA3J_YUe9,122,436,helvete
00:06.80,1,sWRgz5okoVLMxSO03K6wbeu9ak8,123,2873,웃laser웃
00:07.00,2,sWRgz5okoVLMxSO03K6wbeu9ak8,123,57,i
00:07.10,3,sWRgz5okoVLMxSO03K6wbeu9ak8,123,542,ѕĸγ»МіǤ«ғฟ๏
00:07.10,4,sWRgz5okoVLMxSO03K6wbeu9ak8,123,2919,r4' « т³
00:07.12,5,sWRgz5okoVLMxSO03K6wbeu9ak8,123,1101,Law¬ Okuu. *GF
00:07.12,6,sWRgz5okoVLMxSO03K6wbeu9ak8,123,3501,ңя ױ Kustosz Λc
00:07.12,7,sWRgz5okoVLMxSO03K6wbeu9ak8,123,1797,ױρאωєя.т³
00:07.14,8,sWRgz5okoVLMxSO03K6wbeu9ak8,123,1798,byoš
00:07.15,9,sWRgz5okoVLMxSO03K6wbeu9ak8,123,1005,FtR.
00:07.16,10,sWRgz5okoVLMxSO03K6wbeu9ak8,123,1922,฿ŁĘѶ
00:06.41,1,s6iX_F1X7ybNZyNmknBbL5FXFJ,124,6212,Loap « т³
00:06.43,2,s6iX_F1X7ybNZyNmknBbL5FXFJ,124,542,ѕĸγ»МіǤ«ғฟ๏
00:06.45,3,s6iX_F1X7ybNZyNmknBbL5FXFJ,124,7264,Lolodpro
00:06.47,4,s6iX_F1X7ybNZyNmknBbL5FXFJ,124,2468,_
00:06.47,5,s6iX_F1X7ybNZyNmknBbL5FXFJ,124,1797,ױρאωєя.т³
00:06.47,6,s6iX_F1X7ybNZyNmknBbL5FXFJ,124,1038,װ єгση װ
00:06.48,7,s6iX_F1X7ybNZyNmknBbL5FXFJ,124,4252,िα๓² ayeewake ๓ไ
00:06.48,8,s6iX_F1X7ybNZyNmknBbL5FXFJ,124,1407,Pr0ximate
00:06.48,9,s6iX_F1X7ybNZyNmknBbL5FXFJ,124,7065,Đєxtєr〢ᄂᄆᄂ
00:06.49,10,s6iX_F1X7ybNZyNmknBbL5FXFJ,124,1994,water
00:12.43,1,KE9jHvTDtVf4fxrcqlvCInFWv2e,125,1037,¬ ЈŁ〢ChoW «
00:12.54,2,KE9jHvTDtVf4fxrcqlvCInFWv2e,125,315,ĊĦ Eror Ŀĸя
00:12.70,3,KE9jHvTDtVf4fxrcqlvCInFWv2e,125,5274,VictorPro123
00:12.70,4,KE9jHvTDtVf4fxrcqlvCInFWv2e,125,8632,car driver
00:12.76,5,KE9jHvTDtVf4fxrcqlvCInFWv2e,125,542,ѕĸγ»МіǤ«ғฟ๏
00:12.81,6,KE9jHvTDtVf4fxrcqlvCInFWv2e,125,1446,Jeff Bömpos
00:12.84,7,KE9jHvTDtVf4fxrcqlvCInFWv2e,125,336,»ғฟ๏« Ŀιиκ.* Law
00:12.86,8,KE9jHvTDtVf4fxrcqlvCInFWv2e,125,2948,HELM | Valor
00:12.92,9,KE9jHvTDtVf4fxrcqlvCInFWv2e,125,83,»єос.СΙем.сав
00:12.94,10,KE9jHvTDtVf4fxrcqlvCInFWv2e,125,4183,ヅČƏβ/Ļӛ Ǧ工ĝăÑтĒ乌ҨǜҾSσĈίαL
00:06.10,1,iOwPhOnHLAtFnP5cU3Wi3EyAmSe,126,1798,byoš
00:06.11,2,iOwPhOnHLAtFnP5cU3Wi3EyAmSe,126,336,»ғฟ๏« Ŀιиκ.* Law
00:06.12,3,iOwPhOnHLAtFnP5cU3Wi3EyAmSe,126,450,ImminentOmelet58
00:06.12,4,iOwPhOnHLAtFnP5cU3Wi3EyAmSe,126,2514,shen
00:06.12,5,iOwPhOnHLAtFnP5cU3Wi3EyAmSe,126,346,Obra « т³
00:06.12,6,iOwPhOnHLAtFnP5cU3Wi3EyAmSe,126,552,Fmc
00:06.12,7,iOwPhOnHLAtFnP5cU3Wi3EyAmSe,126,2128,/passi
00:06.12,8,iOwPhOnHLAtFnP5cU3Wi3EyAmSe,126,7314,HELM | Arne
00:06.13,9,iOwPhOnHLAtFnP5cU3Wi3EyAmSe,126,31,ғฟ๏.ins
00:06.13,10,iOwPhOnHLAtFnP5cU3Wi3EyAmSe,126,6585,nametara
00:31.35,1,kNZeKDJfqOYGOQyN6JKpeXkqsJm,127,4183,ヅČƏβ/Ļӛ Ǧ工ĝăÑтĒ乌ҨǜҾSσĈίαL
00:31.78,2,kNZeKDJfqOYGOQyN6JKpeXkqsJm,127,120,мѕι mo
00:32.08,3,kNZeKDJfqOYGOQyN6JKpeXkqsJm,127,282,¬  Šĸуяџŋŋ ッ «
00:32.58,4,kNZeKDJfqOYGOQyN6JKpeXkqsJm,127,1078,FALCON
00:32.80,5,kNZeKDJfqOYGOQyN6JKpeXkqsJm,127,608,a
00:33.25,6,kNZeKDJfqOYGOQyN6JKpeXkqsJm,127,538,.
00:33.34,7,kNZeKDJfqOYGOQyN6JKpeXkqsJm,127,187,хеяох.
00:33.56,8,kNZeKDJfqOYGOQyN6JKpeXkqsJm,127,450,ImminentOmelet58
00:33.65,9,kNZeKDJfqOYGOQyN6JKpeXkqsJm,127,1174,Нтм.Nad!
00:33.82,10,kNZeKDJfqOYGOQyN6JKpeXkqsJm,127,542,ѕĸγ»МіǤ«ғฟ๏
00:12.73,1,xj3cTi99Q0M6iE6_lI8TUBcwCi,128,2484,Roa〆
00:12.82,2,xj3cTi99Q0M6iE6_lI8TUBcwCi,128,450,ImminentOmelet58
00:12.89,3,xj3cTi99Q0M6iE6_lI8TUBcwCi,128,610,τγυтуט«
00:12.92,4,xj3cTi99Q0M6iE6_lI8TUBcwCi,128,35,҂ғฟ๏〣ᄽDraggy.ᄿ
00:12.94,5,xj3cTi99Q0M6iE6_lI8TUBcwCi,128,1677,Eddy!
00:13.02,6,xj3cTi99Q0M6iE6_lI8TUBcwCi,128,2514,shen
00:13.04,7,xj3cTi99Q0M6iE6_lI8TUBcwCi,128,1013,Louffy.
00:13.07,8,xj3cTi99Q0M6iE6_lI8TUBcwCi,128,7,LeG〢ЈонаĿѕѕ »ғฟ๏«
00:13.08,9,xj3cTi99Q0M6iE6_lI8TUBcwCi,128,40,єосױנ๏κεг〆
00:13.08,10,xj3cTi99Q0M6iE6_lI8TUBcwCi,128,614,мя.Focko єос〆
00:08.47,1,LoJ1xz2INq6MY6mHkEQIUwxjVMi,130,2235,ND | ywoop
00:08.47,2,LoJ1xz2INq6MY6mHkEQIUwxjVMi,130,8641,nieto_02
00:08.49,3,LoJ1xz2INq6MY6mHkEQIUwxjVMi,130,3215,syz « т³
00:08.50,4,LoJ1xz2INq6MY6mHkEQIUwxjVMi,130,1920,24l๏r
00:08.50,5,LoJ1xz2INq6MY6mHkEQIUwxjVMi,130,1396,Lemon :) ᄓ boosт³
00:08.50,6,LoJ1xz2INq6MY6mHkEQIUwxjVMi,130,3704,redank
00:08.51,7,LoJ1xz2INq6MY6mHkEQIUwxjVMi,130,742,॰сав l| Storm!
00:08.53,8,LoJ1xz2INq6MY6mHkEQIUwxjVMi,130,3379,סғ ױ M!ภēēภE
00:08.54,9,LoJ1xz2INq6MY6mHkEQIUwxjVMi,130,5696,CCC〢Lzaps
00:08.55,10,LoJ1xz2INq6MY6mHkEQIUwxjVMi,130,433,Ŀĸя ¬ Buch
00:10.78,1,nVuxGiNDzKSujBxxIkrAKXpMr49,131,1396,Lemon :) ᄓ boosт³
00:10.81,2,nVuxGiNDzKSujBxxIkrAKXpMr49,131,831,ＬӨЯヅ
00:10.81,3,nVuxGiNDzKSujBxxIkrAKXpMr49,131,957,〔 niati 〕
00:11.09,4,nVuxGiNDzKSujBxxIkrAKXpMr49,131,3760,еяаメjewlians_96(real) ๓ไ
00:11.40,5,nVuxGiNDzKSujBxxIkrAKXpMr49,131,433,Ŀĸя ¬ Buch
00:11.42,6,nVuxGiNDzKSujBxxIkrAKXpMr49,131,31,ғฟ๏.ins
00:11.64,7,nVuxGiNDzKSujBxxIkrAKXpMr49,131,542,ѕĸγ»МіǤ«ғฟ๏
00:11.77,8,nVuxGiNDzKSujBxxIkrAKXpMr49,131,2098,ραяツ
00:12.07,9,nVuxGiNDzKSujBxxIkrAKXpMr49,131,2948,HELM | Valor
00:12.29,10,nVuxGiNDzKSujBxxIkrAKXpMr49,131,988,LeG〢тяаĿĸя ЈŁ
00:05.95,1,WFgKABHL74Lxni7zhl4BNjQkUhj,132,542,ѕĸγ»МіǤ«ғฟ๏
00:05.96,2,WFgKABHL74Lxni7zhl4BNjQkUhj,132,1174,Нтм.Nad!
00:05.97,3,WFgKABHL74Lxni7zhl4BNjQkUhj,132,1977," ғฟ๏, LeG | Plast"
00:05.97,4,WFgKABHL74Lxni7zhl4BNjQkUhj,132,552,Fmc
00:05.97,5,WFgKABHL74Lxni7zhl4BNjQkUhj,132,1644,ЈН ¬ bMagma « т³
00:05.98,6,WFgKABHL74Lxni7zhl4BNjQkUhj,132,487,bPlayैērシmsi
00:05.98,7,WFgKABHL74Lxni7zhl4BNjQkUhj,132,2514,shen
00:05.98,8,WFgKABHL74Lxni7zhl4BNjQkUhj,132,336,»ғฟ๏« Ŀιиκ.* Law
00:05.98,9,WFgKABHL74Lxni7zhl4BNjQkUhj,132,1078,FALCON
00:05.98,10,WFgKABHL74Lxni7zhl4BNjQkUhj,132,2904,NoPro»Skyer03
00:10.53,1,B_x84_MYkEFLZmBMQmMrFY4kTQ5,133,1798,byoš
00:10.96,2,B_x84_MYkEFLZmBMQmMrFY4kTQ5,133,149,Marmerladi
00:11.00,3,B_x84_MYkEFLZmBMQmMrFY4kTQ5,133,300,Tres « т³
00:11.00,4,B_x84_MYkEFLZmBMQmMrFY4kTQ5,133,943,ehkla.
00:11.08,5,B_x84_MYkEFLZmBMQmMrFY4kTQ5,133,2873,웃laser웃
00:11.14,6,B_x84_MYkEFLZmBMQmMrFY4kTQ5,133,1727,buzzy.
00:11.16,7,B_x84_MYkEFLZmBMQmMrFY4kTQ5,133,159,LeG〢ςīмī
00:11.23,8,B_x84_MYkEFLZmBMQmMrFY4kTQ5,133,7331,mackannnnn
00:11.29,9,B_x84_MYkEFLZmBMQmMrFY4kTQ5,133,8632,car driver
00:11.30,10,B_x84_MYkEFLZmBMQmMrFY4kTQ5,133,1024,ЈŁ〢SKush13〢яτх
00:08.77,1,DrVjmp224_kql5AdCk_vnKUEgve,134,542,ѕĸγ»МіǤ«ғฟ๏
00:08.83,2,DrVjmp224_kql5AdCk_vnKUEgve,134,5577,Geneяal є๏ยlίร ЈΛŦ
00:08.84,3,DrVjmp224_kql5AdCk_vnKUEgve,134,3505,bobo ᄓ boost
00:08.85,4,DrVjmp224_kql5AdCk_vnKUEgve,134,3501,ңя ױ Kustosz Λc
00:08.87,5,DrVjmp224_kql5AdCk_vnKUEgve,134,1556,mab
00:08.87,6,DrVjmp224_kql5AdCk_vnKUEgve,134,1798,byoš
00:08.90,7,DrVjmp224_kql5AdCk_vnKUEgve,134,2867,aryorha
00:08.90,8,DrVjmp224_kql5AdCk_vnKUEgve,134,2110,הg Dragster דнט'טм
00:08.91,9,DrVjmp224_kql5AdCk_vnKUEgve,134,1037,¬ ЈŁ〢ChoW «
00:08.91,10,DrVjmp224_kql5AdCk_vnKUEgve,134,1042,×saiphyy×
00:14.52,1,VFgq_7FL7VMnzXVA6TWtN75yoOf,135,5329,мιкєηZe
00:14.80,2,VFgq_7FL7VMnzXVA6TWtN75yoOf,135,107,ƒun saxº ғаѕт»
00:14.81,3,VFgq_7FL7VMnzXVA6TWtN75yoOf,135,7182,offmetapicker
00:14.83,4,VFgq_7FL7VMnzXVA6TWtN75yoOf,135,608,a
00:14.86,5,VFgq_7FL7VMnzXVA6TWtN75yoOf,135,975,ѕκγ. flex
00:14.87,6,VFgq_7FL7VMnzXVA6TWtN75yoOf,135,978,Terminator
00:14.90,7,VFgq_7FL7VMnzXVA6TWtN75yoOf,135,5045,yei.
00:14.94,8,VFgq_7FL7VMnzXVA6TWtN75yoOf,135,1588,мםя»Fabi.¹
00:15.04,9,VFgq_7FL7VMnzXVA6TWtN75yoOf,135,960,cptsalmon
00:15.05,10,VFgq_7FL7VMnzXVA6TWtN75yoOf,135,8365,deffobbhoy
00:06.49,1,8Ox7RM7PJNk1iFyCeoy4EPtviOl,136,1556,mab
00:06.66,2,8Ox7RM7PJNk1iFyCeoy4EPtviOl,136,101,Hèिést
00:06.69,3,8Ox7RM7PJNk1iFyCeoy4EPtviOl,136,542,ѕĸγ»МіǤ«ғฟ๏
00:06.74,4,8Ox7RM7PJNk1iFyCeoy4EPtviOl,136,495,chonk
00:06.75,5,8Ox7RM7PJNk1iFyCeoy4EPtviOl,136,43,ѕκy²oumol_«_т³
00:06.76,6,8Ox7RM7PJNk1iFyCeoy4EPtviOl,136,1950,// fey « т³ //
00:06.78,7,8Ox7RM7PJNk1iFyCeoy4EPtviOl,136,300,Tres « т³
00:06.78,8,8Ox7RM7PJNk1iFyCeoy4EPtviOl,136,1855,rzyawn
00:06.81,9,8Ox7RM7PJNk1iFyCeoy4EPtviOl,136,1719,λмק ױ мιхеяу.
00:06.82,10,8Ox7RM7PJNk1iFyCeoy4EPtviOl,136,849,iklu
00:05.90,1,O5Sn8B6VRaW5gD5H6ZNLs4uTfW4,137,3704,redank
00:05.98,2,O5Sn8B6VRaW5gD5H6ZNLs4uTfW4,137,542,ѕĸγ»МіǤ«ғฟ๏
00:06.00,3,O5Sn8B6VRaW5gD5H6ZNLs4uTfW4,137,2904,NoPro»Skyer03
00:06.01,4,O5Sn8B6VRaW5gD5H6ZNLs4uTfW4,137,2549,Ісегॆॅ็
00:06.03,5,O5Sn8B6VRaW5gD5H6ZNLs4uTfW4,137,5001,λĘŉder :３
00:06.04,6,O5Sn8B6VRaW5gD5H6ZNLs4uTfW4,137,1812,FIREFIGHTER
00:06.05,7,O5Sn8B6VRaW5gD5H6ZNLs4uTfW4,137,893,ЈŁ〢sßΏΉиヨシs« т³
00:06.07,8,O5Sn8B6VRaW5gD5H6ZNLs4uTfW4,137,5408,Σα¹²мακσ您
00:06.09,9,O5Sn8B6VRaW5gD5H6ZNLs4uTfW4,137,57,i
00:06.09,10,O5Sn8B6VRaW5gD5H6ZNLs4uTfW4,137,2817,jonasbern
00:14.17,1,JEQLuYJZoaUNtuNGxDLGn6K_RAm,138,2206,Luukasa123
00:14.42,2,JEQLuYJZoaUNtuNGxDLGn6K_RAm,138,542,ѕĸγ»МіǤ«ғฟ๏
00:14.48,3,JEQLuYJZoaUNtuNGxDLGn6K_RAm,138,1078,FALCON
00:14.53,4,JEQLuYJZoaUNtuNGxDLGn6K_RAm,138,7612,HELM |Supremeoreo121
00:14.56,5,JEQLuYJZoaUNtuNGxDLGn6K_RAm,138,18,ѕκγ | Ζοםωιи
00:14.56,6,JEQLuYJZoaUNtuNGxDLGn6K_RAm,138,1324,reasᄓnn
00:14.56,7,JEQLuYJZoaUNtuNGxDLGn6K_RAm,138,8322,~़Vוטה ๋:>
00:14.58,8,JEQLuYJZoaUNtuNGxDLGn6K_RAm,138,139,ғฟ๏.dennis090
00:14.60,9,JEQLuYJZoaUNtuNGxDLGn6K_RAm,138,5329,мιкєηZe
00:14.62,10,JEQLuYJZoaUNtuNGxDLGn6K_RAm,138,889,Ғαмоυѕ.Poufi॰сав
00:10.59,1,foxMy6WD8iQBjGNu6io6KsEO8vf,139,1812,FIREFIGHTER
00:10.69,2,foxMy6WD8iQBjGNu6io6KsEO8vf,139,4183,ヅČƏβ/Ļӛ Ǧ工ĝăÑтĒ乌ҨǜҾSσĈίαL
00:10.71,3,foxMy6WD8iQBjGNu6io6KsEO8vf,139,542,ѕĸγ»МіǤ«ғฟ๏
00:10.79,4,foxMy6WD8iQBjGNu6io6KsEO8vf,139,2748,мѕι dzam мםя
00:10.80,5,foxMy6WD8iQBjGNu6io6KsEO8vf,139,2515,omio〢๓ђ
00:10.82,6,foxMy6WD8iQBjGNu6io6KsEO8vf,139,3341,bazrzokh
00:10.87,7,foxMy6WD8iQBjGNu6io6KsEO8vf,139,187,хеяох.
00:10.87,8,foxMy6WD8iQBjGNu6io6KsEO8vf,139,1324,reasᄓnn
00:10.88,9,foxMy6WD8iQBjGNu6io6KsEO8vf,139,6760,Lucin
00:10.90,10,foxMy6WD8iQBjGNu6io6KsEO8vf,139,2614,נυкєяѕ| Likehoj
00:07.85,1,PLPXBkhZuzfQVEX0zcVwTyNbWs7,140,101,Hèिést
00:07.85,2,PLPXBkhZuzfQVEX0zcVwTyNbWs7,140,178,DWN.skandear
00:07.85,3,PLPXBkhZuzfQVEX0zcVwTyNbWs7,140,2206,Luukasa123
00:07.85,4,PLPXBkhZuzfQVEX0zcVwTyNbWs7,140,542,ѕĸγ»МіǤ«ғฟ๏
00:07.85,5,PLPXBkhZuzfQVEX0zcVwTyNbWs7,140,889,Ғαмоυѕ.Poufi॰сав
00:07.86,6,PLPXBkhZuzfQVEX0zcVwTyNbWs7,140,1,gargı
00:07.86,7,PLPXBkhZuzfQVEX0zcVwTyNbWs7,140,43,ѕκy²oumol_«_т³
00:07.86,8,PLPXBkhZuzfQVEX0zcVwTyNbWs7,140,187,хеяох.
00:07.86,9,PLPXBkhZuzfQVEX0zcVwTyNbWs7,140,353,ғฟ๏.Drarker.Law
00:07.86,10,PLPXBkhZuzfQVEX0zcVwTyNbWs7,140,1977," ғฟ๏, LeG | Plast"
00:14.60,1,t_m_YXNxuRaiHV29a6uhm1U3T2b,141,542,ѕĸγ»МіǤ«ғฟ๏
00:14.76,2,t_m_YXNxuRaiHV29a6uhm1U3T2b,141,1037,¬ ЈŁ〢ChoW «
00:14.83,3,t_m_YXNxuRaiHV29a6uhm1U3T2b,141,300,Tres « т³
00:15.25,4,t_m_YXNxuRaiHV29a6uhm1U3T2b,141,149,Marmerladi
00:15.34,5,t_m_YXNxuRaiHV29a6uhm1U3T2b,141,4183,ヅČƏβ/Ļӛ Ǧ工ĝăÑтĒ乌ҨǜҾSσĈίαL
00:15.68,6,t_m_YXNxuRaiHV29a6uhm1U3T2b,141,7581,Kares
00:16.11,7,t_m_YXNxuRaiHV29a6uhm1U3T2b,141,487,bPlayैērシmsi
00:16.11,8,t_m_YXNxuRaiHV29a6uhm1U3T2b,141,3453,िα๓² ҂ ぬEC! « т³
00:16.17,9,t_m_YXNxuRaiHV29a6uhm1U3T2b,141,1878,Bambon
00:16.18,10,t_m_YXNxuRaiHV29a6uhm1U3T2b,141,1174,Нтм.Nad!
00:09.08,1,II6WytjahvOjyoJ8UZD8ktAU2bm,142,1683,Eltev_X
00:09.09,2,II6WytjahvOjyoJ8UZD8ktAU2bm,142,1922,฿ŁĘѶ
00:09.11,3,II6WytjahvOjyoJ8UZD8ktAU2bm,142,1009,hemmyo
00:09.12,4,II6WytjahvOjyoJ8UZD8ktAU2bm,142,1208,pio c:
00:09.12,5,II6WytjahvOjyoJ8UZD8ktAU2bm,142,2146,alecks〢ᄂᄆᄂ« т³
00:09.13,6,II6WytjahvOjyoJ8UZD8ktAU2bm,142,3341,bazrzokh
00:09.13,7,II6WytjahvOjyoJ8UZD8ktAU2bm,142,655,мѕι¬δαġ॓ġ॔.мםя
00:09.13,8,II6WytjahvOjyoJ8UZD8ktAU2bm,142,1329,STAMA
00:09.13,9,II6WytjahvOjyoJ8UZD8ktAU2bm,142,4191,матеैĿотυ
00:09.14,10,II6WytjahvOjyoJ8UZD8ktAU2bm,142,93,ғฟ๏〢alexx. infector
00:05.86,1,Uf7p2dqQ9tQoDJwpwcGFrvs3Td1,143,1174,Нтм.Nad!
00:05.91,2,Uf7p2dqQ9tQoDJwpwcGFrvs3Td1,143,745,my queen greta
00:05.92,3,Uf7p2dqQ9tQoDJwpwcGFrvs3Td1,143,450,ImminentOmelet58
00:05.94,4,Uf7p2dqQ9tQoDJwpwcGFrvs3Td1,143,101,Hèिést
00:05.95,5,Uf7p2dqQ9tQoDJwpwcGFrvs3Td1,143,43,ѕκy²oumol_«_т³
00:05.95,6,Uf7p2dqQ9tQoDJwpwcGFrvs3Td1,143,149,Marmerladi
00:05.95,7,Uf7p2dqQ9tQoDJwpwcGFrvs3Td1,143,1977," ғฟ๏, LeG | Plast"
00:05.95,8,Uf7p2dqQ9tQoDJwpwcGFrvs3Td1,143,2185,Ηцsќγ
00:05.95,9,Uf7p2dqQ9tQoDJwpwcGFrvs3Td1,143,4183,ヅČƏβ/Ļӛ Ǧ工ĝăÑтĒ乌ҨǜҾSσĈίαL
00:05.96,10,Uf7p2dqQ9tQoDJwpwcGFrvs3Td1,143,545,«厶ア» Tormod
00:11.16,1,EwYnjSYntA_ICxp26GBJ42JRLn5,144,2206,Luukasa123
00:11.18,2,EwYnjSYntA_ICxp26GBJ42JRLn5,144,695,ѕωα〤Λѕѕ т³
00:11.22,3,EwYnjSYntA_ICxp26GBJ42JRLn5,144,1078,FALCON
00:11.28,4,EwYnjSYntA_ICxp26GBJ42JRLn5,144,120,мѕι mo
00:11.28,5,EwYnjSYntA_ICxp26GBJ42JRLn5,144,450,ImminentOmelet58
00:11.28,6,EwYnjSYntA_ICxp26GBJ42JRLn5,144,1329,STAMA
00:11.28,7,EwYnjSYntA_ICxp26GBJ42JRLn5,144,3704,redank
00:11.29,8,EwYnjSYntA_ICxp26GBJ42JRLn5,144,4183,ヅČƏβ/Ļӛ Ǧ工ĝăÑтĒ乌ҨǜҾSσĈίαL
00:11.34,9,EwYnjSYntA_ICxp26GBJ42JRLn5,144,943,ehkla.
00:11.35,10,EwYnjSYntA_ICxp26GBJ42JRLn5,144,552,Fmc
00:09.03,1,UCYnQW3yft8uf28ZndPGyEhGj21,145,2114,凹 faiby ?
00:09.12,2,UCYnQW3yft8uf28ZndPGyEhGj21,145,3704,redank
00:09.13,3,UCYnQW3yft8uf28ZndPGyEhGj21,145,1977," ғฟ๏, LeG | Plast"
00:09.13,4,UCYnQW3yft8uf28ZndPGyEhGj21,145,120,мѕι mo
00:09.14,5,UCYnQW3yft8uf28ZndPGyEhGj21,145,1797,ױρאωєя.т³
00:09.14,6,UCYnQW3yft8uf28ZndPGyEhGj21,145,2029,ѕהνぬѕресטねНтм
00:09.15,7,UCYnQW3yft8uf28ZndPGyEhGj21,145,178,DWN.skandear
00:09.15,8,UCYnQW3yft8uf28ZndPGyEhGj21,145,336,»ғฟ๏« Ŀιиκ.* Law
00:09.15,9,UCYnQW3yft8uf28ZndPGyEhGj21,145,5752,zefi.
00:09.16,10,UCYnQW3yft8uf28ZndPGyEhGj21,145,1727,buzzy.
00:08.85,1,BXkQ8l9h8qBalWwzsjhG4E_YBd0,146,101,Hèिést
00:08.85,2,BXkQ8l9h8qBalWwzsjhG4E_YBd0,146,542,ѕĸγ»МіǤ«ғฟ๏
00:08.85,3,BXkQ8l9h8qBalWwzsjhG4E_YBd0,146,2098,ραяツ
00:08.86,4,BXkQ8l9h8qBalWwzsjhG4E_YBd0,146,1977," ғฟ๏, LeG | Plast"
00:08.86,5,BXkQ8l9h8qBalWwzsjhG4E_YBd0,146,3704,redank
00:08.86,6,BXkQ8l9h8qBalWwzsjhG4E_YBd0,146,450,ImminentOmelet58
00:08.86,7,BXkQ8l9h8qBalWwzsjhG4E_YBd0,146,1380,x0r
00:08.86,8,BXkQ8l9h8qBalWwzsjhG4E_YBd0,146,2206,Luukasa123
00:08.87,9,BXkQ8l9h8qBalWwzsjhG4E_YBd0,146,745,my queen greta
00:08.87,10,BXkQ8l9h8qBalWwzsjhG4E_YBd0,146,835,Ŀĸя ¬Dvorky* ॢ
00:05.23,1,nEVN6FiyKzGto8iPXy7KEusKaB2,147,2206,Luukasa123
00:05.24,2,nEVN6FiyKzGto8iPXy7KEusKaB2,147,187,хеяох.
00:05.24,3,nEVN6FiyKzGto8iPXy7KEusKaB2,147,523,Нтм.Cheetek
00:05.24,4,nEVN6FiyKzGto8iPXy7KEusKaB2,147,1037,¬ ЈŁ〢ChoW «
00:05.25,5,nEVN6FiyKzGto8iPXy7KEusKaB2,147,975,ѕκγ. flex
00:05.25,6,nEVN6FiyKzGto8iPXy7KEusKaB2,147,3092,hev
00:05.26,7,nEVN6FiyKzGto8iPXy7KEusKaB2,147,1329,STAMA
00:05.27,8,nEVN6FiyKzGto8iPXy7KEusKaB2,147,1677,Eddy!
00:05.27,9,nEVN6FiyKzGto8iPXy7KEusKaB2,147,3704,redank
00:05.27,10,nEVN6FiyKzGto8iPXy7KEusKaB2,147,450,ImminentOmelet58
00:19.84,1,b2AbZRgLQAB5jfFxC9oYhqX2rb8,148,31,ғฟ๏.ins
00:20.16,2,b2AbZRgLQAB5jfFxC9oYhqX2rb8,148,43,ѕκy²oumol_«_т³
00:20.47,3,b2AbZRgLQAB5jfFxC9oYhqX2rb8,148,4183,ヅČƏβ/Ļӛ Ǧ工ĝăÑтĒ乌ҨǜҾSσĈίαL
00:20.70,4,b2AbZRgLQAB5jfFxC9oYhqX2rb8,148,120,мѕι mo
00:20.76,5,b2AbZRgLQAB5jfFxC9oYhqX2rb8,148,1174,Нтм.Nad!
00:20.83,6,b2AbZRgLQAB5jfFxC9oYhqX2rb8,148,1071,Wakkoe
00:22.05,7,b2AbZRgLQAB5jfFxC9oYhqX2rb8,148,3704,redank
00:22.17,8,b2AbZRgLQAB5jfFxC9oYhqX2rb8,148,1727,buzzy.
00:22.29,9,b2AbZRgLQAB5jfFxC9oYhqX2rb8,148,2514,shen
00:22.30,10,b2AbZRgLQAB5jfFxC9oYhqX2rb8,148,2029,ѕהνぬѕресטねНтм
00:11.60,1,9KzboGpxhHiIcvExzPUOTot8WD9,149,608,a
00:12.09,2,9KzboGpxhHiIcvExzPUOTot8WD9,149,542,ѕĸγ»МіǤ«ғฟ๏
00:12.16,3,9KzboGpxhHiIcvExzPUOTot8WD9,149,187,хеяох.
00:12.45,4,9KzboGpxhHiIcvExzPUOTot8WD9,149,43,ѕκy²oumol_«_т³
00:12.45,5,9KzboGpxhHiIcvExzPUOTot8WD9,149,1446,Jeff Bömpos
00:12.51,6,9KzboGpxhHiIcvExzPUOTot8WD9,149,512,nexos
00:12.77,7,9KzboGpxhHiIcvExzPUOTot8WD9,149,494,kamel
00:12.77,8,9KzboGpxhHiIcvExzPUOTot8WD9,149,3955,Nem #jome
00:12.79,9,9KzboGpxhHiIcvExzPUOTot8WD9,149,1078,FALCON
00:12.87,10,9KzboGpxhHiIcvExzPUOTot8WD9,149,93,ғฟ๏〢alexx. infector
00:22.79,1,VJxWLqSGcSw2LZPKnKhGZDbBRw7,150,120,мѕι mo
00:23.89,2,VJxWLqSGcSw2LZPKnKhGZDbBRw7,150,57,i
00:23.99,3,VJxWLqSGcSw2LZPKnKhGZDbBRw7,150,3704,redank
00:24.39,4,VJxWLqSGcSw2LZPKnKhGZDbBRw7,150,1977," ғฟ๏, LeG | Plast"
00:24.52,5,VJxWLqSGcSw2LZPKnKhGZDbBRw7,150,1174,Нтм.Nad!
00:24.55,6,VJxWLqSGcSw2LZPKnKhGZDbBRw7,150,878,кเקןє13
00:25.24,7,VJxWLqSGcSw2LZPKnKhGZDbBRw7,150,542,ѕĸγ»МіǤ«ғฟ๏
00:25.25,8,VJxWLqSGcSw2LZPKnKhGZDbBRw7,150,1140,»łvi«
00:25.31,9,VJxWLqSGcSw2LZPKnKhGZDbBRw7,150,42,aeैq«т³
00:25.56,10,VJxWLqSGcSw2LZPKnKhGZDbBRw7,150,45,сав tekky.
00:17.79,1,nCrqVfreXVwuWrA4UqhozANDBN0,151,2479,nut
00:18.08,2,nCrqVfreXVwuWrA4UqhozANDBN0,151,1812,FIREFIGHTER
00:18.12,3,nCrqVfreXVwuWrA4UqhozANDBN0,151,4183,ヅČƏβ/Ļӛ Ǧ工ĝăÑтĒ乌ҨǜҾSσĈίαL
00:18.47,4,nCrqVfreXVwuWrA4UqhozANDBN0,151,957,〔 niati 〕
00:18.64,5,nCrqVfreXVwuWrA4UqhozANDBN0,151,5408,Σα¹²мακσ您
00:18.77,6,nCrqVfreXVwuWrA4UqhozANDBN0,151,3704,redank
00:18.96,7,nCrqVfreXVwuWrA4UqhozANDBN0,151,542,ѕĸγ»МіǤ«ғฟ๏
00:19.06,8,nCrqVfreXVwuWrA4UqhozANDBN0,151,78,egde
00:19.09,9,nCrqVfreXVwuWrA4UqhozANDBN0,151,346,Obra « т³
00:19.12,10,nCrqVfreXVwuWrA4UqhozANDBN0,151,2206,Luukasa123
00:19.19,1,TCs_X_T8UXIqq7PCGBJ5FhvJayj,152,3704,redank
00:21.33,2,TCs_X_T8UXIqq7PCGBJ5FhvJayj,152,4183,ヅČƏβ/Ļӛ Ǧ工ĝăÑтĒ乌ҨǜҾSσĈίαL
00:21.89,3,TCs_X_T8UXIqq7PCGBJ5FhvJayj,152,608,a
00:23.86,4,TCs_X_T8UXIqq7PCGBJ5FhvJayj,152,542,ѕĸγ»МіǤ«ғฟ๏
00:24.37,5,TCs_X_T8UXIqq7PCGBJ5FhvJayj,152,1078,FALCON
00:25.34,6,TCs_X_T8UXIqq7PCGBJ5FhvJayj,152,1798,byoš
00:25.42,7,TCs_X_T8UXIqq7PCGBJ5FhvJayj,152,978,Terminator
00:25.57,8,TCs_X_T8UXIqq7PCGBJ5FhvJayj,152,8322,~़Vוטה ๋:>
00:25.64,9,TCs_X_T8UXIqq7PCGBJ5FhvJayj,152,78,egde
00:26.57,10,TCs_X_T8UXIqq7PCGBJ5FhvJayj,152,187,хеяох.
00:17.58,1,BayvaKQE6QoxvlStmPmQbSfaNNe,153,8808,๓ไ ｲ3V5
00:17.97,2,BayvaKQE6QoxvlStmPmQbSfaNNe,153,3704,redank
00:17.98,3,BayvaKQE6QoxvlStmPmQbSfaNNe,153,542,ѕĸγ»МіǤ«ғฟ๏
00:18.07,4,BayvaKQE6QoxvlStmPmQbSfaNNe,153,1324,reasᄓnn
00:18.20,5,BayvaKQE6QoxvlStmPmQbSfaNNe,153,181,ғฟ๏.Logic'
00:18.24,6,BayvaKQE6QoxvlStmPmQbSfaNNe,153,4014,trackamania
00:18.28,7,BayvaKQE6QoxvlStmPmQbSfaNNe,153,336,»ғฟ๏« Ŀιиκ.* Law
00:18.32,8,BayvaKQE6QoxvlStmPmQbSfaNNe,153,742,॰сав l| Storm!
00:18.42,9,BayvaKQE6QoxvlStmPmQbSfaNNe,153,120,мѕι mo
00:18.46,10,BayvaKQE6QoxvlStmPmQbSfaNNe,153,943,ehkla.
00:22.78,1,R2MCPvWiqC8Kb8Ya1yFR3cE7eM,154,1798,byoš
00:30.25,2,R2MCPvWiqC8Kb8Ya1yFR3cE7eM,154,57,i
00:31.11,3,R2MCPvWiqC8Kb8Ya1yFR3cE7eM,154,450,ImminentOmelet58
00:31.27,4,R2MCPvWiqC8Kb8Ya1yFR3cE7eM,154,120,мѕι mo
00:32.51,5,R2MCPvWiqC8Kb8Ya1yFR3cE7eM,154,1727,buzzy.
00:34.30,6,R2MCPvWiqC8Kb8Ya1yFR3cE7eM,154,2011,ि७
00:39.09,7,R2MCPvWiqC8Kb8Ya1yFR3cE7eM,154,2747,Golden « т³
00:40.72,8,R2MCPvWiqC8Kb8Ya1yFR3cE7eM,154,542,ѕĸγ»МіǤ«ғฟ๏
00:40.79,9,R2MCPvWiqC8Kb8Ya1yFR3cE7eM,154,608,a
00:41.42,10,R2MCPvWiqC8Kb8Ya1yFR3cE7eM,154,849,iklu
00:12.98,1,ZIIY5wVddAtXRjUePhDbFnG_fi6,155,4183,ヅČƏβ/Ļӛ Ǧ工ĝăÑтĒ乌ҨǜҾSσĈίαL
00:13.02,2,ZIIY5wVddAtXRjUePhDbFnG_fi6,155,450,ImminentOmelet58
00:13.02,3,ZIIY5wVddAtXRjUePhDbFnG_fi6,155,1696,яхнzै
00:13.09,4,ZIIY5wVddAtXRjUePhDbFnG_fi6,155,2545, Hydrangea « Meow 
00:13.12,5,ZIIY5wVddAtXRjUePhDbFnG_fi6,155,439,ғаѕт» Hirsch!
00:13.12,6,ZIIY5wVddAtXRjUePhDbFnG_fi6,155,542,ѕĸγ»МіǤ«ғฟ๏
00:13.13,7,ZIIY5wVddAtXRjUePhDbFnG_fi6,155,1556,mab
00:13.13,8,ZIIY5wVddAtXRjUePhDbFnG_fi6,155,1396,Lemon :) ᄓ boosт³
00:13.16,9,ZIIY5wVddAtXRjUePhDbFnG_fi6,155,101,Hèिést
00:13.25,10,ZIIY5wVddAtXRjUePhDbFnG_fi6,155,5274,VictorPro123
00:08.61,1,K00FqgyDFf0KUQsmLxvouRJrWvb,156,889,Ғαмоυѕ.Poufi॰сав
00:08.82,2,K00FqgyDFf0KUQsmLxvouRJrWvb,156,93,ғฟ๏〢alexx. infector
00:08.87,3,K00FqgyDFf0KUQsmLxvouRJrWvb,156,2206,Luukasa123
00:09.82,4,K00FqgyDFf0KUQsmLxvouRJrWvb,156,5696,CCC〢Lzaps
00:10.02,5,K00FqgyDFf0KUQsmLxvouRJrWvb,156,1127,Acer Spedrun
00:10.10,6,K00FqgyDFf0KUQsmLxvouRJrWvb,156,1078,FALCON
00:10.31,7,K00FqgyDFf0KUQsmLxvouRJrWvb,156,2006,nejcig
00:10.43,8,K00FqgyDFf0KUQsmLxvouRJrWvb,156,512,nexos
00:10.61,9,K00FqgyDFf0KUQsmLxvouRJrWvb,156,542,ѕĸγ»МіǤ«ғฟ๏
00:10.70,10,K00FqgyDFf0KUQsmLxvouRJrWvb,156,1588,мםя»Fabi.¹
00:09.59,1,32daoZ2ub1tYNJUups7dNVAGd6g,157,1600,сав ¬ nellike
00:09.61,2,32daoZ2ub1tYNJUups7dNVAGd6g,157,450,ImminentOmelet58
00:09.62,3,32daoZ2ub1tYNJUups7dNVAGd6g,157,542,ѕĸγ»МіǤ«ғฟ๏
00:09.62,4,32daoZ2ub1tYNJUups7dNVAGd6g,157,3985,ңя ױ cam
00:09.62,5,32daoZ2ub1tYNJUups7dNVAGd6g,157,957,〔 niati 〕
00:09.62,6,32daoZ2ub1tYNJUups7dNVAGd6g,157,552,Fmc
00:09.63,7,32daoZ2ub1tYNJUups7dNVAGd6g,157,336,»ғฟ๏« Ŀιиκ.* Law
00:09.63,8,32daoZ2ub1tYNJUups7dNVAGd6g,157,2011,ि७
00:09.63,9,32daoZ2ub1tYNJUups7dNVAGd6g,157,312,Blacki
00:09.64,10,32daoZ2ub1tYNJUups7dNVAGd6g,157,1727,buzzy.
00:07.12,1,HteZ1RBw6NxRWxxw7u8eNyCTQef,158,545,«厶ア» Tormod
00:07.15,2,HteZ1RBw6NxRWxxw7u8eNyCTQef,158,3704,redank
00:07.16,3,HteZ1RBw6NxRWxxw7u8eNyCTQef,158,336,»ғฟ๏« Ŀιиκ.* Law
00:07.22,4,HteZ1RBw6NxRWxxw7u8eNyCTQef,158,450,ImminentOmelet58
00:07.26,5,HteZ1RBw6NxRWxxw7u8eNyCTQef,158,943,ehkla.
00:07.44,6,HteZ1RBw6NxRWxxw7u8eNyCTQef,158,120,мѕι mo
00:07.52,7,HteZ1RBw6NxRWxxw7u8eNyCTQef,158,57,i
00:09.06,8,HteZ1RBw6NxRWxxw7u8eNyCTQef,158,3165,ғяσैѕѕ
00:11.18,9,HteZ1RBw6NxRWxxw7u8eNyCTQef,158,930,ЈŁ〢ВסягιैѕĿĸя¬old¹
00:11.23,10,HteZ1RBw6NxRWxxw7u8eNyCTQef,158,512,nexos
00:07.03,1,n_zJ067NphGXcGAdrd65rU5UBr2,159,1324,reasᄓnn
00:07.14,2,n_zJ067NphGXcGAdrd65rU5UBr2,159,542,ѕĸγ»МіǤ«ғฟ๏
00:07.15,3,n_zJ067NphGXcGAdrd65rU5UBr2,159,3955,Nem #jome
00:07.31,4,n_zJ067NphGXcGAdrd65rU5UBr2,159,943,ehkla.
00:07.33,5,n_zJ067NphGXcGAdrd65rU5UBr2,159,3704,redank
00:07.34,6,n_zJ067NphGXcGAdrd65rU5UBr2,159,120,мѕι mo
00:07.34,7,n_zJ067NphGXcGAdrd65rU5UBr2,159,8234,nem..
00:07.39,8,n_zJ067NphGXcGAdrd65rU5UBr2,159,57,i
00:07.48,9,n_zJ067NphGXcGAdrd65rU5UBr2,159,6455,bigboyray2324563
00:07.48,10,n_zJ067NphGXcGAdrd65rU5UBr2,159,7442,RACERBOII
00:10.64,1,PO3ufNM4kXJOZOWZRqAOP6FRWvb,160,2873,웃laser웃
00:10.94,2,PO3ufNM4kXJOZOWZRqAOP6FRWvb,160,1677,Eddy!
00:11.27,3,PO3ufNM4kXJOZOWZRqAOP6FRWvb,160,390,wikos2
00:11.38,4,PO3ufNM4kXJOZOWZRqAOP6FRWvb,160,1208,pio c:
00:11.40,5,PO3ufNM4kXJOZOWZRqAOP6FRWvb,160,542,ѕĸγ»МіǤ«ғฟ๏
00:11.41,6,PO3ufNM4kXJOZOWZRqAOP6FRWvb,160,93,ғฟ๏〢alexx. infector
00:11.47,7,PO3ufNM4kXJOZOWZRqAOP6FRWvb,160,101,Hèिést
00:11.53,8,PO3ufNM4kXJOZOWZRqAOP6FRWvb,160,5,nixion
00:11.58,9,PO3ufNM4kXJOZOWZRqAOP6FRWvb,160,2206,Luukasa123
00:11.59,10,PO3ufNM4kXJOZOWZRqAOP6FRWvb,160,336,»ғฟ๏« Ŀιиκ.* Law
00:09.45,1,xHRzw7ulKv85UZYy2HgNAHbBcHm,161,542,ѕĸγ»МіǤ«ғฟ๏
00:09.46,2,xHRzw7ulKv85UZYy2HgNAHbBcHm,161,608,a
00:09.54,3,xHRzw7ulKv85UZYy2HgNAHbBcHm,161,1798,byoš
00:09.70,4,xHRzw7ulKv85UZYy2HgNAHbBcHm,161,957,〔 niati 〕
00:09.72,5,xHRzw7ulKv85UZYy2HgNAHbBcHm,161,5696,CCC〢Lzaps
00:09.73,6,xHRzw7ulKv85UZYy2HgNAHbBcHm,161,4021,oreo!
00:09.76,7,xHRzw7ulKv85UZYy2HgNAHbBcHm,161,78,egde
00:09.82,8,xHRzw7ulKv85UZYy2HgNAHbBcHm,161,3238,hajinmi
00:09.90,9,xHRzw7ulKv85UZYy2HgNAHbBcHm,161,3704,redank
00:09.91,10,xHRzw7ulKv85UZYy2HgNAHbBcHm,161,2479,nut
00:10.11,1,Nw562IZectqN1LnU5ipBq7jQf89,162,1950,// fey « т³ //
00:10.13,2,Nw562IZectqN1LnU5ipBq7jQf89,162,1696,яхнzै
00:10.17,3,Nw562IZectqN1LnU5ipBq7jQf89,162,542,ѕĸγ»МіǤ«ғฟ๏
00:10.20,4,Nw562IZectqN1LnU5ipBq7jQf89,162,5274,VictorPro123
00:10.24,5,Nw562IZectqN1LnU5ipBq7jQf89,162,608,a
00:10.27,6,Nw562IZectqN1LnU5ipBq7jQf89,162,4839,Law*Trick.шгн
00:10.31,7,Nw562IZectqN1LnU5ipBq7jQf89,162,43,ѕκy²oumol_«_т³
00:10.34,8,Nw562IZectqN1LnU5ipBq7jQf89,162,2496,Odracir ^-^
00:10.38,9,Nw562IZectqN1LnU5ipBq7jQf89,162,1,gargı
00:10.38,10,Nw562IZectqN1LnU5ipBq7jQf89,162,3985,ңя ױ cam
00:11.16,1,2Ch7rgFTb6XUl4JPLEK8JC3jkzl,163,487,bPlayैērシmsi
00:11.28,2,2Ch7rgFTb6XUl4JPLEK8JC3jkzl,163,450,ImminentOmelet58
00:11.38,3,2Ch7rgFTb6XUl4JPLEK8JC3jkzl,163,3955,Nem #jome
00:11.71,4,2Ch7rgFTb6XUl4JPLEK8JC3jkzl,163,120,мѕι mo
00:11.77,5,2Ch7rgFTb6XUl4JPLEK8JC3jkzl,163,542,ѕĸγ»МіǤ«ғฟ๏
00:11.98,6,2Ch7rgFTb6XUl4JPLEK8JC3jkzl,163,866,ѕκγ | HeĿion | єос
00:12.00,7,2Ch7rgFTb6XUl4JPLEK8JC3jkzl,163,1396,Lemon :) ᄓ boosт³
00:12.18,8,2Ch7rgFTb6XUl4JPLEK8JC3jkzl,163,178,DWN.skandear
00:12.34,9,2Ch7rgFTb6XUl4JPLEK8JC3jkzl,163,1,gargı
00:12.35,10,2Ch7rgFTb6XUl4JPLEK8JC3jkzl,163,6314,EL!TE
00:32.41,1,SF9RbqxkfT1tvJHxjyCDUa62ZUi,164,336,»ғฟ๏« Ŀιиκ.* Law
00:39.62,2,SF9RbqxkfT1tvJHxjyCDUa62ZUi,164,1140,»łvi«
00:44.48,3,SF9RbqxkfT1tvJHxjyCDUa62ZUi,164,599,forg
00:46.88,4,SF9RbqxkfT1tvJHxjyCDUa62ZUi,164,176,דс〤Łutinat.
00:46.93,5,SF9RbqxkfT1tvJHxjyCDUa62ZUi,164,2826,KŘOĄTĘ¬Thicc〢ѕІоώ»ЈŁ
00:49.84,6,SF9RbqxkfT1tvJHxjyCDUa62ZUi,164,542,ѕĸγ»МіǤ«ғฟ๏
00:52.48,7,SF9RbqxkfT1tvJHxjyCDUa62ZUi,164,823,Buuurd
00:58.52,8,SF9RbqxkfT1tvJHxjyCDUa62ZUi,164,36,walrus
01:05.90,9,SF9RbqxkfT1tvJHxjyCDUa62ZUi,164,101,Hèिést
01:06.34,10,SF9RbqxkfT1tvJHxjyCDUa62ZUi,164,6126,pella
00:34.66,1,p9Q7ae8PpIkz_GNwqayev6VbzW8,165,608,a
00:39.93,2,p9Q7ae8PpIkz_GNwqayev6VbzW8,165,450,ImminentOmelet58
00:50.30,3,p9Q7ae8PpIkz_GNwqayev6VbzW8,165,1396,Lemon :) ᄓ boosт³
01:03.43,4,p9Q7ae8PpIkz_GNwqayev6VbzW8,165,1727,buzzy.
01:11.19,5,p9Q7ae8PpIkz_GNwqayev6VbzW8,165,120,мѕι mo
01:11.46,6,p9Q7ae8PpIkz_GNwqayev6VbzW8,165,963,lane
01:13.87,7,p9Q7ae8PpIkz_GNwqayev6VbzW8,165,43,ѕκy²oumol_«_т³
01:16.66,8,p9Q7ae8PpIkz_GNwqayev6VbzW8,165,542,ѕĸγ»МіǤ«ғฟ๏
01:16.96,9,p9Q7ae8PpIkz_GNwqayev6VbzW8,165,4427,Kairoैs! « т³
01:18.28,10,p9Q7ae8PpIkz_GNwqayev6VbzW8,165,336,»ғฟ๏« Ŀιиκ.* Law
00:10.90,1,NZJ6CHG818wCENrNUxWg3G4vPG5,166,5501,JoblessFlower
00:10.95,2,NZJ6CHG818wCENrNUxWg3G4vPG5,166,1324,reasᄓnn
00:11.02,3,NZJ6CHG818wCENrNUxWg3G4vPG5,166,3165,ғяσैѕѕ
00:11.02,4,NZJ6CHG818wCENrNUxWg3G4vPG5,166,300,Tres « т³
00:11.09,5,NZJ6CHG818wCENrNUxWg3G4vPG5,166,542,ѕĸγ»МіǤ«ғฟ๏
00:11.14,6,NZJ6CHG818wCENrNUxWg3G4vPG5,166,2867,aryorha
00:11.17,7,NZJ6CHG818wCENrNUxWg3G4vPG5,166,580,τιחє
00:11.17,8,NZJ6CHG818wCENrNUxWg3G4vPG5,166,1990,brego×
00:11.19,9,NZJ6CHG818wCENrNUxWg3G4vPG5,166,512,nexos
00:11.19,10,NZJ6CHG818wCENrNUxWg3G4vPG5,166,8322,~़Vוטה ๋:>
00:06.16,1,NmymRieKdBmEKtB2XmlfZZtwGKk,167,943,ehkla.
00:06.16,2,NmymRieKdBmEKtB2XmlfZZtwGKk,167,542,ѕĸγ»МіǤ«ғฟ๏
00:06.27,3,NmymRieKdBmEKtB2XmlfZZtwGKk,167,1600,сав ¬ nellike
00:06.27,4,NmymRieKdBmEKtB2XmlfZZtwGKk,167,120,мѕι mo
00:06.28,5,NmymRieKdBmEKtB2XmlfZZtwGKk,167,8322,~़Vוטה ๋:>
00:06.28,6,NmymRieKdBmEKtB2XmlfZZtwGKk,167,608,a
00:06.29,7,NmymRieKdBmEKtB2XmlfZZtwGKk,167,4082,iiHugo « т³
00:06.31,8,NmymRieKdBmEKtB2XmlfZZtwGKk,167,7,LeG〢ЈонаĿѕѕ »ғฟ๏«
00:06.31,9,NmymRieKdBmEKtB2XmlfZZtwGKk,167,745,my queen greta
00:06.31,10,NmymRieKdBmEKtB2XmlfZZtwGKk,167,1683,Eltev_X
00:10.95,1,9C_RIqPhgd7jrdgWSCVzb_CgTM3,168,8322,~़Vוטה ๋:>
00:11.17,2,9C_RIqPhgd7jrdgWSCVzb_CgTM3,168,450,ImminentOmelet58
00:11.31,3,9C_RIqPhgd7jrdgWSCVzb_CgTM3,168,399,Nawk 〆oach
00:11.36,4,9C_RIqPhgd7jrdgWSCVzb_CgTM3,168,149,Marmerladi
00:11.47,5,9C_RIqPhgd7jrdgWSCVzb_CgTM3,168,120,мѕι mo
00:11.49,6,9C_RIqPhgd7jrdgWSCVzb_CgTM3,168,1037,¬ ЈŁ〢ChoW «
00:11.67,7,9C_RIqPhgd7jrdgWSCVzb_CgTM3,168,159,LeG〢ςīмī
00:11.68,8,9C_RIqPhgd7jrdgWSCVzb_CgTM3,168,1943,calzone.ジ
00:11.71,9,9C_RIqPhgd7jrdgWSCVzb_CgTM3,168,542,ѕĸγ»МіǤ«ғฟ๏
00:11.90,10,9C_RIqPhgd7jrdgWSCVzb_CgTM3,168,384,ғฟ๏.g
00:52.88,1,3nT5A3Ynxo__OQ3PmVWk4xfhyfe,169,542,ѕĸγ»МіǤ«ғฟ๏
00:54.96,2,3nT5A3Ynxo__OQ3PmVWk4xfhyfe,169,959,UNITED STATES OF DONALDTRUMPERICA
00:58.37,3,3nT5A3Ynxo__OQ3PmVWk4xfhyfe,169,2114,凹 faiby ?
01:00.34,4,3nT5A3Ynxo__OQ3PmVWk4xfhyfe,169,1798,byoš
01:06.56,5,3nT5A3Ynxo__OQ3PmVWk4xfhyfe,169,336,»ғฟ๏« Ŀιиκ.* Law
01:08.31,6,3nT5A3Ynxo__OQ3PmVWk4xfhyfe,169,1588,мםя»Fabi.¹
01:10.44,7,3nT5A3Ynxo__OQ3PmVWk4xfhyfe,169,608,a
01:11.65,8,3nT5A3Ynxo__OQ3PmVWk4xfhyfe,169,3704,redank
01:22.58,9,3nT5A3Ynxo__OQ3PmVWk4xfhyfe,169,187,хеяох.
01:23.16,10,3nT5A3Ynxo__OQ3PmVWk4xfhyfe,169,512,nexos
00:06.68,1,_J0cqwRzeKl7kBUkjaR3IJjf9d,170,2243,sauucey
00:06.70,2,_J0cqwRzeKl7kBUkjaR3IJjf9d,170,2463,LPLuce
00:06.74,3,_J0cqwRzeKl7kBUkjaR3IJjf9d,170,3360,xosar
00:06.76,4,_J0cqwRzeKl7kBUkjaR3IJjf9d,170,471,НтмKiwi   ॢ
00:06.77,5,_J0cqwRzeKl7kBUkjaR3IJjf9d,170,4252,िα๓² ayeewake ๓ไ
00:06.81,6,_J0cqwRzeKl7kBUkjaR3IJjf9d,170,1683,Eltev_X
00:06.81,7,_J0cqwRzeKl7kBUkjaR3IJjf9d,170,2206,Luukasa123
00:06.82,8,_J0cqwRzeKl7kBUkjaR3IJjf9d,170,1208,pio c:
00:06.83,9,_J0cqwRzeKl7kBUkjaR3IJjf9d,170,542,ѕĸγ»МіǤ«ғฟ๏
00:06.84,10,_J0cqwRzeKl7kBUkjaR3IJjf9d,170,512,nexos
00:10.58,1,CD2OMYXrTtollKSoE8W6JgikTce,171,542,ѕĸγ»МіǤ«ғฟ๏
00:10.87,2,CD2OMYXrTtollKSoE8W6JgikTce,171,1600,сав ¬ nellike
00:10.90,3,CD2OMYXrTtollKSoE8W6JgikTce,171,1798,byoš
00:10.98,4,CD2OMYXrTtollKSoE8W6JgikTce,171,450,ImminentOmelet58
00:11.08,5,CD2OMYXrTtollKSoE8W6JgikTce,171,336,»ғฟ๏« Ŀιиκ.* Law
00:11.10,6,CD2OMYXrTtollKSoE8W6JgikTce,171,1390,betta
00:11.12,7,CD2OMYXrTtollKSoE8W6JgikTce,171,1977," ғฟ๏, LeG | Plast"
00:11.14,8,CD2OMYXrTtollKSoE8W6JgikTce,171,2509,Clefde12
00:11.15,9,CD2OMYXrTtollKSoE8W6JgikTce,171,2361,AzYmuthS « т³
00:11.18,10,CD2OMYXrTtollKSoE8W6JgikTce,171,987,Law¬rowy
00:16.86,1,_aprylLZgjLArClMGcSVLEypPo5,172,542,ѕĸγ»МіǤ«ғฟ๏
00:16.90,2,_aprylLZgjLArClMGcSVLEypPo5,172,3704,redank
00:17.03,3,_aprylLZgjLArClMGcSVLEypPo5,172,2206,Luukasa123
00:17.33,4,_aprylLZgjLArClMGcSVLEypPo5,172,494,kamel
00:17.70,5,_aprylLZgjLArClMGcSVLEypPo5,172,4183,ヅČƏβ/Ļӛ Ǧ工ĝăÑтĒ乌ҨǜҾSσĈίαL
00:17.87,6,_aprylLZgjLArClMGcSVLEypPo5,172,4413,|๏ฟร|Mr.Trout
00:17.95,7,_aprylLZgjLArClMGcSVLEypPo5,172,7517,Bor
00:17.96,8,_aprylLZgjLArClMGcSVLEypPo5,172,3225,Silliツ
00:18.04,9,_aprylLZgjLArClMGcSVLEypPo5,172,2029,ѕהνぬѕресטねНтм
00:18.05,10,_aprylLZgjLArClMGcSVLEypPo5,172,3406,ᅢᄇᄉᄀᄔᆢ
00:11.39,1,q_r0Yawwg5qwApMoTXYmDueKfk0,173,450,ImminentOmelet58
00:12.96,2,q_r0Yawwg5qwApMoTXYmDueKfk0,173,43,ѕκy²oumol_«_т³
00:15.52,3,q_r0Yawwg5qwApMoTXYmDueKfk0,173,2479,nut
00:16.30,4,q_r0Yawwg5qwApMoTXYmDueKfk0,173,1727,buzzy.
00:16.76,5,q_r0Yawwg5qwApMoTXYmDueKfk0,173,120,мѕι mo
00:16.92,6,q_r0Yawwg5qwApMoTXYmDueKfk0,173,2904,NoPro»Skyer03
00:17.68,7,q_r0Yawwg5qwApMoTXYmDueKfk0,173,78,egde
00:17.70,8,q_r0Yawwg5qwApMoTXYmDueKfk0,173,542,ѕĸγ»МіǤ«ғฟ๏
00:17.84,9,q_r0Yawwg5qwApMoTXYmDueKfk0,173,57,i
00:18.34,10,q_r0Yawwg5qwApMoTXYmDueKfk0,173,93,ғฟ๏〢alexx. infector
00:18.25,1,psrER2jYMKZ6sxf3X4C_z_nsQif,174,346,Obra « т³
00:18.45,2,psrER2jYMKZ6sxf3X4C_z_nsQif,174,390,wikos2
00:19.12,3,psrER2jYMKZ6sxf3X4C_z_nsQif,174,4183,ヅČƏβ/Ļӛ Ǧ工ĝăÑтĒ乌ҨǜҾSσĈίαL
00:20.00,4,psrER2jYMKZ6sxf3X4C_z_nsQif,174,2206,Luukasa123
00:20.81,5,psrER2jYMKZ6sxf3X4C_z_nsQif,174,120,мѕι mo
00:21.46,6,psrER2jYMKZ6sxf3X4C_z_nsQif,174,2904,NoPro»Skyer03
00:23.43,7,psrER2jYMKZ6sxf3X4C_z_nsQif,174,3225,Silliツ
00:23.69,8,psrER2jYMKZ6sxf3X4C_z_nsQif,174,2029,ѕהνぬѕресטねНтм
00:24.23,9,psrER2jYMKZ6sxf3X4C_z_nsQif,174,101,Hèिést
00:26.39,10,psrER2jYMKZ6sxf3X4C_z_nsQif,174,93,ғฟ๏〢alexx. infector
00:05.96,1,HGYfeLWRw4vx7NuuAqbH8px0np7,175,2348,ѕняєк!ζємטѕч²
00:05.96,2,HGYfeLWRw4vx7NuuAqbH8px0np7,175,336,»ғฟ๏« Ŀιиκ.* Law
00:05.96,3,HGYfeLWRw4vx7NuuAqbH8px0np7,175,8322,~़Vוטה ๋:>
00:05.97,4,HGYfeLWRw4vx7NuuAqbH8px0np7,175,3760,еяаメjewlians_96(real) ๓ไ
00:06.01,5,HGYfeLWRw4vx7NuuAqbH8px0np7,175,7,LeG〢ЈонаĿѕѕ »ғฟ๏«
00:06.05,6,HGYfeLWRw4vx7NuuAqbH8px0np7,175,745,my queen greta
00:06.05,7,HGYfeLWRw4vx7NuuAqbH8px0np7,175,5039,Billboard ЈЄҒҒ
00:06.07,8,HGYfeLWRw4vx7NuuAqbH8px0np7,175,487,bPlayैērシmsi
00:06.09,9,HGYfeLWRw4vx7NuuAqbH8px0np7,175,542,ѕĸγ»МіǤ«ғฟ๏
00:06.10,10,HGYfeLWRw4vx7NuuAqbH8px0np7,175,3237,mrcrazykid
00:11.02,1,wl9R4c3s3_GFrivzTM5Fj69Nsq0,176,8037,akif713
00:11.11,2,wl9R4c3s3_GFrivzTM5Fj69Nsq0,176,5420,i love dziwnystan
00:11.33,3,wl9R4c3s3_GFrivzTM5Fj69Nsq0,176,1078,FALCON
00:11.38,4,wl9R4c3s3_GFrivzTM5Fj69Nsq0,176,3223,ŢȨҒᄽsyrx4ᄿ
00:11.44,5,wl9R4c3s3_GFrivzTM5Fj69Nsq0,176,2348,ѕняєк!ζємטѕч²
00:11.49,6,wl9R4c3s3_GFrivzTM5Fj69Nsq0,176,542,ѕĸγ»МіǤ«ғฟ๏
00:11.51,7,wl9R4c3s3_GFrivzTM5Fj69Nsq0,176,5274,VictorPro123
00:11.60,8,wl9R4c3s3_GFrivzTM5Fj69Nsq0,176,512,nexos
00:11.61,9,wl9R4c3s3_GFrivzTM5Fj69Nsq0,176,610,τγυтуט«
00:11.67,10,wl9R4c3s3_GFrivzTM5Fj69Nsq0,176,2298,נєαη-яєηé ヅ
00:26.75,1,0BTLlo4Yq1cJ2BXLLADzxkY2F49,177,542,ѕĸγ»МіǤ«ғฟ๏
00:28.22,2,0BTLlo4Yq1cJ2BXLLADzxkY2F49,177,1390,betta
00:28.32,3,0BTLlo4Yq1cJ2BXLLADzxkY2F49,177,823,Buuurd
00:28.92,4,0BTLlo4Yq1cJ2BXLLADzxkY2F49,177,101,Hèिést
00:28.92,5,0BTLlo4Yq1cJ2BXLLADzxkY2F49,177,43,ѕκy²oumol_«_т³
00:29.21,6,0BTLlo4Yq1cJ2BXLLADzxkY2F49,177,282,¬  Šĸуяџŋŋ ッ «
00:29.51,7,0BTLlo4Yq1cJ2BXLLADzxkY2F49,177,336,»ғฟ๏« Ŀιиκ.* Law
00:29.57,8,0BTLlo4Yq1cJ2BXLLADzxkY2F49,177,523,Нтм.Cheetek
00:29.68,9,0BTLlo4Yq1cJ2BXLLADzxkY2F49,177,120,мѕι mo
00:29.78,10,0BTLlo4Yq1cJ2BXLLADzxkY2F49,177,181,ғฟ๏.Logic'
00:18.50,1,UU1FyFmHGsCEfu6Z8uSFbCURDd4,178,3704,redank
00:20.08,2,UU1FyFmHGsCEfu6Z8uSFbCURDd4,178,542,ѕĸγ»МіǤ«ғฟ๏
00:23.31,3,UU1FyFmHGsCEfu6Z8uSFbCURDd4,178,608,a
00:26.54,4,UU1FyFmHGsCEfu6Z8uSFbCURDd4,178,1797,ױρאωєя.т³
00:33.92,5,UU1FyFmHGsCEfu6Z8uSFbCURDd4,178,78,egde
00:37.31,6,UU1FyFmHGsCEfu6Z8uSFbCURDd4,178,742,॰сав l| Storm!
00:41.54,7,UU1FyFmHGsCEfu6Z8uSFbCURDd4,178,187,хеяох.
00:44.29,8,UU1FyFmHGsCEfu6Z8uSFbCURDd4,178,57,i
00:44.36,9,UU1FyFmHGsCEfu6Z8uSFbCURDd4,178,450,ImminentOmelet58
00:45.24,10,UU1FyFmHGsCEfu6Z8uSFbCURDd4,178,1600,сав ¬ nellike
00:09.75,1,m3SmNsQou3sKRTywz1JysEHQegg,179,120,мѕι mo
00:09.79,2,m3SmNsQou3sKRTywz1JysEHQegg,179,450,ImminentOmelet58
00:09.79,3,m3SmNsQou3sKRTywz1JysEHQegg,179,336,»ғฟ๏« Ŀιиκ.* Law
00:09.97,4,m3SmNsQou3sKRTywz1JysEHQegg,179,4183,ヅČƏβ/Ļӛ Ǧ工ĝăÑтĒ乌ҨǜҾSσĈίαL
00:10.21,5,m3SmNsQou3sKRTywz1JysEHQegg,179,542,ѕĸγ»МіǤ«ғฟ๏
00:10.31,6,m3SmNsQou3sKRTywz1JysEHQegg,179,1042,×saiphyy×
00:10.67,7,m3SmNsQou3sKRTywz1JysEHQegg,179,2873,웃laser웃
00:10.93,8,m3SmNsQou3sKRTywz1JysEHQegg,179,1065,¬ ЈŁ〢Ғоैявγ «
00:11.24,9,m3SmNsQou3sKRTywz1JysEHQegg,179,3223,ŢȨҒᄽsyrx4ᄿ
00:11.56,10,m3SmNsQou3sKRTywz1JysEHQegg,179,1396,Lemon :) ᄓ boosт³
00:46.85,1,Cukw0L9X5FSg5EY8hm3NDak79D4,180,384,ғฟ๏.g
00:53.77,2,Cukw0L9X5FSg5EY8hm3NDak79D4,180,2146,alecks〢ᄂᄆᄂ« т³
00:54.79,3,Cukw0L9X5FSg5EY8hm3NDak79D4,180,434,öti
00:54.97,4,Cukw0L9X5FSg5EY8hm3NDak79D4,180,742,॰сав l| Storm!
00:56.97,5,Cukw0L9X5FSg5EY8hm3NDak79D4,180,542,ѕĸγ»МіǤ«ғฟ๏
00:57.42,6,Cukw0L9X5FSg5EY8hm3NDak79D4,180,2335,DĔFāĹדŊΩOb|๓ђ
00:57.63,7,Cukw0L9X5FSg5EY8hm3NDak79D4,180,4183,ヅČƏβ/Ļӛ Ǧ工ĝăÑтĒ乌ҨǜҾSσĈίαL
00:58.44,8,Cukw0L9X5FSg5EY8hm3NDak79D4,180,1915,мυткσ
00:58.64,9,Cukw0L9X5FSg5EY8hm3NDak79D4,180,450,ImminentOmelet58
00:58.89,10,Cukw0L9X5FSg5EY8hm3NDak79D4,180,4427,Kairoैs! « т³
00:06.27,1,_O9sB1k4g68h503xdMk1XT7GE82,181,542,ѕĸγ»МіǤ«ғฟ๏
00:06.29,2,_O9sB1k4g68h503xdMk1XT7GE82,181,487,bPlayैērシmsi
00:06.30,3,_O9sB1k4g68h503xdMk1XT7GE82,181,78,egde
00:06.31,4,_O9sB1k4g68h503xdMk1XT7GE82,181,2448,nonick
00:06.35,5,_O9sB1k4g68h503xdMk1XT7GE82,181,206,reмαĸє.єос.gѕνפ
00:06.35,6,_O9sB1k4g68h503xdMk1XT7GE82,181,353,ғฟ๏.Drarker.Law
00:06.35,7,_O9sB1k4g68h503xdMk1XT7GE82,181,336,»ғฟ๏« Ŀιиκ.* Law
00:06.36,8,_O9sB1k4g68h503xdMk1XT7GE82,181,18,ѕκγ | Ζοםωιи
00:06.36,9,_O9sB1k4g68h503xdMk1XT7GE82,181,5752,zefi.
00:06.36,10,_O9sB1k4g68h503xdMk1XT7GE82,181,2468,_
00:24.24,1,oCWGg8OzdAKlrNvu36J91n9OSIg,182,5463,pastagrows
00:25.12,2,oCWGg8OzdAKlrNvu36J91n9OSIg,182,101,Hèिést
00:25.84,3,oCWGg8OzdAKlrNvu36J91n9OSIg,182,450,ImminentOmelet58
00:26.10,4,oCWGg8OzdAKlrNvu36J91n9OSIg,182,93,ғฟ๏〢alexx. infector
00:26.38,5,oCWGg8OzdAKlrNvu36J91n9OSIg,182,120,мѕι mo
00:26.44,6,oCWGg8OzdAKlrNvu36J91n9OSIg,182,43,ѕκy²oumol_«_т³
00:26.52,7,oCWGg8OzdAKlrNvu36J91n9OSIg,182,542,ѕĸγ»МіǤ«ғฟ๏
00:26.74,8,oCWGg8OzdAKlrNvu36J91n9OSIg,182,1683,Eltev_X
00:26.74,9,oCWGg8OzdAKlrNvu36J91n9OSIg,182,987,Law¬rowy
00:26.93,10,oCWGg8OzdAKlrNvu36J91n9OSIg,182,2826,KŘOĄTĘ¬Thicc〢ѕІоώ»ЈŁ
00:08.62,1,3Lp0jL0hSg8TjUd29JixvO_Jzwa,183,542,ѕĸγ»МіǤ«ғฟ๏
00:08.80,2,3Lp0jL0hSg8TjUd29JixvO_Jzwa,183,487,bPlayैērシmsi
00:08.81,3,3Lp0jL0hSg8TjUd29JixvO_Jzwa,183,943,ehkla.
00:09.02,4,3Lp0jL0hSg8TjUd29JixvO_Jzwa,183,5752,zefi.
00:09.09,5,3Lp0jL0hSg8TjUd29JixvO_Jzwa,183,450,ImminentOmelet58
00:09.10,6,3Lp0jL0hSg8TjUd29JixvO_Jzwa,183,2206,Luukasa123
00:09.20,7,3Lp0jL0hSg8TjUd29JixvO_Jzwa,183,849,iklu
00:09.43,8,3Lp0jL0hSg8TjUd29JixvO_Jzwa,183,1812,FIREFIGHTER
00:09.66,9,3Lp0jL0hSg8TjUd29JixvO_Jzwa,183,5498,िα๓ »aleckslolol〤ρเהĸ
00:09.69,10,3Lp0jL0hSg8TjUd29JixvO_Jzwa,183,667,ΞפैΘ» SEPHY
00:07.36,1,LQZcAS6UIUS_oRkhFmXPO_fAYfe,184,2919,r4' « т³
00:07.47,2,LQZcAS6UIUS_oRkhFmXPO_fAYfe,184,487,bPlayैērシmsi
00:07.48,3,LQZcAS6UIUS_oRkhFmXPO_fAYfe,184,450,ImminentOmelet58
00:07.70,4,LQZcAS6UIUS_oRkhFmXPO_fAYfe,184,542,ѕĸγ»МіǤ«ғฟ๏
00:07.70,5,LQZcAS6UIUS_oRkhFmXPO_fAYfe,184,209,ツ]  kyafkyafkyafkyafkyafkyafk  [т³
00:08.24,6,LQZcAS6UIUS_oRkhFmXPO_fAYfe,184,545,«厶ア» Tormod
00:08.54,7,LQZcAS6UIUS_oRkhFmXPO_fAYfe,184,940,ѕтυρŀίик
00:08.68,8,LQZcAS6UIUS_oRkhFmXPO_fAYfe,184,4438,िα๓²»¬פмैт!
00:08.70,9,LQZcAS6UIUS_oRkhFmXPO_fAYfe,184,835,Ŀĸя ¬Dvorky* ॢ
00:08.75,10,LQZcAS6UIUS_oRkhFmXPO_fAYfe,184,3985,ңя ױ cam
00:48.27,1,OcBsSwxWhVnq0aNumEeCR7eTaP7,185,957,〔 niati 〕
00:48.64,2,OcBsSwxWhVnq0aNumEeCR7eTaP7,185,1001,ЈŁ SÞlîŋt
00:48.86,3,OcBsSwxWhVnq0aNumEeCR7eTaP7,185,282,¬  Šĸуяџŋŋ ッ «
00:48.90,4,OcBsSwxWhVnq0aNumEeCR7eTaP7,185,2484,Roa〆
00:48.98,5,OcBsSwxWhVnq0aNumEeCR7eTaP7,185,120,мѕι mo
00:49.00,6,OcBsSwxWhVnq0aNumEeCR7eTaP7,185,4183,ヅČƏβ/Ļӛ Ǧ工ĝăÑтĒ乌ҨǜҾSσĈίαL
00:49.05,7,OcBsSwxWhVnq0aNumEeCR7eTaP7,185,893,ЈŁ〢sßΏΉиヨシs« т³
00:49.12,8,OcBsSwxWhVnq0aNumEeCR7eTaP7,185,101,Hèिést
00:49.15,9,OcBsSwxWhVnq0aNumEeCR7eTaP7,185,1127,Acer Spedrun
00:49.22,10,OcBsSwxWhVnq0aNumEeCR7eTaP7,185,542,ѕĸγ»МіǤ«ғฟ๏
00:15.03,1,74y8hJQy2JhUmLKQ1fma5RDFe7d,186,608,a
00:17.26,2,74y8hJQy2JhUmLKQ1fma5RDFe7d,186,987,Law¬rowy
00:17.53,3,74y8hJQy2JhUmLKQ1fma5RDFe7d,186,542,ѕĸγ»МіǤ«ғฟ๏
00:18.34,4,74y8hJQy2JhUmLKQ1fma5RDFe7d,186,1798,byoš
00:18.46,5,74y8hJQy2JhUmLKQ1fma5RDFe7d,186,93,ғฟ๏〢alexx. infector
00:19.13,6,74y8hJQy2JhUmLKQ1fma5RDFe7d,186,78,egde
00:19.13,7,74y8hJQy2JhUmLKQ1fma5RDFe7d,186,494,kamel
00:19.63,8,74y8hJQy2JhUmLKQ1fma5RDFe7d,186,336,»ғฟ๏« Ŀιиκ.* Law
00:19.85,9,74y8hJQy2JhUmLKQ1fma5RDFe7d,186,139,ғฟ๏.dennis090
00:20.83,10,74y8hJQy2JhUmLKQ1fma5RDFe7d,186,57,i
00:11.24,1,Yo2oJzdSjkvcwpee3HIaFWV0bUl,187,608,a
00:12.78,2,Yo2oJzdSjkvcwpee3HIaFWV0bUl,187,3704,redank
00:13.35,3,Yo2oJzdSjkvcwpee3HIaFWV0bUl,187,336,»ғฟ๏« Ŀιиκ.* Law
00:14.56,4,Yo2oJzdSjkvcwpee3HIaFWV0bUl,187,4183,ヅČƏβ/Ļӛ Ǧ工ĝăÑтĒ乌ҨǜҾSσĈίαL
00:16.05,5,Yo2oJzdSjkvcwpee3HIaFWV0bUl,187,542,ѕĸγ»МіǤ«ғฟ๏
00:18.41,6,Yo2oJzdSjkvcwpee3HIaFWV0bUl,187,450,ImminentOmelet58
00:18.51,7,Yo2oJzdSjkvcwpee3HIaFWV0bUl,187,57,i
00:20.55,8,Yo2oJzdSjkvcwpee3HIaFWV0bUl,187,7,LeG〢ЈонаĿѕѕ »ғฟ๏«
00:23.41,9,Yo2oJzdSjkvcwpee3HIaFWV0bUl,187,454,This player is not connected via internet!
00:23.80,10,Yo2oJzdSjkvcwpee3HIaFWV0bUl,187,1320,мѕι UrangWu-tang
00:21.50,1,0Vytbj4chcBKmGiZpc6XZwrpKCm,188,2206,Luukasa123
00:21.72,2,0Vytbj4chcBKmGiZpc6XZwrpKCm,188,963,lane
00:22.19,3,0Vytbj4chcBKmGiZpc6XZwrpKCm,188,2146,alecks〢ᄂᄆᄂ« т³
00:23.22,4,0Vytbj4chcBKmGiZpc6XZwrpKCm,188,5274,VictorPro123
00:23.61,5,0Vytbj4chcBKmGiZpc6XZwrpKCm,188,450,ImminentOmelet58
00:25.71,6,0Vytbj4chcBKmGiZpc6XZwrpKCm,188,336,»ғฟ๏« Ŀιиκ.* Law
00:26.76,7,0Vytbj4chcBKmGiZpc6XZwrpKCm,188,18,ѕκγ | Ζοםωιи
00:31.69,8,0Vytbj4chcBKmGiZpc6XZwrpKCm,188,542,ѕĸγ»МіǤ«ғฟ๏
00:34.51,9,0Vytbj4chcBKmGiZpc6XZwrpKCm,188,43,ѕκy²oumol_«_т³
00:35.36,10,0Vytbj4chcBKmGiZpc6XZwrpKCm,188,1037,¬ ЈŁ〢ChoW «
00:09.77,1,2MWBKbVPQgHS7BXeDfuyOAPURi8,189,542,ѕĸγ»МіǤ«ғฟ๏
00:10.76,2,2MWBKbVPQgHS7BXeDfuyOAPURi8,189,101,Hèिést
00:10.81,3,2MWBKbVPQgHS7BXeDfuyOAPURi8,189,13,LeG〢mtat #mot
00:10.92,4,2MWBKbVPQgHS7BXeDfuyOAPURi8,189,1816,Edy ( ._.)
00:10.96,5,2MWBKbVPQgHS7BXeDfuyOAPURi8,189,4314,n44 | g0ka
00:11.20,6,2MWBKbVPQgHS7BXeDfuyOAPURi8,189,57,i
00:11.34,7,2MWBKbVPQgHS7BXeDfuyOAPURi8,189,2675,olivermax
00:11.38,8,2MWBKbVPQgHS7BXeDfuyOAPURi8,189,300,Tres « т³
00:11.81,9,2MWBKbVPQgHS7BXeDfuyOAPURi8,189,3360,xosar
00:12.05,10,2MWBKbVPQgHS7BXeDfuyOAPURi8,189,794,ĵบļェ凡иθ
00:14.61,1,eVyBjRxcGW_yo3jrPNo9orW1s04,190,1798,byoš
00:14.86,2,eVyBjRxcGW_yo3jrPNo9orW1s04,190,181,ғฟ๏.Logic'
00:14.88,3,eVyBjRxcGW_yo3jrPNo9orW1s04,190,4183,ヅČƏβ/Ļӛ Ǧ工ĝăÑтĒ乌ҨǜҾSσĈίαL
00:14.89,4,eVyBjRxcGW_yo3jrPNo9orW1s04,190,139,ғฟ๏.dennis090
00:14.90,5,eVyBjRxcGW_yo3jrPNo9orW1s04,190,5752,zefi.
00:14.92,6,eVyBjRxcGW_yo3jrPNo9orW1s04,190,1057,Verot
00:14.93,7,eVyBjRxcGW_yo3jrPNo9orW1s04,190,2448,nonick
00:15.05,8,eVyBjRxcGW_yo3jrPNo9orW1s04,190,336,»ғฟ๏« Ŀιиκ.* Law
00:15.09,9,eVyBjRxcGW_yo3jrPNo9orW1s04,190,120,мѕι mo
00:15.13,10,eVyBjRxcGW_yo3jrPNo9orW1s04,190,542,ѕĸγ»МіǤ«ғฟ๏
00:14.84,1,05RbGwco71XXjsZ71YJJLrTQAzd,191,2515,omio〢๓ђ
00:15.33,2,05RbGwco71XXjsZ71YJJLrTQAzd,191,614,мя.Focko єос〆
00:15.35,3,05RbGwco71XXjsZ71YJJLrTQAzd,191,542,ѕĸγ»МіǤ«ғฟ๏
00:16.51,4,05RbGwco71XXjsZ71YJJLrTQAzd,191,3707,SEA
00:16.68,5,05RbGwco71XXjsZ71YJJLrTQAzd,191,187,хеяох.
00:16.91,6,05RbGwco71XXjsZ71YJJLrTQAzd,191,2873,웃laser웃
00:17.10,7,05RbGwco71XXjsZ71YJJLrTQAzd,191,1903,Radowid V Srogi
00:17.24,8,05RbGwco71XXjsZ71YJJLrTQAzd,191,450,ImminentOmelet58
00:17.31,9,05RbGwco71XXjsZ71YJJLrTQAzd,191,2574,мѕι » Morale
00:17.34,10,05RbGwco71XXjsZ71YJJLrTQAzd,191,4314,n44 | g0ka
00:17.89,1,yL2DE7iUdtNZ7OOIOzGpOxs7_Ib,192,93,ғฟ๏〢alexx. infector
00:18.07,2,yL2DE7iUdtNZ7OOIOzGpOxs7_Ib,192,1390,betta
00:18.20,3,yL2DE7iUdtNZ7OOIOzGpOxs7_Ib,192,1878,Bambon
00:18.25,4,yL2DE7iUdtNZ7OOIOzGpOxs7_Ib,192,542,ѕĸγ»МіǤ«ғฟ๏
00:18.33,5,yL2DE7iUdtNZ7OOIOzGpOxs7_Ib,192,2515,omio〢๓ђ
00:18.33,6,yL2DE7iUdtNZ7OOIOzGpOxs7_Ib,192,3215,syz « т³
00:18.53,7,yL2DE7iUdtNZ7OOIOzGpOxs7_Ib,192,2574,мѕι » Morale
00:18.54,8,yL2DE7iUdtNZ7OOIOzGpOxs7_Ib,192,120,мѕι mo
00:18.57,9,yL2DE7iUdtNZ7OOIOzGpOxs7_Ib,192,1977," ғฟ๏, LeG | Plast"
00:18.59,10,yL2DE7iUdtNZ7OOIOzGpOxs7_Ib,192,336,»ғฟ๏« Ŀιиκ.* Law
00:14.54,1,3jPTmfzTGPj_ZT7Nx1cxCkuqq63,193,4059,HELM | djinn
00:14.66,2,3jPTmfzTGPj_ZT7Nx1cxCkuqq63,193,512,nexos
00:15.08,3,3jPTmfzTGPj_ZT7Nx1cxCkuqq63,193,1990,brego×
00:15.10,4,3jPTmfzTGPj_ZT7Nx1cxCkuqq63,193,542,ѕĸγ»МіǤ«ғฟ๏
00:15.38,5,3jPTmfzTGPj_ZT7Nx1cxCkuqq63,193,1528,JavidShah
00:15.39,6,3jPTmfzTGPj_ZT7Nx1cxCkuqq63,193,6008,samuelhip
00:15.43,7,3jPTmfzTGPj_ZT7Nx1cxCkuqq63,193,2448,nonick
00:15.44,8,3jPTmfzTGPj_ZT7Nx1cxCkuqq63,193,959,UNITED STATES OF DONALDTRUMPERICA
00:15.45,9,3jPTmfzTGPj_ZT7Nx1cxCkuqq63,193,7102,¬100% // Polar_15 :3
00:15.47,10,3jPTmfzTGPj_ZT7Nx1cxCkuqq63,193,120,мѕι mo
00:22.53,1,WMK9hMUkrlja0SM7vt1LZpx8WAf,194,4183,ヅČƏβ/Ļӛ Ǧ工ĝăÑтĒ乌ҨǜҾSσĈίαL
00:22.78,2,WMK9hMUkrlja0SM7vt1LZpx8WAf,194,3704,redank
00:23.05,3,WMK9hMUkrlja0SM7vt1LZpx8WAf,194,8807,NicolasVaittanen
00:23.06,4,WMK9hMUkrlja0SM7vt1LZpx8WAf,194,797,Vadi.
00:23.14,5,WMK9hMUkrlja0SM7vt1LZpx8WAf,194,450,ImminentOmelet58
00:23.14,6,WMK9hMUkrlja0SM7vt1LZpx8WAf,194,542,ѕĸγ»МіǤ«ғฟ๏
00:23.49,7,WMK9hMUkrlja0SM7vt1LZpx8WAf,194,1797,ױρאωєя.т³
00:24.35,8,WMK9hMUkrlja0SM7vt1LZpx8WAf,194,43,ѕκy²oumol_«_т³
00:24.93,9,WMK9hMUkrlja0SM7vt1LZpx8WAf,194,1174,Нтм.Nad!
00:25.02,10,WMK9hMUkrlja0SM7vt1LZpx8WAf,194,1727,buzzy.
00:18.53,1,NQAGNQMKenBCX3XQMHNZuGBKNke,195,608,a
00:19.47,2,NQAGNQMKenBCX3XQMHNZuGBKNke,195,957,〔 niati 〕
00:19.47,3,NQAGNQMKenBCX3XQMHNZuGBKNke,195,4183,ヅČƏβ/Ļӛ Ǧ工ĝăÑтĒ乌ҨǜҾSσĈίαL
00:19.58,4,NQAGNQMKenBCX3XQMHNZuGBKNke,195,450,ImminentOmelet58
00:19.66,5,NQAGNQMKenBCX3XQMHNZuGBKNke,195,542,ѕĸγ»МіǤ«ғฟ๏
00:19.74,6,NQAGNQMKenBCX3XQMHNZuGBKNke,195,797,Vadi.
00:20.30,7,NQAGNQMKenBCX3XQMHNZuGBKNke,195,18,ѕκγ | Ζοםωιи
00:20.70,8,NQAGNQMKenBCX3XQMHNZuGBKNke,195,2514,shen
00:20.73,9,NQAGNQMKenBCX3XQMHNZuGBKNke,195,1038,װ єгση װ
00:21.04,10,NQAGNQMKenBCX3XQMHNZuGBKNke,195,1677,Eddy!
00:08.65,1,HfNDnKMXFrzKyL5EQAvqwINmLv5,196,4699,הѕс¬ Axell. Law
00:08.71,2,HfNDnKMXFrzKyL5EQAvqwINmLv5,196,289,des
00:08.73,3,HfNDnKMXFrzKyL5EQAvqwINmLv5,196,433,Ŀĸя ¬ Buch
00:08.73,4,HfNDnKMXFrzKyL5EQAvqwINmLv5,196,542,ѕĸγ»МіǤ«ғฟ๏
00:08.73,5,HfNDnKMXFrzKyL5EQAvqwINmLv5,196,1006,tnt.passi
00:08.74,6,HfNDnKMXFrzKyL5EQAvqwINmLv5,196,6673,ңя ױ adriaalv
00:08.75,7,HfNDnKMXFrzKyL5EQAvqwINmLv5,196,580,τιחє
00:08.85,8,HfNDnKMXFrzKyL5EQAvqwINmLv5,196,988,LeG〢тяаĿĸя ЈŁ
00:08.86,9,HfNDnKMXFrzKyL5EQAvqwINmLv5,196,7256,Noomaok
00:08.87,10,HfNDnKMXFrzKyL5EQAvqwINmLv5,196,1677,Eddy!
00:24.48,1,JGn84TGquxL8zRTWuOAup3naBS2,197,450,ImminentOmelet58
00:25.69,2,JGn84TGquxL8zRTWuOAup3naBS2,197,608,a
00:26.02,3,JGn84TGquxL8zRTWuOAup3naBS2,197,542,ѕĸγ»МіǤ«ғฟ๏
00:26.84,4,JGn84TGquxL8zRTWuOAup3naBS2,197,487,bPlayैērシmsi
00:30.26,5,JGn84TGquxL8zRTWuOAup3naBS2,197,3704,redank
00:30.39,6,JGn84TGquxL8zRTWuOAup3naBS2,197,4183,ヅČƏβ/Ļӛ Ǧ工ĝăÑтĒ乌ҨǜҾSσĈίαL
00:30.49,7,JGn84TGquxL8zRTWuOAup3naBS2,197,101,Hèिést
00:31.09,8,JGn84TGquxL8zRTWuOAup3naBS2,197,1324,reasᄓnn
00:31.10,9,JGn84TGquxL8zRTWuOAup3naBS2,197,6149,imgooder « т³
00:31.89,10,JGn84TGquxL8zRTWuOAup3naBS2,197,1396,Lemon :) ᄓ boosт³
00:10.49,1,_qQpjZtOKYN044o2BcAUustoBX2,198,336,»ғฟ๏« Ŀιиκ.* Law
00:10.50,2,_qQpjZtOKYN044o2BcAUustoBX2,198,943,ehkla.
00:10.53,3,_qQpjZtOKYN044o2BcAUustoBX2,198,7,LeG〢ЈонаĿѕѕ »ғฟ๏«
00:10.53,4,_qQpjZtOKYN044o2BcAUustoBX2,198,120,мѕι mo
00:10.54,5,_qQpjZtOKYN044o2BcAUustoBX2,198,2748,мѕι dzam мםя
00:10.54,6,_qQpjZtOKYN044o2BcAUustoBX2,198,4183,ヅČƏβ/Ļӛ Ǧ工ĝăÑтĒ乌ҨǜҾSσĈίαL
00:10.55,7,_qQpjZtOKYN044o2BcAUustoBX2,198,608,a
00:10.55,8,_qQpjZtOKYN044o2BcAUustoBX2,198,178,DWN.skandear
00:10.55,9,_qQpjZtOKYN044o2BcAUustoBX2,198,2747,Golden « т³
00:10.56,10,_qQpjZtOKYN044o2BcAUustoBX2,198,88,hips | eX « t³
00:09.95,1,cAAo3dlV8MqwzwOswJNRkfpBhtj,199,1798,byoš
00:12.58,2,cAAo3dlV8MqwzwOswJNRkfpBhtj,199,4183,ヅČƏβ/Ļӛ Ǧ工ĝăÑтĒ乌ҨǜҾSσĈίαL
00:13.36,3,cAAo3dlV8MqwzwOswJNRkfpBhtj,199,450,ImminentOmelet58
00:15.11,4,cAAo3dlV8MqwzwOswJNRkfpBhtj,199,120,мѕι mo
00:15.21,5,cAAo3dlV8MqwzwOswJNRkfpBhtj,199,3704,redank
00:15.56,6,cAAo3dlV8MqwzwOswJNRkfpBhtj,199,336,»ғฟ๏« Ŀιиκ.* Law
00:16.11,7,cAAo3dlV8MqwzwOswJNRkfpBhtj,199,8415,िα๓² » уσυנιॅ
00:16.50,8,cAAo3dlV8MqwzwOswJNRkfpBhtj,199,1588,мםя»Fabi.¹
00:17.39,9,cAAo3dlV8MqwzwOswJNRkfpBhtj,199,2463,LPLuce
00:17.99,10,cAAo3dlV8MqwzwOswJNRkfpBhtj,199,1361,Revan
00:37.26,1,YcZrVDPBAxGvahxyrdPCCEveVA2,200,1174,Нтм.Nad!
00:39.67,2,YcZrVDPBAxGvahxyrdPCCEveVA2,200,512,nexos
00:41.11,3,YcZrVDPBAxGvahxyrdPCCEveVA2,200,3955,Nem #jome
00:42.14,4,YcZrVDPBAxGvahxyrdPCCEveVA2,200,5,nixion
00:43.32,5,YcZrVDPBAxGvahxyrdPCCEveVA2,200,120,мѕι mo
00:45.00,6,YcZrVDPBAxGvahxyrdPCCEveVA2,200,1727,buzzy.
00:45.30,7,YcZrVDPBAxGvahxyrdPCCEveVA2,200,542,ѕĸγ»МіǤ«ғฟ๏
00:46.48,8,YcZrVDPBAxGvahxyrdPCCEveVA2,200,57,i
00:46.51,9,YcZrVDPBAxGvahxyrdPCCEveVA2,200,353,ғฟ๏.Drarker.Law
00:46.78,10,YcZrVDPBAxGvahxyrdPCCEveVA2,200,31,ғฟ๏.ins
00:10.25,1,VXClnHX8kMCBsVhAX_clIqVltZ4,201,1600,сав ¬ nellike
00:17.58,2,VXClnHX8kMCBsVhAX_clIqVltZ4,201,5,nixion
00:17.67,3,VXClnHX8kMCBsVhAX_clIqVltZ4,201,336,»ғฟ๏« Ŀιиκ.* Law
00:17.81,4,VXClnHX8kMCBsVhAX_clIqVltZ4,201,512,nexos
00:17.86,5,VXClnHX8kMCBsVhAX_clIqVltZ4,201,1812,FIREFIGHTER
00:17.92,6,VXClnHX8kMCBsVhAX_clIqVltZ4,201,2747,Golden « т³
00:17.97,7,VXClnHX8kMCBsVhAX_clIqVltZ4,201,120,мѕι mo
00:17.97,8,VXClnHX8kMCBsVhAX_clIqVltZ4,201,2650,HELM | Mud
00:18.02,9,VXClnHX8kMCBsVhAX_clIqVltZ4,201,24,¬l२eैahx« т³
00:18.02,10,VXClnHX8kMCBsVhAX_clIqVltZ4,201,1013,Louffy.
00:17.92,1,K05zHqXxrPrnTdacUCVGy83bSA4,202,120,мѕι mo
00:21.53,2,K05zHqXxrPrnTdacUCVGy83bSA4,202,3165,ғяσैѕѕ
00:21.80,3,K05zHqXxrPrnTdacUCVGy83bSA4,202,5,nixion
00:21.86,4,K05zHqXxrPrnTdacUCVGy83bSA4,202,1024,ЈŁ〢SKush13〢яτх
00:21.93,5,K05zHqXxrPrnTdacUCVGy83bSA4,202,4360,ν๑ท
00:22.07,6,K05zHqXxrPrnTdacUCVGy83bSA4,202,2206,Luukasa123
00:22.07,7,K05zHqXxrPrnTdacUCVGy83bSA4,202,3704,redank
00:22.11,8,K05zHqXxrPrnTdacUCVGy83bSA4,202,178,DWN.skandear
00:22.11,9,K05zHqXxrPrnTdacUCVGy83bSA4,202,2845,ĽョΔғŁe
00:22.12,10,K05zHqXxrPrnTdacUCVGy83bSA4,202,1535,rkgk
00:13.76,1,9Y_IqlSw8hOZeL29aPoXFHAr_Ph,203,4427,Kairoैs! « т³
00:13.80,2,9Y_IqlSw8hOZeL29aPoXFHAr_Ph,203,943,ehkla.
00:13.83,3,9Y_IqlSw8hOZeL29aPoXFHAr_Ph,203,8323,CarroT
00:13.92,4,9Y_IqlSw8hOZeL29aPoXFHAr_Ph,203,542,ѕĸγ»МіǤ«ғฟ๏
00:14.01,5,9Y_IqlSw8hOZeL29aPoXFHAr_Ph,203,101,Hèिést
00:14.04,6,9Y_IqlSw8hOZeL29aPoXFHAr_Ph,203,975,ѕκγ. flex
00:14.07,7,9Y_IqlSw8hOZeL29aPoXFHAr_Ph,203,3704,redank
00:14.12,8,9Y_IqlSw8hOZeL29aPoXFHAr_Ph,203,1030,pietrak.
00:14.14,9,9Y_IqlSw8hOZeL29aPoXFHAr_Ph,203,930,ЈŁ〢ВסягιैѕĿĸя¬old¹
00:14.21,10,9Y_IqlSw8hOZeL29aPoXFHAr_Ph,203,1974,Нтм Ď®丹ǥoNヅฟřћ*
00:11.45,1,xA5RnnKINmulUS8JUOGNjSkJyYm,204,2468,_
00:11.54,2,xA5RnnKINmulUS8JUOGNjSkJyYm,204,608,a
00:11.56,3,xA5RnnKINmulUS8JUOGNjSkJyYm,204,43,ѕκy²oumol_«_т³
00:11.58,4,xA5RnnKINmulUS8JUOGNjSkJyYm,204,5001,λĘŉder :３
00:11.59,5,xA5RnnKINmulUS8JUOGNjSkJyYm,204,2514,shen
00:11.59,6,xA5RnnKINmulUS8JUOGNjSkJyYm,204,7431,ฬคтт ζ Удהפдмεг
00:11.61,7,xA5RnnKINmulUS8JUOGNjSkJyYm,204,545,«厶ア» Tormod
00:11.66,8,xA5RnnKINmulUS8JUOGNjSkJyYm,204,3207,ondavyx15
00:11.69,9,xA5RnnKINmulUS8JUOGNjSkJyYm,204,120,мѕι mo
00:11.73,10,xA5RnnKINmulUS8JUOGNjSkJyYm,204,1903,Radowid V Srogi
00:14.91,1,Tpbl5ZcQdsZHVwDzKxrXaM9dvJd,205,745,my queen greta
00:14.99,2,Tpbl5ZcQdsZHVwDzKxrXaM9dvJd,205,40,єосױנ๏κεг〆
00:15.05,3,Tpbl5ZcQdsZHVwDzKxrXaM9dvJd,205,1974,Нтм Ď®丹ǥoNヅฟřћ*
00:15.06,4,Tpbl5ZcQdsZHVwDzKxrXaM9dvJd,205,545,«厶ア» Tormod
00:15.07,5,Tpbl5ZcQdsZHVwDzKxrXaM9dvJd,205,1012,॰ωαғα |l ħקż сав <3
00:15.09,6,Tpbl5ZcQdsZHVwDzKxrXaM9dvJd,205,1798,byoš
00:15.16,7,Tpbl5ZcQdsZHVwDzKxrXaM9dvJd,205,2114,凹 faiby ?
00:15.17,8,Tpbl5ZcQdsZHVwDzKxrXaM9dvJd,205,7517,Bor
00:15.19,9,Tpbl5ZcQdsZHVwDzKxrXaM9dvJd,205,120,мѕι mo
00:15.20,10,Tpbl5ZcQdsZHVwDzKxrXaM9dvJd,205,5274,VictorPro123
00:12.69,1,JTwCeIWVSz3qornOpXdFL6uac0a,206,120,мѕι mo
00:13.24,2,JTwCeIWVSz3qornOpXdFL6uac0a,206,3704,redank
00:13.62,3,JTwCeIWVSz3qornOpXdFL6uac0a,206,57,i
00:14.28,4,JTwCeIWVSz3qornOpXdFL6uac0a,206,2243,sauucey
00:14.31,5,JTwCeIWVSz3qornOpXdFL6uac0a,206,1797,ױρאωєя.т³
00:14.93,6,JTwCeIWVSz3qornOpXdFL6uac0a,206,101,Hèिést
00:14.94,7,JTwCeIWVSz3qornOpXdFL6uac0a,206,2873,웃laser웃
00:15.13,8,JTwCeIWVSz3qornOpXdFL6uac0a,206,542,ѕĸγ»МіǤ«ғฟ๏
00:15.14,9,JTwCeIWVSz3qornOpXdFL6uac0a,206,745,my queen greta
00:15.24,10,JTwCeIWVSz3qornOpXdFL6uac0a,206,1977," ғฟ๏, LeG | Plast"
00:22.16,1,LWSYoDLmlbzwxWyWCNGcXvNXqo0,207,1396,Lemon :) ᄓ boosт³
00:22.58,2,LWSYoDLmlbzwxWyWCNGcXvNXqo0,207,1677,Eddy!
00:23.07,3,LWSYoDLmlbzwxWyWCNGcXvNXqo0,207,2448,nonick
00:23.11,4,LWSYoDLmlbzwxWyWCNGcXvNXqo0,207,8322,~़Vוטה ๋:>
00:23.18,5,LWSYoDLmlbzwxWyWCNGcXvNXqo0,207,101,Hèिést
00:23.41,6,LWSYoDLmlbzwxWyWCNGcXvNXqo0,207,7517,Bor
00:23.42,7,LWSYoDLmlbzwxWyWCNGcXvNXqo0,207,608,a
00:23.56,8,LWSYoDLmlbzwxWyWCNGcXvNXqo0,207,1797,ױρאωєя.т³
00:23.64,9,LWSYoDLmlbzwxWyWCNGcXvNXqo0,207,390,wikos2
00:23.82,10,LWSYoDLmlbzwxWyWCNGcXvNXqo0,207,3704,redank
00:07.56,1,L2KLScbcgDghRJ3a2_20RMfe0oh,208,336,»ғฟ๏« Ŀιиκ.* Law
00:07.56,2,L2KLScbcgDghRJ3a2_20RMfe0oh,208,580,τιחє
00:07.56,3,L2KLScbcgDghRJ3a2_20RMfe0oh,208,1797,ױρאωєя.т³
00:07.56,4,L2KLScbcgDghRJ3a2_20RMfe0oh,208,2912,Đґ.ЯðçĶ
00:07.56,5,L2KLScbcgDghRJ3a2_20RMfe0oh,208,1027,הѕс¬  bolleッ
00:07.56,6,L2KLScbcgDghRJ3a2_20RMfe0oh,208,2808,Verт³un!
00:07.56,7,L2KLScbcgDghRJ3a2_20RMfe0oh,208,2509,Clefde12
00:07.57,8,L2KLScbcgDghRJ3a2_20RMfe0oh,208,93,ғฟ๏〢alexx. infector
00:07.57,9,L2KLScbcgDghRJ3a2_20RMfe0oh,208,120,мѕι mo
00:07.57,10,L2KLScbcgDghRJ3a2_20RMfe0oh,208,181,ғฟ๏.Logic'
00:17.26,1,kICG7oKKivPuzcVVEaN5ATVhki2,209,608,a
00:17.72,2,kICG7oKKivPuzcVVEaN5ATVhki2,209,3704,redank
00:17.82,3,kICG7oKKivPuzcVVEaN5ATVhki2,209,987,Law¬rowy
00:19.12,4,kICG7oKKivPuzcVVEaN5ATVhki2,209,336,»ғฟ๏« Ŀιиκ.* Law
00:19.25,5,kICG7oKKivPuzcVVEaN5ATVhki2,209,2515,omio〢๓ђ
00:19.32,6,kICG7oKKivPuzcVVEaN5ATVhki2,209,1798,byoš
00:19.46,7,kICG7oKKivPuzcVVEaN5ATVhki2,209,7517,Bor
00:19.47,8,kICG7oKKivPuzcVVEaN5ATVhki2,209,4252,िα๓² ayeewake ๓ไ
00:19.49,9,kICG7oKKivPuzcVVEaN5ATVhki2,209,5752,zefi.
00:19.73,10,kICG7oKKivPuzcVVEaN5ATVhki2,209,1270,Нтм kolba
00:14.87,1,l4NSm8cOWow0Xkow997xtZp1sFk,210,2029,ѕהνぬѕресטねНтм
00:14.99,2,l4NSm8cOWow0Xkow997xtZp1sFk,210,336,»ғฟ๏« Ŀιиκ.* Law
00:14.99,3,l4NSm8cOWow0Xkow997xtZp1sFk,210,2243,sauucey
00:14.99,4,l4NSm8cOWow0Xkow997xtZp1sFk,210,4183,ヅČƏβ/Ļӛ Ǧ工ĝăÑтĒ乌ҨǜҾSσĈίαL
00:15.05,5,l4NSm8cOWow0Xkow997xtZp1sFk,210,608,a
00:15.08,6,l4NSm8cOWow0Xkow997xtZp1sFk,210,3165,ғяσैѕѕ
00:15.14,7,l4NSm8cOWow0Xkow997xtZp1sFk,210,120,мѕι mo
00:15.14,8,l4NSm8cOWow0Xkow997xtZp1sFk,210,8037,akif713
00:15.23,9,l4NSm8cOWow0Xkow997xtZp1sFk,210,1977," ғฟ๏, LeG | Plast"
00:15.23,10,l4NSm8cOWow0Xkow997xtZp1sFk,210,1174,Нтм.Nad!
00:16.69,1,c2p3c5nwmPzhbZm3XoMhyiVYZQ0,211,2114,凹 faiby ?
00:16.83,2,c2p3c5nwmPzhbZm3XoMhyiVYZQ0,211,608,a
00:17.05,3,c2p3c5nwmPzhbZm3XoMhyiVYZQ0,211,987,Law¬rowy
00:17.06,4,c2p3c5nwmPzhbZm3XoMhyiVYZQ0,211,3704,redank
00:17.15,5,c2p3c5nwmPzhbZm3XoMhyiVYZQ0,211,2448,nonick
00:17.15,6,c2p3c5nwmPzhbZm3XoMhyiVYZQ0,211,4183,ヅČƏβ/Ļӛ Ǧ工ĝăÑтĒ乌ҨǜҾSσĈίαL
00:17.17,7,c2p3c5nwmPzhbZm3XoMhyiVYZQ0,211,745,my queen greta
00:17.18,8,c2p3c5nwmPzhbZm3XoMhyiVYZQ0,211,3165,ғяσैѕѕ
00:17.18,9,c2p3c5nwmPzhbZm3XoMhyiVYZQ0,211,1174,Нтм.Nad!
00:17.18,10,c2p3c5nwmPzhbZm3XoMhyiVYZQ0,211,2904,NoPro»Skyer03
00:20.24,1,sbQZsoFMQ0yi7I4zrZn6wn06_d1,212,3704,redank
00:26.26,2,sbQZsoFMQ0yi7I4zrZn6wn06_d1,212,2894,michalo
00:27.49,3,sbQZsoFMQ0yi7I4zrZn6wn06_d1,212,2535,andzejus
00:29.73,4,sbQZsoFMQ0yi7I4zrZn6wn06_d1,212,1644,ЈН ¬ bMagma « т³
00:30.62,5,sbQZsoFMQ0yi7I4zrZn6wn06_d1,212,2029,ѕהνぬѕресטねНтм
00:32.35,6,sbQZsoFMQ0yi7I4zrZn6wn06_d1,212,43,ѕκy²oumol_«_т³
00:33.80,7,sbQZsoFMQ0yi7I4zrZn6wn06_d1,212,835,Ŀĸя ¬Dvorky* ॢ
00:33.92,8,sbQZsoFMQ0yi7I4zrZn6wn06_d1,212,5506,ZΞpћЯ4モ
00:34.12,9,sbQZsoFMQ0yi7I4zrZn6wn06_d1,212,1174,Нтм.Nad!
00:35.61,10,sbQZsoFMQ0yi7I4zrZn6wn06_d1,212,2206,Luukasa123
00:15.52,1,SWqzfLa5xr5_wQkl2PshJFtTYrd,213,3704,redank
00:15.70,2,SWqzfLa5xr5_wQkl2PshJFtTYrd,213,1977," ғฟ๏, LeG | Plast"
00:15.76,3,SWqzfLa5xr5_wQkl2PshJFtTYrd,213,1078,FALCON
00:15.79,4,SWqzfLa5xr5_wQkl2PshJFtTYrd,213,1174,Нтм.Nad!
00:15.82,5,SWqzfLa5xr5_wQkl2PshJFtTYrd,213,1042,×saiphyy×
00:15.89,6,SWqzfLa5xr5_wQkl2PshJFtTYrd,213,2509,Clefde12
00:15.93,7,SWqzfLa5xr5_wQkl2PshJFtTYrd,213,45,сав tekky.
00:15.94,8,SWqzfLa5xr5_wQkl2PshJFtTYrd,213,2826,KŘOĄTĘ¬Thicc〢ѕІоώ»ЈŁ
00:15.98,9,SWqzfLa5xr5_wQkl2PshJFtTYrd,213,1208,pio c:
00:16.01,10,SWqzfLa5xr5_wQkl2PshJFtTYrd,213,4427,Kairoैs! « т³
00:14.48,1,jedhIhNtnNZIbX7b8N2QfyyxBMe,214,3704,redank
00:14.58,2,jedhIhNtnNZIbX7b8N2QfyyxBMe,214,3696,2bike_masters
00:14.60,3,jedhIhNtnNZIbX7b8N2QfyyxBMe,214,878,кเקןє13
00:14.66,4,jedhIhNtnNZIbX7b8N2QfyyxBMe,214,2620,bPOULE | Le Grand Dadet
00:14.71,5,jedhIhNtnNZIbX7b8N2QfyyxBMe,214,1797,ױρאωєя.т³
00:14.71,6,jedhIhNtnNZIbX7b8N2QfyyxBMe,214,1977," ғฟ๏, LeG | Plast"
00:14.72,7,jedhIhNtnNZIbX7b8N2QfyyxBMe,214,7517,Bor
00:14.73,8,jedhIhNtnNZIbX7b8N2QfyyxBMe,214,2011,ि७
00:14.73,9,jedhIhNtnNZIbX7b8N2QfyyxBMe,214,3341,bazrzokh
00:14.73,10,jedhIhNtnNZIbX7b8N2QfyyxBMe,214,3505,bobo ᄓ boost
00:17.19,1,eDjkDjgh2dOMzmSilAH6nWzWBv,215,4183,ヅČƏβ/Ļӛ Ǧ工ĝăÑтĒ乌ҨǜҾSσĈίαL
00:17.20,2,eDjkDjgh2dOMzmSilAH6nWzWBv,215,2249,KURĐE¬Assa〢ғаѕт»ЈŁ
00:17.21,3,eDjkDjgh2dOMzmSilAH6nWzWBv,215,2605,Röder
00:17.24,4,eDjkDjgh2dOMzmSilAH6nWzWBv,215,542,ѕĸγ»МіǤ«ғฟ๏
00:17.27,5,eDjkDjgh2dOMzmSilAH6nWzWBv,215,181,ғฟ๏.Logic'
00:17.29,6,eDjkDjgh2dOMzmSilAH6nWzWBv,215,336,»ғฟ๏« Ŀιиκ.* Law
00:17.30,7,eDjkDjgh2dOMzmSilAH6nWzWBv,215,3360,xosar
00:17.37,8,eDjkDjgh2dOMzmSilAH6nWzWBv,215,778,[0] and bad opinion
00:17.38,9,eDjkDjgh2dOMzmSilAH6nWzWBv,215,43,ѕκy²oumol_«_т³
00:17.38,10,eDjkDjgh2dOMzmSilAH6nWzWBv,215,889,Ғαмоυѕ.Poufi॰сав
00:13.68,1,R4YXdpaN9bxUv085JhJyCqJI4Wg,216,2894,michalo
00:13.72,2,R4YXdpaN9bxUv085JhJyCqJI4Wg,216,57,i
00:13.72,3,R4YXdpaN9bxUv085JhJyCqJI4Wg,216,178,DWN.skandear
00:13.76,4,R4YXdpaN9bxUv085JhJyCqJI4Wg,216,1324,reasᄓnn
00:13.83,5,R4YXdpaN9bxUv085JhJyCqJI4Wg,216,1396,Lemon :) ᄓ boosт³
00:13.85,6,R4YXdpaN9bxUv085JhJyCqJI4Wg,216,943,ehkla.
00:13.85,7,R4YXdpaN9bxUv085JhJyCqJI4Wg,216,2904,NoPro»Skyer03
00:13.87,8,R4YXdpaN9bxUv085JhJyCqJI4Wg,216,1727,buzzy.
00:13.95,9,R4YXdpaN9bxUv085JhJyCqJI4Wg,216,93,ғฟ๏〢alexx. infector
00:13.95,10,R4YXdpaN9bxUv085JhJyCqJI4Wg,216,2873,웃laser웃
00:28.39,1,WEzdZMJu2Cv4m4hYxgjd12W8gAa,217,777,Jere
00:28.40,2,WEzdZMJu2Cv4m4hYxgjd12W8gAa,217,4082,iiHugo « т³
00:28.66,3,WEzdZMJu2Cv4m4hYxgjd12W8gAa,217,300,Tres « т³
00:28.77,4,WEzdZMJu2Cv4m4hYxgjd12W8gAa,217,4183,ヅČƏβ/Ļӛ Ǧ工ĝăÑтĒ乌ҨǜҾSσĈίαL
00:28.79,5,WEzdZMJu2Cv4m4hYxgjd12W8gAa,217,1324,reasᄓnn
00:28.80,6,WEzdZMJu2Cv4m4hYxgjd12W8gAa,217,2243,sauucey
00:28.82,7,WEzdZMJu2Cv4m4hYxgjd12W8gAa,217,4427,Kairoैs! « т³
00:28.86,8,WEzdZMJu2Cv4m4hYxgjd12W8gAa,217,2361,AzYmuthS « т³
00:28.87,9,WEzdZMJu2Cv4m4hYxgjd12W8gAa,217,927,pawelek
00:28.88,10,WEzdZMJu2Cv4m4hYxgjd12W8gAa,217,450,ImminentOmelet58
00:20.28,1,gY_wuO4bY12OuT1WqIOWTZ2P4Da,218,3704,redank
00:20.44,2,gY_wuO4bY12OuT1WqIOWTZ2P4Da,218,1037,¬ ЈŁ〢ChoW «
00:20.47,3,gY_wuO4bY12OuT1WqIOWTZ2P4Da,218,1835,hayes
00:20.65,4,gY_wuO4bY12OuT1WqIOWTZ2P4Da,218,1324,reasᄓnn
00:20.67,5,gY_wuO4bY12OuT1WqIOWTZ2P4Da,218,2506,Rubbie
00:20.72,6,gY_wuO4bY12OuT1WqIOWTZ2P4Da,218,101,Hèिést
00:20.76,7,gY_wuO4bY12OuT1WqIOWTZ2P4Da,218,552,Fmc
00:20.81,8,gY_wuO4bY12OuT1WqIOWTZ2P4Da,218,1119,Meneme
00:20.81,9,gY_wuO4bY12OuT1WqIOWTZ2P4Da,218,2209,twig
00:20.99,10,gY_wuO4bY12OuT1WqIOWTZ2P4Da,218,336,»ғฟ๏« Ŀιиκ.* Law
00:12.10,1,Vb1uh9lRARwGVSdbx1g6LC4UKdi,219,3045,ѕωα〤Ζצקקι.िα๓²
00:12.11,2,Vb1uh9lRARwGVSdbx1g6LC4UKdi,219,1977," ғฟ๏, LeG | Plast"
00:12.14,3,Vb1uh9lRARwGVSdbx1g6LC4UKdi,219,178,DWN.skandear
00:12.15,4,Vb1uh9lRARwGVSdbx1g6LC4UKdi,219,3091,「sniffa」
00:12.21,5,Vb1uh9lRARwGVSdbx1g6LC4UKdi,219,800,»Ятλ«wally²
00:12.22,6,Vb1uh9lRARwGVSdbx1g6LC4UKdi,219,542,ѕĸγ»МіǤ«ғฟ๏
00:12.22,7,Vb1uh9lRARwGVSdbx1g6LC4UKdi,219,1208,pio c:
00:12.22,8,Vb1uh9lRARwGVSdbx1g6LC4UKdi,219,2535,andzejus
00:12.23,9,Vb1uh9lRARwGVSdbx1g6LC4UKdi,219,608,a
00:12.24,10,Vb1uh9lRARwGVSdbx1g6LC4UKdi,219,3653,kzm.т³
00:15.05,1,o2Vneej0ouvNTav5LJTuygXaXz1,220,1798,byoš
00:16.02,2,o2Vneej0ouvNTav5LJTuygXaXz1,220,57,i
00:17.89,3,o2Vneej0ouvNTav5LJTuygXaXz1,220,2549,Ісегॆॅ็
00:18.85,4,o2Vneej0ouvNTav5LJTuygXaXz1,220,608,a
00:19.84,5,o2Vneej0ouvNTav5LJTuygXaXz1,220,2525,edanh
00:19.92,6,o2Vneej0ouvNTav5LJTuygXaXz1,220,1042,×saiphyy×
00:20.68,7,o2Vneej0ouvNTav5LJTuygXaXz1,220,602,รเ๓קlץ ภเςк
00:20.82,8,o2Vneej0ouvNTav5LJTuygXaXz1,220,2448,nonick
00:20.83,9,o2Vneej0ouvNTav5LJTuygXaXz1,220,3704,redank
00:21.13,10,o2Vneej0ouvNTav5LJTuygXaXz1,220,3165,ғяσैѕѕ
00:18.71,1,g2sGa4SUlB_sC39xhPMf6UNzJNl,221,3704,redank
00:19.41,2,g2sGa4SUlB_sC39xhPMf6UNzJNl,221,608,a
00:19.72,3,g2sGa4SUlB_sC39xhPMf6UNzJNl,221,2025,bijan
00:19.78,4,g2sGa4SUlB_sC39xhPMf6UNzJNl,221,542,ѕĸγ»МіǤ«ғฟ๏
00:19.78,5,g2sGa4SUlB_sC39xhPMf6UNzJNl,221,1977," ғฟ๏, LeG | Plast"
00:20.04,6,g2sGa4SUlB_sC39xhPMf6UNzJNl,221,3752,ѕצη' scy
00:20.11,7,g2sGa4SUlB_sC39xhPMf6UNzJNl,221,1078,FALCON
00:20.32,8,g2sGa4SUlB_sC39xhPMf6UNzJNl,221,1119,Meneme
00:20.39,9,g2sGa4SUlB_sC39xhPMf6UNzJNl,221,1174,Нтм.Nad!
00:20.58,10,g2sGa4SUlB_sC39xhPMf6UNzJNl,221,777,Jere
00:17.27,1,4e8NjxQQrC3Hy_7cBBOmGhbYuyi,222,3704,redank
00:17.34,2,4e8NjxQQrC3Hy_7cBBOmGhbYuyi,222,101,Hèिést
00:17.36,3,4e8NjxQQrC3Hy_7cBBOmGhbYuyi,222,336,»ғฟ๏« Ŀιиκ.* Law
00:17.41,4,4e8NjxQQrC3Hy_7cBBOmGhbYuyi,222,2243,sauucey
00:17.42,5,4e8NjxQQrC3Hy_7cBBOmGhbYuyi,222,494,kamel
00:17.48,6,4e8NjxQQrC3Hy_7cBBOmGhbYuyi,222,3165,ғяσैѕѕ
00:17.49,7,4e8NjxQQrC3Hy_7cBBOmGhbYuyi,222,7517,Bor
00:17.51,8,4e8NjxQQrC3Hy_7cBBOmGhbYuyi,222,1119,Meneme
00:17.53,9,4e8NjxQQrC3Hy_7cBBOmGhbYuyi,222,608,a
00:17.54,10,4e8NjxQQrC3Hy_7cBBOmGhbYuyi,222,4082,iiHugo « т³
00:19.02,1,kprNTNffW1tnZsojh69vFAqxeqg,223,5944,lobsterdish21
00:19.10,2,kprNTNffW1tnZsojh69vFAqxeqg,223,2128,/passi
00:19.13,3,kprNTNffW1tnZsojh69vFAqxeqg,223,994,Croustibat'
00:19.15,4,kprNTNffW1tnZsojh69vFAqxeqg,223,2515,omio〢๓ђ
00:19.18,5,kprNTNffW1tnZsojh69vFAqxeqg,223,817,Law ¬ aynyxamer.
00:19.23,6,kprNTNffW1tnZsojh69vFAqxeqg,223,3383,__
00:19.24,7,kprNTNffW1tnZsojh69vFAqxeqg,223,761,ᄀT.Dire!
00:19.25,8,kprNTNffW1tnZsojh69vFAqxeqg,223,1001,ЈŁ SÞlîŋt
00:19.26,9,kprNTNffW1tnZsojh69vFAqxeqg,223,849,iklu
00:12.97,1,gzLKuPPUS8PpmSmsmi9L9_nxyV3,224,542,ѕĸγ»МіǤ«ғฟ๏
00:12.98,2,gzLKuPPUS8PpmSmsmi9L9_nxyV3,224,93,ғฟ๏〢alexx. infector
00:13.06,3,gzLKuPPUS8PpmSmsmi9L9_nxyV3,224,3704,redank
00:13.17,4,gzLKuPPUS8PpmSmsmi9L9_nxyV3,224,893,ЈŁ〢sßΏΉиヨシs« т³
00:13.43,5,gzLKuPPUS8PpmSmsmi9L9_nxyV3,224,2243,sauucey
00:13.54,6,gzLKuPPUS8PpmSmsmi9L9_nxyV3,224,1727,buzzy.
00:13.67,7,gzLKuPPUS8PpmSmsmi9L9_nxyV3,224,863,ηЬ » Gyrule_ « т³
00:13.72,8,gzLKuPPUS8PpmSmsmi9L9_nxyV3,224,3909,lappen
00:13.73,9,gzLKuPPUS8PpmSmsmi9L9_nxyV3,224,823,Buuurd
00:13.81,10,gzLKuPPUS8PpmSmsmi9L9_nxyV3,224,1977," ғฟ๏, LeG | Plast"
00:13.43,1,MkWNLm7B4hlfgqiWjZKuJW7vQP1,225,336,»ғฟ๏« Ŀιиκ.* Law
00:13.48,2,MkWNLm7B4hlfgqiWjZKuJW7vQP1,225,745,my queen greta
00:13.57,3,MkWNLm7B4hlfgqiWjZKuJW7vQP1,225,120,мѕι mo
00:13.71,4,MkWNLm7B4hlfgqiWjZKuJW7vQP1,225,5955,mikmos
00:13.72,5,MkWNLm7B4hlfgqiWjZKuJW7vQP1,225,1396,Lemon :) ᄓ boosт³
00:13.72,6,MkWNLm7B4hlfgqiWjZKuJW7vQP1,225,5274,VictorPro123
00:13.78,7,MkWNLm7B4hlfgqiWjZKuJW7vQP1,225,4208,deadshadow
00:13.79,8,MkWNLm7B4hlfgqiWjZKuJW7vQP1,225,1812,FIREFIGHTER
00:13.83,9,MkWNLm7B4hlfgqiWjZKuJW7vQP1,225,2545, Hydrangea « Meow 
00:13.85,10,MkWNLm7B4hlfgqiWjZKuJW7vQP1,225,849,iklu
00:08.78,1,22tljplue996qf4hMIlUDtPfxxm,226,2817,jonasbern
00:08.84,2,22tljplue996qf4hMIlUDtPfxxm,226,5585,mind
00:08.89,3,22tljplue996qf4hMIlUDtPfxxm,226,2994,ĥŜħŞđĒś2
00:08.91,4,22tljplue996qf4hMIlUDtPfxxm,226,7517,Bor
00:08.95,5,22tljplue996qf4hMIlUDtPfxxm,226,849,iklu
00:09.05,6,22tljplue996qf4hMIlUDtPfxxm,226,1037,¬ ЈŁ〢ChoW «
00:09.09,7,22tljplue996qf4hMIlUDtPfxxm,226,1306,sanchi¬ѕωα
00:09.14,8,22tljplue996qf4hMIlUDtPfxxm,226,7222,Static
00:09.17,9,22tljplue996qf4hMIlUDtPfxxm,226,964,λсפ〤οѕсαя ı| мѕι
00:09.17,10,22tljplue996qf4hMIlUDtPfxxm,226,5039,Billboard ЈЄҒҒ
00:10.63,1,w5RjCzmhX1F6V1dr45Nn7KVLft4,227,608,a
00:10.66,2,w5RjCzmhX1F6V1dr45Nn7KVLft4,227,1037,¬ ЈŁ〢ChoW «
00:10.70,3,w5RjCzmhX1F6V1dr45Nn7KVLft4,227,3360,xosar
00:10.76,4,w5RjCzmhX1F6V1dr45Nn7KVLft4,227,5274,VictorPro123
00:10.78,5,w5RjCzmhX1F6V1dr45Nn7KVLft4,227,987,Law¬rowy
00:10.80,6,w5RjCzmhX1F6V1dr45Nn7KVLft4,227,1582,mitrug
00:10.84,7,w5RjCzmhX1F6V1dr45Nn7KVLft4,227,1270,Нтм kolba
00:10.84,8,w5RjCzmhX1F6V1dr45Nn7KVLft4,227,1798,byoš
00:10.85,9,w5RjCzmhX1F6V1dr45Nn7KVLft4,227,523,Нтм.Cheetek
00:10.85,10,w5RjCzmhX1F6V1dr45Nn7KVLft4,227,5408,Σα¹²мακσ您
00:13.89,1,kwuHbknIiJGl6JT0bIQOixCXzYc,228,3704,redank
00:14.56,2,kwuHbknIiJGl6JT0bIQOixCXzYc,228,1977," ғฟ๏, LeG | Plast"
00:14.81,3,kwuHbknIiJGl6JT0bIQOixCXzYc,228,608,a
00:15.38,4,kwuHbknIiJGl6JT0bIQOixCXzYc,228,1174,Нтм.Nad!
00:15.97,5,kwuHbknIiJGl6JT0bIQOixCXzYc,228,120,мѕι mo
00:17.88,7,kwuHbknIiJGl6JT0bIQOixCXzYc,228,975,ѕκγ. flex
00:18.04,8,kwuHbknIiJGl6JT0bIQOixCXzYc,228,963,lane
00:18.06,9,kwuHbknIiJGl6JT0bIQOixCXzYc,228,300,Tres « т³
00:18.13,10,kwuHbknIiJGl6JT0bIQOixCXzYc,228,1798,byoš
00:10.43,1,OrQuhCsjXhdc1cp88qfC7QtOON8,229,336,»ғฟ๏« Ŀιиκ.* Law
00:10.43,2,OrQuhCsjXhdc1cp88qfC7QtOON8,229,1600,сав ¬ nellike
00:10.44,3,OrQuhCsjXhdc1cp88qfC7QtOON8,229,45,сав tekky.
00:10.44,4,OrQuhCsjXhdc1cp88qfC7QtOON8,229,120,мѕι mo
00:10.44,5,OrQuhCsjXhdc1cp88qfC7QtOON8,229,7065,Đєxtєr〢ᄂᄆᄂ
00:10.45,6,OrQuhCsjXhdc1cp88qfC7QtOON8,229,3215,syz « т³
00:10.46,7,OrQuhCsjXhdc1cp88qfC7QtOON8,229,1977," ғฟ๏, LeG | Plast"
00:10.46,8,OrQuhCsjXhdc1cp88qfC7QtOON8,229,761,ᄀT.Dire!
00:10.48,9,OrQuhCsjXhdc1cp88qfC7QtOON8,229,608,a
00:10.48,10,OrQuhCsjXhdc1cp88qfC7QtOON8,229,3223,ŢȨҒᄽsyrx4ᄿ
00:25.89,1,4YjlS4Ho4xBHGH95EqKeoCZeSmh,230,2114,凹 faiby ?
00:26.18,2,4YjlS4Ho4xBHGH95EqKeoCZeSmh,230,4183,ヅČƏβ/Ļӛ Ǧ工ĝăÑтĒ乌ҨǜҾSσĈίαL
00:26.30,3,4YjlS4Ho4xBHGH95EqKeoCZeSmh,230,2206,Luukasa123
00:26.31,4,4YjlS4Ho4xBHGH95EqKeoCZeSmh,230,745,my queen greta
00:26.31,5,4YjlS4Ho4xBHGH95EqKeoCZeSmh,230,1012,॰ωαғα |l ħקż сав <3
00:26.35,6,4YjlS4Ho4xBHGH95EqKeoCZeSmh,230,178,DWN.skandear
00:26.36,7,4YjlS4Ho4xBHGH95EqKeoCZeSmh,230,608,a
00:26.37,8,4YjlS4Ho4xBHGH95EqKeoCZeSmh,230,987,Law¬rowy
00:26.37,9,4YjlS4Ho4xBHGH95EqKeoCZeSmh,230,1797,ױρאωєя.т³
00:26.39,10,4YjlS4Ho4xBHGH95EqKeoCZeSmh,230,101,Hèिést
00:10.23,1,_1NrfZvs7qoP6w_d9i1zYrPG3_j,231,2044,ЈŁ〢G工ΛSÖ〢HELM
00:10.32,2,_1NrfZvs7qoP6w_d9i1zYrPG3_j,231,120,мѕι mo
00:10.36,3,_1NrfZvs7qoP6w_d9i1zYrPG3_j,231,605,»Niiel // Mooo.Deva
00:10.36,4,_1NrfZvs7qoP6w_d9i1zYrPG3_j,231,3225,Silliツ
00:10.40,5,_1NrfZvs7qoP6w_d9i1zYrPG3_j,231,42,aeैq«т³
00:10.40,6,_1NrfZvs7qoP6w_d9i1zYrPG3_j,231,552,Fmc
00:10.41,7,_1NrfZvs7qoP6w_d9i1zYrPG3_j,231,1364,Tissa.
00:10.41,8,_1NrfZvs7qoP6w_d9i1zYrPG3_j,231,4875,Dadooaैble
00:10.42,9,_1NrfZvs7qoP6w_d9i1zYrPG3_j,231,718,Kubas« т³
00:10.43,10,_1NrfZvs7qoP6w_d9i1zYrPG3_j,231,1030,pietrak.
00:09.58,1,ESXoxCHq2nzWaTPSrFm5xbrNzld,232,542,ѕĸγ»МіǤ«ғฟ๏
00:09.63,2,ESXoxCHq2nzWaTPSrFm5xbrNzld,232,943,ehkla.
00:09.72,3,ESXoxCHq2nzWaTPSrFm5xbrNzld,232,1950,// fey « т³ //
00:09.73,4,ESXoxCHq2nzWaTPSrFm5xbrNzld,232,3223,ŢȨҒᄽsyrx4ᄿ
00:09.74,5,ESXoxCHq2nzWaTPSrFm5xbrNzld,232,6080,яτх¬ŋρя.ЈΛŦ
00:09.75,6,ESXoxCHq2nzWaTPSrFm5xbrNzld,232,487,bPlayैērシmsi
00:09.76,7,ESXoxCHq2nzWaTPSrFm5xbrNzld,232,2348,ѕняєк!ζємטѕч²
00:09.76,8,ESXoxCHq2nzWaTPSrFm5xbrNzld,232,975,ѕκγ. flex
00:09.77,9,ESXoxCHq2nzWaTPSrFm5xbrNzld,232,1600,сав ¬ nellike
00:09.78,10,ESXoxCHq2nzWaTPSrFm5xbrNzld,232,2025,bijan
00:12.61,1,iKy0UNlgv_SXabEqAHQFIJSMyQ8,233,1477,〤ךп¢๏ッ
00:13.43,2,iKy0UNlgv_SXabEqAHQFIJSMyQ8,233,2919,r4' « т³
00:14.12,3,iKy0UNlgv_SXabEqAHQFIJSMyQ8,233,3165,ғяσैѕѕ
00:14.80,4,iKy0UNlgv_SXabEqAHQFIJSMyQ8,233,336,»ғฟ๏« Ŀιиκ.* Law
00:15.12,5,iKy0UNlgv_SXabEqAHQFIJSMyQ8,233,2479,nut
00:15.40,6,iKy0UNlgv_SXabEqAHQFIJSMyQ8,233,5463,pastagrows
00:15.42,7,iKy0UNlgv_SXabEqAHQFIJSMyQ8,233,2873,웃laser웃
00:15.54,8,iKy0UNlgv_SXabEqAHQFIJSMyQ8,233,5577,Geneяal є๏ยlίร ЈΛŦ
00:15.58,9,iKy0UNlgv_SXabEqAHQFIJSMyQ8,233,2114,凹 faiby ?
00:15.61,10,iKy0UNlgv_SXabEqAHQFIJSMyQ8,233,4082,iiHugo « т³
00:16.67,1,f86RbkuB7YLcTj0uFAPfNuECsQi,234,3704,redank
00:17.56,2,f86RbkuB7YLcTj0uFAPfNuECsQi,234,907,τєяα.
00:18.09,3,f86RbkuB7YLcTj0uFAPfNuECsQi,234,2826,KŘOĄTĘ¬Thicc〢ѕІоώ»ЈŁ
00:18.13,4,f86RbkuB7YLcTj0uFAPfNuECsQi,234,2114,凹 faiby ?
00:18.18,5,f86RbkuB7YLcTj0uFAPfNuECsQi,234,120,мѕι mo
00:18.20,6,f86RbkuB7YLcTj0uFAPfNuECsQi,234,1119,Meneme
00:18.20,7,f86RbkuB7YLcTj0uFAPfNuECsQi,234,1324,reasᄓnn
00:18.25,8,f86RbkuB7YLcTj0uFAPfNuECsQi,234,101,Hèिést
00:18.29,9,f86RbkuB7YLcTj0uFAPfNuECsQi,234,4427,Kairoैs! « т³
00:18.30,10,f86RbkuB7YLcTj0uFAPfNuECsQi,234,178,DWN.skandear
00:09.03,1,3d7GI9KTCWin11OSIdl38BpeG70,235,336,»ғฟ๏« Ŀιиκ.* Law
00:09.05,2,3d7GI9KTCWin11OSIdl38BpeG70,235,1977," ғฟ๏, LeG | Plast"
00:09.06,3,3d7GI9KTCWin11OSIdl38BpeG70,235,667,ΞפैΘ» SEPHY
00:09.06,4,3d7GI9KTCWin11OSIdl38BpeG70,235,4183,ヅČƏβ/Ļӛ Ǧ工ĝăÑтĒ乌ҨǜҾSσĈίαL
00:09.07,5,3d7GI9KTCWin11OSIdl38BpeG70,235,120,мѕι mo
00:09.07,6,3d7GI9KTCWin11OSIdl38BpeG70,235,633,LeG〢ѕσΙυॆॅ็
00:09.07,7,3d7GI9KTCWin11OSIdl38BpeG70,235,6008,samuelhip
00:09.08,8,3d7GI9KTCWin11OSIdl38BpeG70,235,19,«ò¡ó»Thomas«λмקױ»
00:09.08,9,3d7GI9KTCWin11OSIdl38BpeG70,235,542,ѕĸγ»МіǤ«ғฟ๏
00:09.08,10,3d7GI9KTCWin11OSIdl38BpeG70,235,863,ηЬ » Gyrule_ « т³
00:11.31,1,PrOXJlqF0V7LuOrMJjGcrlUmbSe,236,3704,redank
00:11.69,2,PrOXJlqF0V7LuOrMJjGcrlUmbSe,236,943,ehkla.
00:11.74,3,PrOXJlqF0V7LuOrMJjGcrlUmbSe,236,1324,reasᄓnn
00:11.77,4,PrOXJlqF0V7LuOrMJjGcrlUmbSe,236,1024,ЈŁ〢SKush13〢яτх
00:11.78,5,PrOXJlqF0V7LuOrMJjGcrlUmbSe,236,2904,NoPro»Skyer03
00:11.83,6,PrOXJlqF0V7LuOrMJjGcrlUmbSe,236,893,ЈŁ〢sßΏΉиヨシs« т³
00:11.86,7,PrOXJlqF0V7LuOrMJjGcrlUmbSe,236,120,мѕι mo
00:11.89,8,PrOXJlqF0V7LuOrMJjGcrlUmbSe,236,6035,.иѕғ҂Chrom :3
00:11.90,9,PrOXJlqF0V7LuOrMJjGcrlUmbSe,236,777,Jere
00:11.98,10,PrOXJlqF0V7LuOrMJjGcrlUmbSe,236,542,ѕĸγ»МіǤ«ғฟ๏
00:22.19,1,EY21o_Dit9Laa1e6ldLUrVigSQj,237,4183,ヅČƏβ/Ļӛ Ǧ工ĝăÑтĒ乌ҨǜҾSσĈίαL
00:22.40,2,EY21o_Dit9Laa1e6ldLUrVigSQj,237,2114,凹 faiby ?
00:22.52,3,EY21o_Dit9Laa1e6ldLUrVigSQj,237,542,ѕĸγ»МіǤ«ғฟ๏
00:22.59,4,EY21o_Dit9Laa1e6ldLUrVigSQj,237,494,kamel
00:23.03,5,EY21o_Dit9Laa1e6ldLUrVigSQj,237,2468,_
00:23.12,6,EY21o_Dit9Laa1e6ldLUrVigSQj,237,336,»ғฟ๏« Ŀιиκ.* Law
00:23.20,7,EY21o_Dit9Laa1e6ldLUrVigSQj,237,1797,ױρאωєя.т³
00:23.37,8,EY21o_Dit9Laa1e6ldLUrVigSQj,237,1677,Eddy!
00:23.41,9,EY21o_Dit9Laa1e6ldLUrVigSQj,237,1977," ғฟ๏, LeG | Plast"
00:23.59,10,EY21o_Dit9Laa1e6ldLUrVigSQj,237,1878,Bambon
00:14.92,1,nAflDasTMAWyvZrKa3PsaAQUVAe,238,3704,redank
00:15.13,2,nAflDasTMAWyvZrKa3PsaAQUVAe,238,209,ツ]  kyafkyafkyafkyafkyafkyafk  [т³
00:16.71,3,nAflDasTMAWyvZrKa3PsaAQUVAe,238,608,a
00:17.39,4,nAflDasTMAWyvZrKa3PsaAQUVAe,238,3546,Eмßαท « т³
00:18.38,5,nAflDasTMAWyvZrKa3PsaAQUVAe,238,6207,мэפаснолк
00:18.54,6,nAflDasTMAWyvZrKa3PsaAQUVAe,238,2209,twig
00:18.56,7,nAflDasTMAWyvZrKa3PsaAQUVAe,238,1797,ױρאωєя.т³
00:20.53,8,nAflDasTMAWyvZrKa3PsaAQUVAe,238,7581,Kares
00:20.99,9,nAflDasTMAWyvZrKa3PsaAQUVAe,238,1324,reasᄓnn
00:21.01,10,nAflDasTMAWyvZrKa3PsaAQUVAe,238,2243,sauucey
00:20.10,1,Xipmarr_FYsyRHqfDKWPot4lTI0,239,5463,pastagrows
00:21.23,2,Xipmarr_FYsyRHqfDKWPot4lTI0,239,2044,ЈŁ〢G工ΛSÖ〢HELM
00:22.49,3,Xipmarr_FYsyRHqfDKWPot4lTI0,239,608,a
00:22.59,4,Xipmarr_FYsyRHqfDKWPot4lTI0,239,336,»ғฟ๏« Ŀιиκ.* Law
00:22.62,5,Xipmarr_FYsyRHqfDKWPot4lTI0,239,943,ehkla.
00:23.24,6,Xipmarr_FYsyRHqfDKWPot4lTI0,239,542,ѕĸγ»МіǤ«ғฟ๏
00:23.53,7,Xipmarr_FYsyRHqfDKWPot4lTI0,239,1977," ғฟ๏, LeG | Plast"
00:23.98,8,Xipmarr_FYsyRHqfDKWPot4lTI0,239,2361,AzYmuthS « т³
00:24.12,9,Xipmarr_FYsyRHqfDKWPot4lTI0,239,2873,웃laser웃
00:24.18,10,Xipmarr_FYsyRHqfDKWPot4lTI0,239,1012,॰ωαғα |l ħקż сав <3
00:19.47,1,XFSgm7TGujOapicotyEFw1yKqem,240,5408,Σα¹²мακσ您
00:19.59,2,XFSgm7TGujOapicotyEFw1yKqem,240,3165,ғяσैѕѕ
00:19.71,3,XFSgm7TGujOapicotyEFw1yKqem,240,1037,¬ ЈŁ〢ChoW «
00:19.72,4,XFSgm7TGujOapicotyEFw1yKqem,240,336,»ғฟ๏« Ŀιиκ.* Law
00:19.77,5,XFSgm7TGujOapicotyEFw1yKqem,240,2011,ि७
00:19.84,6,XFSgm7TGujOapicotyEFw1yKqem,240,178,DWN.skandear
00:19.86,7,XFSgm7TGujOapicotyEFw1yKqem,240,3704,redank
00:19.88,8,XFSgm7TGujOapicotyEFw1yKqem,240,1324,reasᄓnn
00:19.94,9,XFSgm7TGujOapicotyEFw1yKqem,240,975,ѕκγ. flex
00:19.95,10,XFSgm7TGujOapicotyEFw1yKqem,240,57,i
00:14.69,1,pV2NmkWR_7xScMf_VMwU0Rhlv90,241,2574,мѕι » Morale
00:14.74,2,pV2NmkWR_7xScMf_VMwU0Rhlv90,241,502,ĊĦ»nemo
00:14.81,3,pV2NmkWR_7xScMf_VMwU0Rhlv90,241,608,a
00:14.83,4,pV2NmkWR_7xScMf_VMwU0Rhlv90,241,2514,shen
00:14.83,5,pV2NmkWR_7xScMf_VMwU0Rhlv90,241,3023,ooFneses
00:14.84,6,pV2NmkWR_7xScMf_VMwU0Rhlv90,241,1025,arthy.
00:14.84,7,pV2NmkWR_7xScMf_VMwU0Rhlv90,241,2506,Rubbie
00:14.86,8,pV2NmkWR_7xScMf_VMwU0Rhlv90,241,1990,brego×
00:14.87,9,pV2NmkWR_7xScMf_VMwU0Rhlv90,241,3704,redank
00:14.89,10,pV2NmkWR_7xScMf_VMwU0Rhlv90,241,494,kamel
00:11.21,1,oPTugNFan8Q22EFeRt710HnclZm,242,93,ғฟ๏〢alexx. infector
00:11.27,2,oPTugNFan8Q22EFeRt710HnclZm,242,3341,bazrzokh
00:11.30,3,oPTugNFan8Q22EFeRt710HnclZm,242,3704,redank
00:11.38,4,oPTugNFan8Q22EFeRt710HnclZm,242,1078,FALCON
00:11.49,5,oPTugNFan8Q22EFeRt710HnclZm,242,7517,Bor
00:11.53,6,oPTugNFan8Q22EFeRt710HnclZm,242,1950,// fey « т³ //
00:11.56,7,oPTugNFan8Q22EFeRt710HnclZm,242,2206,Luukasa123
00:11.58,8,oPTugNFan8Q22EFeRt710HnclZm,242,542,ѕĸγ»МіǤ«ғฟ๏
00:11.62,9,oPTugNFan8Q22EFeRt710HnclZm,242,2126,чя.rǤџntȩЯ_ ð
00:11.62,10,oPTugNFan8Q22EFeRt710HnclZm,242,120,мѕι mo
00:17.23,1,yJ3V2YlglO7vusSGI5nVeCP8aFf,243,336,»ғฟ๏« Ŀιиκ.* Law
00:17.29,2,yJ3V2YlglO7vusSGI5nVeCP8aFf,243,608,a
00:17.79,3,yJ3V2YlglO7vusSGI5nVeCP8aFf,243,101,Hèिést
00:17.79,4,yJ3V2YlglO7vusSGI5nVeCP8aFf,243,2209,twig
00:17.80,5,yJ3V2YlglO7vusSGI5nVeCP8aFf,243,1237,MINA
00:17.83,6,yJ3V2YlglO7vusSGI5nVeCP8aFf,243,3704,redank
00:17.86,7,yJ3V2YlglO7vusSGI5nVeCP8aFf,243,745,my queen greta
00:17.90,8,yJ3V2YlglO7vusSGI5nVeCP8aFf,243,5274,VictorPro123
00:17.90,9,yJ3V2YlglO7vusSGI5nVeCP8aFf,243,4183,ヅČƏβ/Ļӛ Ǧ工ĝăÑтĒ乌ҨǜҾSσĈίαL
00:17.92,10,yJ3V2YlglO7vusSGI5nVeCP8aFf,243,2748,мѕι dzam мםя
00:20.09,1,dIZs_hAlYHxbuQWjSi1lXbINXZ6,244,4183,ヅČƏβ/Ļӛ Ǧ工ĝăÑтĒ乌ҨǜҾSσĈίαL
00:20.11,2,dIZs_hAlYHxbuQWjSi1lXbINXZ6,244,1042,×saiphyy×
00:20.31,3,dIZs_hAlYHxbuQWjSi1lXbINXZ6,244,120,мѕι mo
00:20.46,4,dIZs_hAlYHxbuQWjSi1lXbINXZ6,244,1797,ױρאωєя.т³
00:20.59,5,dIZs_hAlYHxbuQWjSi1lXbINXZ6,244,2515,omio〢๓ђ
00:20.67,6,dIZs_hAlYHxbuQWjSi1lXbINXZ6,244,101,Hèिést
00:20.69,7,dIZs_hAlYHxbuQWjSi1lXbINXZ6,244,7517,Bor
00:20.72,9,dIZs_hAlYHxbuQWjSi1lXbINXZ6,244,3955,Nem #jome
00:20.81,10,dIZs_hAlYHxbuQWjSi1lXbINXZ6,244,800,»Ятλ«wally²
00:09.06,1,0WMZPeBS4j0vsTKFq2U4gLUWiE1,245,4183,ヅČƏβ/Ļӛ Ǧ工ĝăÑтĒ乌ҨǜҾSσĈίαL
00:09.32,2,0WMZPeBS4j0vsTKFq2U4gLUWiE1,245,3114,MaxVerstappen
00:09.42,3,0WMZPeBS4j0vsTKFq2U4gLUWiE1,245,503,reden°ॆ८॒°ॅneon
00:09.50,4,0WMZPeBS4j0vsTKFq2U4gLUWiE1,245,959,UNITED STATES OF DONALDTRUMPERICA
00:09.53,5,0WMZPeBS4j0vsTKFq2U4gLUWiE1,245,997,ғrogsωα » รђгเ๏א.
00:09.56,6,0WMZPeBS4j0vsTKFq2U4gLUWiE1,245,1805,CS.eSp|uвΜ
00:09.56,7,0WMZPeBS4j0vsTKFq2U4gLUWiE1,245,5347,PolishLine
00:09.57,8,0WMZPeBS4j0vsTKFq2U4gLUWiE1,245,336,»ғฟ๏« Ŀιиκ.* Law
00:09.62,9,0WMZPeBS4j0vsTKFq2U4gLUWiE1,245,8214,johao sono
00:09.73,10,0WMZPeBS4j0vsTKFq2U4gLUWiE1,245,3165,ғяσैѕѕ
00:18.23,1,86uI5wEy7Qhs13t2ll_KEYEcPW8,246,3704,redank
00:18.43,2,86uI5wEy7Qhs13t2ll_KEYEcPW8,246,987,Law¬rowy
00:19.48,3,86uI5wEy7Qhs13t2ll_KEYEcPW8,246,1812,FIREFIGHTER
00:19.62,4,86uI5wEy7Qhs13t2ll_KEYEcPW8,246,974,Thomas
00:20.06,5,86uI5wEy7Qhs13t2ll_KEYEcPW8,246,3165,ғяσैѕѕ
00:20.22,6,86uI5wEy7Qhs13t2ll_KEYEcPW8,246,3505,bobo ᄓ boost
00:20.48,7,86uI5wEy7Qhs13t2ll_KEYEcPW8,246,2448,nonick
00:20.56,8,86uI5wEy7Qhs13t2ll_KEYEcPW8,246,2904,NoPro»Skyer03
00:20.67,9,86uI5wEy7Qhs13t2ll_KEYEcPW8,246,390,wikos2
00:20.81,10,86uI5wEy7Qhs13t2ll_KEYEcPW8,246,178,DWN.skandear
00:17.80,1,kLQATqgnIGz2PtF8ptm9un_pM1,247,4183,ヅČƏβ/Ļӛ Ǧ工ĝăÑтĒ乌ҨǜҾSσĈίαL
00:17.89,2,kLQATqgnIGz2PtF8ptm9un_pM1,247,1208,pio c:
00:17.96,3,kLQATqgnIGz2PtF8ptm9un_pM1,247,120,мѕι mo
00:18.02,4,kLQATqgnIGz2PtF8ptm9un_pM1,247,1977," ғฟ๏, LeG | Plast"
00:18.11,5,kLQATqgnIGz2PtF8ptm9un_pM1,247,1396,Lemon :) ᄓ boosт³
00:18.17,6,kLQATqgnIGz2PtF8ptm9un_pM1,247,503,reden°ॆ८॒°ॅneon
00:18.23,7,kLQATqgnIGz2PtF8ptm9un_pM1,247,1677,Eddy!
00:18.29,8,kLQATqgnIGz2PtF8ptm9un_pM1,247,5408,Σα¹²мακσ您
00:18.30,9,kLQATqgnIGz2PtF8ptm9un_pM1,247,7517,Bor
00:18.31,10,kLQATqgnIGz2PtF8ptm9un_pM1,247,2243,sauucey
00:13.24,1,S7TXyLtBnNOeOQI4NhLLvN6Aa7b,248,1037,¬ ЈŁ〢ChoW «
00:13.50,2,S7TXyLtBnNOeOQI4NhLLvN6Aa7b,248,2206,Luukasa123
00:13.51,3,S7TXyLtBnNOeOQI4NhLLvN6Aa7b,248,120,мѕι mo
00:14.06,4,S7TXyLtBnNOeOQI4NhLLvN6Aa7b,248,1797,ױρאωєя.т³
00:14.08,5,S7TXyLtBnNOeOQI4NhLLvN6Aa7b,248,4183,ヅČƏβ/Ļӛ Ǧ工ĝăÑтĒ乌ҨǜҾSσĈίαL
00:14.14,6,S7TXyLtBnNOeOQI4NhLLvN6Aa7b,248,494,kamel
00:14.15,7,S7TXyLtBnNOeOQI4NhLLvN6Aa7b,248,3704,redank
00:14.19,8,S7TXyLtBnNOeOQI4NhLLvN6Aa7b,248,178,DWN.skandear
00:14.23,9,S7TXyLtBnNOeOQI4NhLLvN6Aa7b,248,503,reden°ॆ८॒°ॅneon
00:14.24,10,S7TXyLtBnNOeOQI4NhLLvN6Aa7b,248,1812,FIREFIGHTER
00:13.64,1,7tjAh6BpWj6eSPZehsutTwELAfk,249,2187,zetos.
00:13.65,2,7tjAh6BpWj6eSPZehsutTwELAfk,249,1295,Blessed.
00:13.65,3,7tjAh6BpWj6eSPZehsutTwELAfk,249,1683,Eltev_X
00:13.66,4,7tjAh6BpWj6eSPZehsutTwELAfk,249,2236,Evozer
00:13.66,5,7tjAh6BpWj6eSPZehsutTwELAfk,249,8573,RedLucas.
00:13.67,6,7tjAh6BpWj6eSPZehsutTwELAfk,249,434,öti
00:13.68,7,7tjAh6BpWj6eSPZehsutTwELAfk,249,1677,Eddy!
00:13.70,8,7tjAh6BpWj6eSPZehsutTwELAfk,249,1950,// fey « т³ //
00:13.70,9,7tjAh6BpWj6eSPZehsutTwELAfk,249,7264,Lolodpro
00:13.72,10,7tjAh6BpWj6eSPZehsutTwELAfk,249,927,pawelek
00:17.55,1,nEOGfQ8W1iYS6PiFVqB8Eda_4bc,250,336,»ғฟ๏« Ŀιиκ.* Law
00:17.64,2,nEOGfQ8W1iYS6PiFVqB8Eda_4bc,250,608,a
00:17.67,3,nEOGfQ8W1iYS6PiFVqB8Eda_4bc,250,178,DWN.skandear
00:17.71,4,nEOGfQ8W1iYS6PiFVqB8Eda_4bc,250,9377,Diaz
00:17.74,5,nEOGfQ8W1iYS6PiFVqB8Eda_4bc,250,101,Hèिést
00:17.79,6,nEOGfQ8W1iYS6PiFVqB8Eda_4bc,250,1977," ғฟ๏, LeG | Plast"
00:17.84,7,nEOGfQ8W1iYS6PiFVqB8Eda_4bc,250,3704,redank
00:17.86,8,nEOGfQ8W1iYS6PiFVqB8Eda_4bc,250,2574,мѕι » Morale
00:17.92,9,nEOGfQ8W1iYS6PiFVqB8Eda_4bc,250,1078,FALCON
00:17.93,10,nEOGfQ8W1iYS6PiFVqB8Eda_4bc,250,8322,~़Vוטה ๋:>
00:15.40,1,7ykxjr_DvbWBtZKDlsm9wTnzji2,251,695,ѕωα〤Λѕѕ т³
00:15.61,2,7ykxjr_DvbWBtZKDlsm9wTnzji2,251,235,AGN· aFғエ
00:15.63,3,7ykxjr_DvbWBtZKDlsm9wTnzji2,251,42,aeैq«т³
00:15.65,4,7ykxjr_DvbWBtZKDlsm9wTnzji2,251,539,めeैlirium« ғѕт
00:15.69,5,7ykxjr_DvbWBtZKDlsm9wTnzji2,251,1797,ױρאωєя.т³
00:15.79,6,7ykxjr_DvbWBtZKDlsm9wTnzji2,251,442,ᄽҒŁγііהǥᄿTe๓קєroя
00:15.81,7,7ykxjr_DvbWBtZKDlsm9wTnzji2,251,3225,Silliツ
00:15.83,8,7ykxjr_DvbWBtZKDlsm9wTnzji2,251,2713,NICK
00:15.86,9,7ykxjr_DvbWBtZKDlsm9wTnzji2,251,5274,VictorPro123
00:15.87,10,7ykxjr_DvbWBtZKDlsm9wTnzji2,251,3704,redank
00:13.91,1,LgeGLs9GNPmnB7GeVoioXq_51K7,252,1174,Нтм.Nad!
00:13.93,2,LgeGLs9GNPmnB7GeVoioXq_51K7,252,5696,CCC〢Lzaps
00:13.97,3,LgeGLs9GNPmnB7GeVoioXq_51K7,252,2514,shen
00:13.99,4,LgeGLs9GNPmnB7GeVoioXq_51K7,252,120,мѕι mo
00:14.06,5,LgeGLs9GNPmnB7GeVoioXq_51K7,252,5408,Σα¹²мακσ您
00:14.10,6,LgeGLs9GNPmnB7GeVoioXq_51K7,252,835,Ŀĸя ¬Dvorky* ॢ
00:14.10,7,LgeGLs9GNPmnB7GeVoioXq_51K7,252,3165,ғяσैѕѕ
00:14.11,8,LgeGLs9GNPmnB7GeVoioXq_51K7,252,5,nixion
00:14.11,9,LgeGLs9GNPmnB7GeVoioXq_51K7,252,1446,Jeff Bömpos
00:14.13,10,LgeGLs9GNPmnB7GeVoioXq_51K7,252,7184,Row
00:27.02,1,WLZbCxW9p4UharYTdf52kom0fii,253,2011,ि७
00:27.94,2,WLZbCxW9p4UharYTdf52kom0fii,253,3704,redank
00:28.66,3,WLZbCxW9p4UharYTdf52kom0fii,253,1798,byoš
00:29.80,4,WLZbCxW9p4UharYTdf52kom0fii,253,2114,凹 faiby ?
00:30.80,5,WLZbCxW9p4UharYTdf52kom0fii,253,1174,Нтм.Nad!
00:31.99,6,WLZbCxW9p4UharYTdf52kom0fii,253,101,Hèिést
00:32.75,7,WLZbCxW9p4UharYTdf52kom0fii,253,3760,еяаメjewlians_96(real) ๓ไ
00:32.78,8,WLZbCxW9p4UharYTdf52kom0fii,253,120,мѕι mo
00:32.85,9,WLZbCxW9p4UharYTdf52kom0fii,253,3165,ғяσैѕѕ
00:32.92,10,WLZbCxW9p4UharYTdf52kom0fii,253,608,a
00:06.06,1,JB9VgSIQ8khm2ttbgBzh0u8aU8b,254,2873,웃laser웃
00:06.17,2,JB9VgSIQ8khm2ttbgBzh0u8aU8b,254,1527,Rakas
00:06.17,3,JB9VgSIQ8khm2ttbgBzh0u8aU8b,254,2110,הg Dragster דнט'טм
00:06.24,4,JB9VgSIQ8khm2ttbgBzh0u8aU8b,254,3553,Mstãrd.
00:06.27,5,JB9VgSIQ8khm2ttbgBzh0u8aU8b,254,1025,arthy.
00:06.30,6,JB9VgSIQ8khm2ttbgBzh0u8aU8b,254,3225,Silliツ
00:06.37,7,JB9VgSIQ8khm2ttbgBzh0u8aU8b,254,1977," ғฟ๏, LeG | Plast"
00:06.38,8,JB9VgSIQ8khm2ttbgBzh0u8aU8b,254,937,buy which one in chinese
00:06.38,9,JB9VgSIQ8khm2ttbgBzh0u8aU8b,254,1542,〤Rata!bataै
00:06.40,10,JB9VgSIQ8khm2ttbgBzh0u8aU8b,254,99,SHORT KING
00:20.92,1,0hgisJsCwywoLPa1uiGQIdW1X22,255,3225,Silliツ
00:20.93,2,0hgisJsCwywoLPa1uiGQIdW1X22,255,777,Jere
00:21.06,3,0hgisJsCwywoLPa1uiGQIdW1X22,255,1396,Lemon :) ᄓ boosт³
00:21.11,4,0hgisJsCwywoLPa1uiGQIdW1X22,255,1797,ױρאωєя.т³
00:21.18,5,0hgisJsCwywoLPa1uiGQIdW1X22,255,1798,byoš
00:21.19,6,0hgisJsCwywoLPa1uiGQIdW1X22,255,120,мѕι mo
00:21.19,7,0hgisJsCwywoLPa1uiGQIdW1X22,255,4427,Kairoैs! « т³
00:21.20,8,0hgisJsCwywoLPa1uiGQIdW1X22,255,2479,nut
00:21.22,9,0hgisJsCwywoLPa1uiGQIdW1X22,255,542,ѕĸγ»МіǤ«ғฟ๏
00:21.27,10,0hgisJsCwywoLPa1uiGQIdW1X22,255,1878,Bambon
00:08.86,1,7SgPXo0QC7ZwpFP70BCwQBnd5Nm,256,4699,הѕс¬ Axell. Law
00:13.49,2,7SgPXo0QC7ZwpFP70BCwQBnd5Nm,256,101,Hèिést
00:13.70,3,7SgPXo0QC7ZwpFP70BCwQBnd5Nm,256,1762,ңяױ อטѕн wrh*
00:13.70,4,7SgPXo0QC7ZwpFP70BCwQBnd5Nm,256,608,a
00:13.79,5,7SgPXo0QC7ZwpFP70BCwQBnd5Nm,256,5070,deis
00:13.84,6,7SgPXo0QC7ZwpFP70BCwQBnd5Nm,256,2904,NoPro»Skyer03
00:13.86,7,7SgPXo0QC7ZwpFP70BCwQBnd5Nm,256,975,ѕκγ. flex
00:13.97,8,7SgPXo0QC7ZwpFP70BCwQBnd5Nm,256,930,ЈŁ〢ВסягιैѕĿĸя¬old¹
00:14.19,9,7SgPXo0QC7ZwpFP70BCwQBnd5Nm,256,47,bladee
00:14.29,10,7SgPXo0QC7ZwpFP70BCwQBnd5Nm,256,3704,redank
00:26.98,1,zBaaNaAnPfUW8ojDbRX70ijWD3a,257,7581,Kares
00:27.07,2,zBaaNaAnPfUW8ojDbRX70ijWD3a,257,2361,AzYmuthS « т³
00:27.13,3,zBaaNaAnPfUW8ojDbRX70ijWD3a,257,282,¬  Šĸуяџŋŋ ッ «
00:27.18,4,zBaaNaAnPfUW8ojDbRX70ijWD3a,257,1001,ЈŁ SÞlîŋt
00:27.22,5,zBaaNaAnPfUW8ojDbRX70ijWD3a,257,863,ηЬ » Gyrule_ « т³
00:27.28,6,zBaaNaAnPfUW8ojDbRX70ijWD3a,257,4252,िα๓² ayeewake ๓ไ
00:27.31,7,zBaaNaAnPfUW8ojDbRX70ijWD3a,257,777,Jere
00:27.35,8,zBaaNaAnPfUW8ojDbRX70ijWD3a,257,1588,мםя»Fabi.¹
00:27.36,9,zBaaNaAnPfUW8ojDbRX70ijWD3a,257,178,DWN.skandear
00:27.37,10,zBaaNaAnPfUW8ojDbRX70ijWD3a,257,3515,ants
00:27.51,1,ZIVgsrW9iBw2y8sIVY2mBzW487e,258,3704,redank
00:28.53,2,ZIVgsrW9iBw2y8sIVY2mBzW487e,258,120,мѕι mo
00:30.55,3,ZIVgsrW9iBw2y8sIVY2mBzW487e,258,4252,िα๓² ayeewake ๓ไ
00:32.12,4,ZIVgsrW9iBw2y8sIVY2mBzW487e,258,777,Jere
00:34.78,5,ZIVgsrW9iBw2y8sIVY2mBzW487e,258,300,Tres « т³
00:35.24,6,ZIVgsrW9iBw2y8sIVY2mBzW487e,258,178,DWN.skandear
00:35.38,7,ZIVgsrW9iBw2y8sIVY2mBzW487e,258,2126,чя.rǤџntȩЯ_ ð
00:36.00,8,ZIVgsrW9iBw2y8sIVY2mBzW487e,258,542,ѕĸγ»МіǤ«ғฟ๏
00:36.61,9,ZIVgsrW9iBw2y8sIVY2mBzW487e,258,2243,sauucey
00:36.66,10,ZIVgsrW9iBw2y8sIVY2mBzW487e,258,7517,Bor
00:07.22,1,_wreptkO20VuouIp336xkERuAp6,259,3704,redank
00:07.48,2,_wreptkO20VuouIp336xkERuAp6,259,6673,ңя ױ adriaalv
00:07.54,3,_wreptkO20VuouIp336xkERuAp6,259,2925,Hollow
00:07.59,4,_wreptkO20VuouIp336xkERuAp6,259,2243,sauucey
00:09.61,5,_wreptkO20VuouIp336xkERuAp6,259,181,ғฟ๏.Logic'
00:09.75,6,_wreptkO20VuouIp336xkERuAp6,259,8632,car driver
00:09.78,7,_wreptkO20VuouIp336xkERuAp6,259,336,»ғฟ๏« Ŀιиκ.* Law
00:09.83,8,_wreptkO20VuouIp336xkERuAp6,259,120,мѕι mo
00:09.84,9,_wreptkO20VuouIp336xkERuAp6,259,8037,akif713
00:09.89,10,_wreptkO20VuouIp336xkERuAp6,259,1012,॰ωαғα |l ħקż сав <3
00:18.37,1,E_Il_gXwpbSmO3QuMFyVxnd2Dig,260,4183,ヅČƏβ/Ļӛ Ǧ工ĝăÑтĒ乌ҨǜҾSσĈίαL
00:18.59,2,E_Il_gXwpbSmO3QuMFyVxnd2Dig,260,3704,redank
00:18.70,3,E_Il_gXwpbSmO3QuMFyVxnd2Dig,260,1797,ױρאωєя.т³
00:18.74,4,E_Il_gXwpbSmO3QuMFyVxnd2Dig,260,1174,Нтм.Nad!
00:18.87,5,E_Il_gXwpbSmO3QuMFyVxnd2Dig,260,5274,VictorPro123
00:18.97,6,E_Il_gXwpbSmO3QuMFyVxnd2Dig,260,1030,pietrak.
00:19.07,7,E_Il_gXwpbSmO3QuMFyVxnd2Dig,260,834,мםя zybzerraaa
00:19.11,8,E_Il_gXwpbSmO3QuMFyVxnd2Dig,260,3261,mcN'
00:19.33,9,E_Il_gXwpbSmO3QuMFyVxnd2Dig,260,1950,// fey « т³ //
00:19.44,10,E_Il_gXwpbSmO3QuMFyVxnd2Dig,260,2243,sauucey
00:16.28,1,Sz5LN2gj802LqI8_uvw7oBTCBbc,261,4183,ヅČƏβ/Ļӛ Ǧ工ĝăÑтĒ乌ҨǜҾSσĈίαL
00:16.40,2,Sz5LN2gj802LqI8_uvw7oBTCBbc,261,3704,redank
00:16.48,3,Sz5LN2gj802LqI8_uvw7oBTCBbc,261,336,»ғฟ๏« Ŀιиκ.* Law
00:16.71,4,Sz5LN2gj802LqI8_uvw7oBTCBbc,261,695,ѕωα〤Λѕѕ т³
00:16.71,5,Sz5LN2gj802LqI8_uvw7oBTCBbc,261,494,kamel
00:16.75,6,Sz5LN2gj802LqI8_uvw7oBTCBbc,261,315,ĊĦ Eror Ŀĸя
00:16.77,7,Sz5LN2gj802LqI8_uvw7oBTCBbc,261,178,DWN.skandear
00:16.81,8,Sz5LN2gj802LqI8_uvw7oBTCBbc,261,608,a
00:16.82,9,Sz5LN2gj802LqI8_uvw7oBTCBbc,261,139,ғฟ๏.dennis090
00:16.84,10,Sz5LN2gj802LqI8_uvw7oBTCBbc,261,2460, POULE |  Gowin
00:11.37,1,zRbQrR1vKszuV2nVhkwgDXOcjL5,262,1535,rkgk
00:11.39,2,zRbQrR1vKszuV2nVhkwgDXOcjL5,262,101,Hèिést
00:11.40,3,zRbQrR1vKszuV2nVhkwgDXOcjL5,262,1042,×saiphyy×
00:11.40,4,zRbQrR1vKszuV2nVhkwgDXOcjL5,262,4819,Нтм.jade.<3
00:11.43,5,zRbQrR1vKszuV2nVhkwgDXOcjL5,262,2298,נєαη-яєηé ヅ
00:11.45,6,zRbQrR1vKszuV2nVhkwgDXOcjL5,262,2675,olivermax
00:11.47,7,zRbQrR1vKszuV2nVhkwgDXOcjL5,262,1977," ғฟ๏, LeG | Plast"
00:11.48,8,zRbQrR1vKszuV2nVhkwgDXOcjL5,262,429,ŽĘяǿ
00:11.49,9,zRbQrR1vKszuV2nVhkwgDXOcjL5,262,1281,bebesuprem
00:11.49,10,zRbQrR1vKszuV2nVhkwgDXOcjL5,262,523,Нтм.Cheetek
00:21.75,1,JLo9hfkC5cWjuklYrpcKeJHqz5g,263,4183,ヅČƏβ/Ļӛ Ǧ工ĝăÑтĒ乌ҨǜҾSσĈίαL
00:22.08,2,JLo9hfkC5cWjuklYrpcKeJHqz5g,263,608,a
00:22.13,3,JLo9hfkC5cWjuklYrpcKeJHqz5g,263,494,kamel
00:22.17,4,JLo9hfkC5cWjuklYrpcKeJHqz5g,263,101,Hèिést
00:22.35,5,JLo9hfkC5cWjuklYrpcKeJHqz5g,263,1174,Нтм.Nad!
00:22.53,6,JLo9hfkC5cWjuklYrpcKeJHqz5g,263,178,DWN.skandear
00:22.81,7,JLo9hfkC5cWjuklYrpcKeJHqz5g,263,120,мѕι mo
00:22.94,8,JLo9hfkC5cWjuklYrpcKeJHqz5g,263,336,»ғฟ๏« Ŀιиκ.* Law
00:23.09,9,JLo9hfkC5cWjuklYrpcKeJHqz5g,263,3704,redank
00:23.09,10,JLo9hfkC5cWjuklYrpcKeJHqz5g,263,1797,ױρאωєя.т³
00:11.85,1,74De_TOjhxT2RP6n9_tPTuvrw8e,264,1042,×saiphyy×
00:12.00,2,74De_TOjhxT2RP6n9_tPTuvrw8e,264,542,ѕĸγ»МіǤ«ғฟ๏
00:12.04,4,74De_TOjhxT2RP6n9_tPTuvrw8e,264,101,Hèिést
00:12.08,5,74De_TOjhxT2RP6n9_tPTuvrw8e,264,1977," ғฟ๏, LeG | Plast"
00:12.09,6,74De_TOjhxT2RP6n9_tPTuvrw8e,264,178,DWN.skandear
00:12.11,7,74De_TOjhxT2RP6n9_tPTuvrw8e,264,1025,arthy.
00:12.12,8,74De_TOjhxT2RP6n9_tPTuvrw8e,264,5408,Σα¹²мακσ您
00:12.12,9,74De_TOjhxT2RP6n9_tPTuvrw8e,264,8322,~़Vוטה ๋:>
00:12.14,10,74De_TOjhxT2RP6n9_tPTuvrw8e,264,120,мѕι mo
00:11.00,1,dsiD1h_KSY_Q1P1nKnoRk9RoHn5,265,5463,pastagrows
00:11.04,2,dsiD1h_KSY_Q1P1nKnoRk9RoHn5,265,209,ツ]  kyafkyafkyafkyafkyafkyafk  [т³
00:11.08,3,dsiD1h_KSY_Q1P1nKnoRk9RoHn5,265,542,ѕĸγ»МіǤ«ғฟ๏
00:11.13,4,dsiD1h_KSY_Q1P1nKnoRk9RoHn5,265,2873,웃laser웃
00:11.15,5,dsiD1h_KSY_Q1P1nKnoRk9RoHn5,265,5070,deis
00:11.20,6,dsiD1h_KSY_Q1P1nKnoRk9RoHn5,265,2712,Whiмѕιcal«т³
00:11.22,7,dsiD1h_KSY_Q1P1nKnoRk9RoHn5,265,1977," ғฟ๏, LeG | Plast"
00:11.25,8,dsiD1h_KSY_Q1P1nKnoRk9RoHn5,265,7222,Static
00:11.25,9,dsiD1h_KSY_Q1P1nKnoRk9RoHn5,265,2748,мѕι dzam мםя
00:11.26,10,dsiD1h_KSY_Q1P1nKnoRk9RoHn5,265,1042,×saiphyy×
00:11.15,1,yx0DEZ6mPRRM9JcjATkoxEUvD86,266,1396,Lemon :) ᄓ boosт³
00:11.25,2,yx0DEZ6mPRRM9JcjATkoxEUvD86,266,101,Hèिést
00:11.30,3,yx0DEZ6mPRRM9JcjATkoxEUvD86,266,542,ѕĸγ»МіǤ«ғฟ๏
00:11.36,4,yx0DEZ6mPRRM9JcjATkoxEUvD86,266,3704,redank
00:11.53,5,yx0DEZ6mPRRM9JcjATkoxEUvD86,266,1977," ғฟ๏, LeG | Plast"
00:11.74,6,yx0DEZ6mPRRM9JcjATkoxEUvD86,266,45,сав tekky.
00:11.82,7,yx0DEZ6mPRRM9JcjATkoxEUvD86,266,178,DWN.skandear
00:11.84,8,yx0DEZ6mPRRM9JcjATkoxEUvD86,266,3165,ғяσैѕѕ
00:11.87,9,yx0DEZ6mPRRM9JcjATkoxEUvD86,266,4427,Kairoैs! « т³
00:12.09,10,yx0DEZ6mPRRM9JcjATkoxEUvD86,266,47,bladee
00:14.48,1,MNhnu57KkCafFFlQ8VZz6vxGRxg,267,336,»ғฟ๏« Ŀιиκ.* Law
00:14.63,2,MNhnu57KkCafFFlQ8VZz6vxGRxg,267,120,мѕι mo
00:14.63,3,MNhnu57KkCafFFlQ8VZz6vxGRxg,267,542,ѕĸγ»МіǤ«ғฟ๏
00:14.74,4,MNhnu57KkCafFFlQ8VZz6vxGRxg,267,2448,nonick
00:14.79,5,MNhnu57KkCafFFlQ8VZz6vxGRxg,267,3165,ғяσैѕѕ
00:06.96,7,smsg29iMP5qN1SRqUQmaktNT3qb,4,1142,Weregoose
00:14.83,6,MNhnu57KkCafFFlQ8VZz6vxGRxg,267,1045,1Н»Haerli
00:14.91,7,MNhnu57KkCafFFlQ8VZz6vxGRxg,267,178,DWN.skandear
00:14.97,8,MNhnu57KkCafFFlQ8VZz6vxGRxg,267,2514,shen
00:15.02,9,MNhnu57KkCafFFlQ8VZz6vxGRxg,267,487,bPlayैērシmsi
00:15.10,10,MNhnu57KkCafFFlQ8VZz6vxGRxg,267,1677,Eddy!
00:27.84,1,li59buPAJDKeveo0JnzwQKbYkS,268,3760,еяаメjewlians_96(real) ๓ไ
00:29.14,2,li59buPAJDKeveo0JnzwQKbYkS,268,777,Jere
00:29.34,3,li59buPAJDKeveo0JnzwQKbYkS,268,178,DWN.skandear
00:29.60,4,li59buPAJDKeveo0JnzwQKbYkS,268,24,¬l२eैahx« т³
00:29.68,5,li59buPAJDKeveo0JnzwQKbYkS,268,800,»Ятλ«wally²
00:29.99,6,li59buPAJDKeveo0JnzwQKbYkS,268,3704,redank
00:30.06,7,li59buPAJDKeveo0JnzwQKbYkS,268,608,a
00:30.10,8,li59buPAJDKeveo0JnzwQKbYkS,268,791,сав | маפוѕтяа. <3
00:30.16,9,li59buPAJDKeveo0JnzwQKbYkS,268,2712,Whiмѕιcal«т³
00:30.21,10,li59buPAJDKeveo0JnzwQKbYkS,268,5274,VictorPro123
00:13.27,1,8S0sc5ACVxIFgjRylnHjLD3IIB0,269,608,a
00:13.73,2,8S0sc5ACVxIFgjRylnHjLD3IIB0,269,336,»ғฟ๏« Ŀιиκ.* Law
00:13.87,3,8S0sc5ACVxIFgjRylnHjLD3IIB0,269,1977," ғฟ๏, LeG | Plast"
00:14.01,4,8S0sc5ACVxIFgjRylnHjLD3IIB0,269,2391,:)
00:14.46,5,8S0sc5ACVxIFgjRylnHjLD3IIB0,269,1211,Ｋｉｒｇａｘ
00:14.47,6,8S0sc5ACVxIFgjRylnHjLD3IIB0,269,2613,speny37
00:14.68,7,8S0sc5ACVxIFgjRylnHjLD3IIB0,269,1487,KLU|agron
00:14.74,8,8S0sc5ACVxIFgjRylnHjLD3IIB0,269,3704,redank
00:14.75,9,8S0sc5ACVxIFgjRylnHjLD3IIB0,269,3165,ғяσैѕѕ
00:14.80,10,8S0sc5ACVxIFgjRylnHjLD3IIB0,269,101,Hèिést
00:15.37,1,R9WMGTH_f8IfYEHzJybJqALgWOj,270,5274,VictorPro123
00:15.39,2,R9WMGTH_f8IfYEHzJybJqALgWOj,270,1295,Blessed.
00:15.39,3,R9WMGTH_f8IfYEHzJybJqALgWOj,270,315,ĊĦ Eror Ŀĸя
00:15.43,4,R9WMGTH_f8IfYEHzJybJqALgWOj,270,1977," ғฟ๏, LeG | Plast"
00:15.43,5,R9WMGTH_f8IfYEHzJybJqALgWOj,270,3704,redank
00:15.46,6,R9WMGTH_f8IfYEHzJybJqALgWOj,270,542,ѕĸγ»МіǤ«ғฟ๏
00:15.46,7,R9WMGTH_f8IfYEHzJybJqALgWOj,270,7517,Bor
00:15.47,8,R9WMGTH_f8IfYEHzJybJqALgWOj,270,999,iris
00:15.47,9,R9WMGTH_f8IfYEHzJybJqALgWOj,270,3909,lappen
00:15.48,10,R9WMGTH_f8IfYEHzJybJqALgWOj,270,552,Fmc
00:16.02,1,YK6slZjaOWAdxfruQbCHsZceIw6,271,4183,ヅČƏβ/Ļӛ Ǧ工ĝăÑтĒ乌ҨǜҾSσĈίαL
00:16.25,2,YK6slZjaOWAdxfruQbCHsZceIw6,271,2114,凹 faiby ?
00:17.92,3,YK6slZjaOWAdxfruQbCHsZceIw6,271,5463,pastagrows
00:18.53,4,YK6slZjaOWAdxfruQbCHsZceIw6,271,3,ecirtaeB
00:19.23,5,YK6slZjaOWAdxfruQbCHsZceIw6,271,120,мѕι mo
00:19.89,6,YK6slZjaOWAdxfruQbCHsZceIw6,271,8322,~़Vוטה ๋:>
00:21.72,7,YK6slZjaOWAdxfruQbCHsZceIw6,271,18,ѕκγ | Ζοםωιи
00:22.43,8,YK6slZjaOWAdxfruQbCHsZceIw6,271,57,i
00:23.10,9,YK6slZjaOWAdxfruQbCHsZceIw6,271,1798,byoš
00:23.43,10,YK6slZjaOWAdxfruQbCHsZceIw6,271,487,bPlayैērシmsi
00:11.01,1,e9EnS72yY1zIKhAQyzSOPwwX7El,272,2243,sauucey
00:11.53,2,e9EnS72yY1zIKhAQyzSOPwwX7El,272,1324,reasᄓnn
00:11.58,3,e9EnS72yY1zIKhAQyzSOPwwX7El,272,1174,Нтм.Nad!
00:11.61,4,e9EnS72yY1zIKhAQyzSOPwwX7El,272,1396,Lemon :) ᄓ boosт³
00:11.79,5,e9EnS72yY1zIKhAQyzSOPwwX7El,272,1561,ztafe
00:11.81,6,e9EnS72yY1zIKhAQyzSOPwwX7El,272,5752,zefi.
00:11.85,7,e9EnS72yY1zIKhAQyzSOPwwX7El,272,312,Blacki
00:11.92,8,e9EnS72yY1zIKhAQyzSOPwwX7El,272,99,SHORT KING
00:11.94,9,e9EnS72yY1zIKhAQyzSOPwwX7El,272,336,»ғฟ๏« Ŀιиκ.* Law
00:11.98,10,e9EnS72yY1zIKhAQyzSOPwwX7El,272,1977," ғฟ๏, LeG | Plast"
00:10.00,1,6qPtrZEysavKhim5SfdMKOwt9xh,273,2873,웃laser웃
00:10.01,2,6qPtrZEysavKhim5SfdMKOwt9xh,273,93,ғฟ๏〢alexx. infector
00:10.11,3,6qPtrZEysavKhim5SfdMKOwt9xh,273,3704,redank
00:10.16,4,6qPtrZEysavKhim5SfdMKOwt9xh,273,315,ĊĦ Eror Ŀĸя
00:10.17,5,6qPtrZEysavKhim5SfdMKOwt9xh,273,2361,AzYmuthS « т³
00:10.17,6,6qPtrZEysavKhim5SfdMKOwt9xh,273,1950,// fey « т³ //
00:10.18,7,6qPtrZEysavKhim5SfdMKOwt9xh,273,943,ehkla.
00:10.22,8,6qPtrZEysavKhim5SfdMKOwt9xh,273,2114,凹 faiby ?
00:10.23,9,6qPtrZEysavKhim5SfdMKOwt9xh,273,3341,bazrzokh
00:10.25,10,6qPtrZEysavKhim5SfdMKOwt9xh,273,178,DWN.skandear
00:09.37,1,nAlKG_qzPBpCY0iHxBrk_WYr10m,274,2867,aryorha
00:09.39,2,nAlKG_qzPBpCY0iHxBrk_WYr10m,274,5408,Σα¹²мακσ您
00:09.39,3,nAlKG_qzPBpCY0iHxBrk_WYr10m,274,8322,~़Vוטה ๋:>
00:09.41,4,nAlKG_qzPBpCY0iHxBrk_WYr10m,274,1798,byoš
00:09.42,5,nAlKG_qzPBpCY0iHxBrk_WYr10m,274,2011,ि७
00:09.42,6,nAlKG_qzPBpCY0iHxBrk_WYr10m,274,5463,pastagrows
00:09.43,7,nAlKG_qzPBpCY0iHxBrk_WYr10m,274,2919,r4' « т³
00:09.55,8,nAlKG_qzPBpCY0iHxBrk_WYr10m,274,3235,holub123
00:09.59,9,nAlKG_qzPBpCY0iHxBrk_WYr10m,274,1025,arthy.
00:09.59,10,nAlKG_qzPBpCY0iHxBrk_WYr10m,274,2873,웃laser웃
00:22.31,1,ndwtEbBJolvYKCTMXxYAA3m473f,275,2484,Roa〆
00:22.58,2,ndwtEbBJolvYKCTMXxYAA3m473f,275,2605,Röder
00:22.63,3,ndwtEbBJolvYKCTMXxYAA3m473f,275,3135,SlowAndSteady
00:22.80,4,ndwtEbBJolvYKCTMXxYAA3m473f,275,1042,×saiphyy×
00:22.82,5,ndwtEbBJolvYKCTMXxYAA3m473f,275,178,DWN.skandear
00:23.04,6,ndwtEbBJolvYKCTMXxYAA3m473f,275,57,i
00:23.10,7,ndwtEbBJolvYKCTMXxYAA3m473f,275,3544,яτх.Franxua!
00:23.23,8,ndwtEbBJolvYKCTMXxYAA3m473f,275,1556,mab
00:23.27,9,ndwtEbBJolvYKCTMXxYAA3m473f,275,1329,STAMA
00:23.41,10,ndwtEbBJolvYKCTMXxYAA3m473f,275,384,ғฟ๏.g
00:29.87,1,Uhr1XJwBkVSvnADny9xjRucU7e0,276,3704,redank
00:30.47,2,Uhr1XJwBkVSvnADny9xjRucU7e0,276,4183,ヅČƏβ/Ļӛ Ǧ工ĝăÑтĒ乌ҨǜҾSσĈίαL
00:02.76,5,CWRRVe5w__beKqr6rdOPceCS3Jl,1,1042,×saiphyy×
00:31.89,3,Uhr1XJwBkVSvnADny9xjRucU7e0,276,3985,ңя ױ cam
00:32.40,4,Uhr1XJwBkVSvnADny9xjRucU7e0,276,2188,Sileenz
00:32.81,5,Uhr1XJwBkVSvnADny9xjRucU7e0,276,975,ѕκγ. flex
00:33.04,6,Uhr1XJwBkVSvnADny9xjRucU7e0,276,2747,Golden « т³
00:33.07,7,Uhr1XJwBkVSvnADny9xjRucU7e0,276,1788,Samurai
00:33.09,8,Uhr1XJwBkVSvnADny9xjRucU7e0,276,1528,JavidShah
00:33.38,9,Uhr1XJwBkVSvnADny9xjRucU7e0,276,336,»ғฟ๏« Ŀιиκ.* Law
00:33.81,10,Uhr1XJwBkVSvnADny9xjRucU7e0,276,2011,ि७
00:15.09,1,lhoDFjsn1k6h37YlwG687AiTX10,277,3955,Nem #jome
00:15.21,2,lhoDFjsn1k6h37YlwG687AiTX10,277,1396,Lemon :) ᄓ boosт³
00:15.25,3,lhoDFjsn1k6h37YlwG687AiTX10,277,1909,Bob
00:15.62,4,lhoDFjsn1k6h37YlwG687AiTX10,277,4183,ヅČƏβ/Ļӛ Ǧ工ĝăÑтĒ乌ҨǜҾSσĈίαL
00:15.77,5,lhoDFjsn1k6h37YlwG687AiTX10,277,120,мѕι mo
00:15.88,6,lhoDFjsn1k6h37YlwG687AiTX10,277,3190,τ๏ß»cumcisz
00:16.03,7,lhoDFjsn1k6h37YlwG687AiTX10,277,2873,웃laser웃
00:16.10,8,lhoDFjsn1k6h37YlwG687AiTX10,277,777,Jere
00:16.34,9,lhoDFjsn1k6h37YlwG687AiTX10,277,2188,Sileenz
00:16.42,10,lhoDFjsn1k6h37YlwG687AiTX10,277,542,ѕĸγ»МіǤ«ғฟ๏
00:19.68,1,7ielWpsHVlYt3jsw9s2cfSNUgok,278,336,»ғฟ๏« Ŀιиκ.* Law
00:19.82,2,7ielWpsHVlYt3jsw9s2cfSNUgok,278,4183,ヅČƏβ/Ļӛ Ǧ工ĝăÑтĒ乌ҨǜҾSσĈίαL
00:19.83,3,7ielWpsHVlYt3jsw9s2cfSNUgok,278,1071,Wakkoe
00:19.87,4,7ielWpsHVlYt3jsw9s2cfSNUgok,278,3165,ғяσैѕѕ
00:19.89,5,7ielWpsHVlYt3jsw9s2cfSNUgok,278,512,nexos
00:19.93,6,7ielWpsHVlYt3jsw9s2cfSNUgok,278,1174,Нтм.Nad!
00:19.94,7,7ielWpsHVlYt3jsw9s2cfSNUgok,278,3704,redank
00:20.23,8,7ielWpsHVlYt3jsw9s2cfSNUgok,278,542,ѕĸγ»МіǤ«ғฟ๏
00:20.34,9,7ielWpsHVlYt3jsw9s2cfSNUgok,278,2652,Wikky69
00:20.35,10,7ielWpsHVlYt3jsw9s2cfSNUgok,278,42,aeैq«т³
00:12.76,1,rTGEMrZkBWn5kNldiqww1f8J6G9,279,2448,nonick
00:12.87,2,rTGEMrZkBWn5kNldiqww1f8J6G9,279,3092,hev
00:12.95,3,rTGEMrZkBWn5kNldiqww1f8J6G9,279,1950,// fey « т³ //
00:13.03,4,rTGEMrZkBWn5kNldiqww1f8J6G9,279,43,ѕκy²oumol_«_т³
00:13.03,5,rTGEMrZkBWn5kNldiqww1f8J6G9,279,4208,deadshadow
00:13.06,6,rTGEMrZkBWn5kNldiqww1f8J6G9,279,2873,웃laser웃
00:13.10,7,rTGEMrZkBWn5kNldiqww1f8J6G9,279,3704,redank
00:13.12,8,rTGEMrZkBWn5kNldiqww1f8J6G9,279,542,ѕĸγ»МіǤ«ғฟ๏
00:13.12,9,rTGEMrZkBWn5kNldiqww1f8J6G9,279,3707,SEA
00:13.15,10,rTGEMrZkBWn5kNldiqww1f8J6G9,279,336,»ғฟ๏« Ŀιиκ.* Law
00:26.20,1,vTdKmfKxJ1rGVfq7LYmORxMgFeb,280,2574,мѕι » Morale
00:26.71,2,vTdKmfKxJ1rGVfq7LYmORxMgFeb,280,1797,ױρאωєя.т³
00:26.76,3,vTdKmfKxJ1rGVfq7LYmORxMgFeb,280,5955,mikmos
00:26.78,4,vTdKmfKxJ1rGVfq7LYmORxMgFeb,280,4331,HELM | デLolmenzgiデ
00:27.01,5,vTdKmfKxJ1rGVfq7LYmORxMgFeb,280,6990,sticky balls
00:27.02,6,vTdKmfKxJ1rGVfq7LYmORxMgFeb,280,336,»ғฟ๏« Ŀιиκ.* Law
00:27.05,7,vTdKmfKxJ1rGVfq7LYmORxMgFeb,280,1396,Lemon :) ᄓ boosт³
00:27.07,8,vTdKmfKxJ1rGVfq7LYmORxMgFeb,280,1677,Eddy!
00:27.10,9,vTdKmfKxJ1rGVfq7LYmORxMgFeb,280,1042,×saiphyy×
00:27.16,10,vTdKmfKxJ1rGVfq7LYmORxMgFeb,280,2545, Hydrangea « Meow 
00:19.58,1,GyFPR3VppNJjk0iw7xM2l68ruPa,281,42,aeैq«т³
00:19.62,2,GyFPR3VppNJjk0iw7xM2l68ruPa,281,2747,Golden « т³
00:19.65,3,GyFPR3VppNJjk0iw7xM2l68ruPa,281,5408,Σα¹²мακσ您
00:19.68,4,GyFPR3VppNJjk0iw7xM2l68ruPa,281,1990,brego×
00:19.70,5,GyFPR3VppNJjk0iw7xM2l68ruPa,281,3704,redank
00:19.75,6,GyFPR3VppNJjk0iw7xM2l68ruPa,281,487,bPlayैērシmsi
00:19.78,7,GyFPR3VppNJjk0iw7xM2l68ruPa,281,2479,nut
00:19.83,8,GyFPR3VppNJjk0iw7xM2l68ruPa,281,542,ѕĸγ»МіǤ«ғฟ๏
00:19.85,9,GyFPR3VppNJjk0iw7xM2l68ruPa,281,2545, Hydrangea « Meow 
00:19.88,10,GyFPR3VppNJjk0iw7xM2l68ruPa,281,3165,ғяσैѕѕ
00:11.86,1,1WqIHJfbWKMcpQMXf9IfjR1eZLj,282,1798,byoš
00:12.46,2,1WqIHJfbWKMcpQMXf9IfjR1eZLj,282,6022,ңя ױ mirbb.ѕהν
00:12.54,3,1WqIHJfbWKMcpQMXf9IfjR1eZLj,282,1042,×saiphyy×
00:12.58,4,1WqIHJfbWKMcpQMXf9IfjR1eZLj,282,1644,ЈН ¬ bMagma « т³
00:12.68,5,1WqIHJfbWKMcpQMXf9IfjR1eZLj,282,1677,Eddy!
00:12.71,6,1WqIHJfbWKMcpQMXf9IfjR1eZLj,282,1390,betta
00:12.75,7,1WqIHJfbWKMcpQMXf9IfjR1eZLj,282,597,ⓓⓐⓜⓔⓛ
00:12.86,8,1WqIHJfbWKMcpQMXf9IfjR1eZLj,282,3165,ғяσैѕѕ
00:12.86,9,1WqIHJfbWKMcpQMXf9IfjR1eZLj,282,3474,๓ไ» βακεδ Δlαsκα « т³
00:12.91,10,1WqIHJfbWKMcpQMXf9IfjR1eZLj,282,2479,nut
00:15.80,1,pDiZRMtlCi9xcl1PlsF88EbUgec,283,1798,byoš
00:16.45,2,pDiZRMtlCi9xcl1PlsF88EbUgec,283,3704,redank
00:17.83,3,pDiZRMtlCi9xcl1PlsF88EbUgec,283,4183,ヅČƏβ/Ļӛ Ǧ工ĝăÑтĒ乌ҨǜҾSσĈίαL
00:18.04,4,pDiZRMtlCi9xcl1PlsF88EbUgec,283,943,ehkla.
00:18.08,5,pDiZRMtlCi9xcl1PlsF88EbUgec,283,2873,웃laser웃
00:18.10,6,pDiZRMtlCi9xcl1PlsF88EbUgec,283,4082,iiHugo « т³
00:18.12,7,pDiZRMtlCi9xcl1PlsF88EbUgec,283,390,wikos2
00:18.15,8,pDiZRMtlCi9xcl1PlsF88EbUgec,283,2463,LPLuce
00:18.15,9,pDiZRMtlCi9xcl1PlsF88EbUgec,283,2209,twig
00:18.18,10,pDiZRMtlCi9xcl1PlsF88EbUgec,283,503,reden°ॆ८॒°ॅneon
00:09.07,1,uremcZu_BumAXuLFdv34j5HZcG3,284,336,»ғฟ๏« Ŀιиκ.* Law
00:09.14,2,uremcZu_BumAXuLFdv34j5HZcG3,284,542,ѕĸγ»МіǤ«ғฟ๏
00:09.27,3,uremcZu_BumAXuLFdv34j5HZcG3,284,959,UNITED STATES OF DONALDTRUMPERICA
00:09.52,4,uremcZu_BumAXuLFdv34j5HZcG3,284,3546,Eмßαท « т³
00:09.58,5,uremcZu_BumAXuLFdv34j5HZcG3,284,4183,ヅČƏβ/Ļӛ Ǧ工ĝăÑтĒ乌ҨǜҾSσĈίαL
00:09.62,6,uremcZu_BumAXuLFdv34j5HZcG3,284,2187,zetos.
00:09.74,7,uremcZu_BumAXuLFdv34j5HZcG3,284,2188,Sileenz
00:10.28,8,uremcZu_BumAXuLFdv34j5HZcG3,284,3704,redank
00:10.55,9,uremcZu_BumAXuLFdv34j5HZcG3,284,2994,ĥŜħŞđĒś2
00:10.70,10,uremcZu_BumAXuLFdv34j5HZcG3,284,3985,ңя ױ cam
00:16.12,1,Zsjnoz7GiIPIhiXDCR_7ukll8gd,285,4183,ヅČƏβ/Ļӛ Ǧ工ĝăÑтĒ乌ҨǜҾSσĈίαL
00:16.14,2,Zsjnoz7GiIPIhiXDCR_7ukll8gd,285,336,»ғฟ๏« Ŀιиκ.* Law
00:16.20,3,Zsjnoz7GiIPIhiXDCR_7ukll8gd,285,503,reden°ॆ८॒°ॅneon
00:16.25,4,Zsjnoz7GiIPIhiXDCR_7ukll8gd,285,6035,.иѕғ҂Chrom :3
00:16.28,5,Zsjnoz7GiIPIhiXDCR_7ukll8gd,285,2545, Hydrangea « Meow 
00:16.29,6,Zsjnoz7GiIPIhiXDCR_7ukll8gd,285,1237,MINA
00:16.32,7,Zsjnoz7GiIPIhiXDCR_7ukll8gd,285,2448,nonick
00:16.34,8,Zsjnoz7GiIPIhiXDCR_7ukll8gd,285,3165,ғяσैѕѕ
00:16.37,9,Zsjnoz7GiIPIhiXDCR_7ukll8gd,285,745,my queen greta
00:16.37,10,Zsjnoz7GiIPIhiXDCR_7ukll8gd,285,2549,Ісегॆॅ็
00:25.06,1,ll_3neT0xK8bpnsmVK8f5_J4q_f,286,4183,ヅČƏβ/Ļӛ Ǧ工ĝăÑтĒ乌ҨǜҾSσĈίαL
00:25.33,2,ll_3neT0xK8bpnsmVK8f5_J4q_f,286,2919,r4' « т³
00:25.74,3,ll_3neT0xK8bpnsmVK8f5_J4q_f,286,1174,Нтм.Nad!
00:25.78,4,ll_3neT0xK8bpnsmVK8f5_J4q_f,286,120,мѕι mo
00:25.79,5,ll_3neT0xK8bpnsmVK8f5_J4q_f,286,1396,Lemon :) ᄓ boosт³
00:25.79,6,ll_3neT0xK8bpnsmVK8f5_J4q_f,286,3704,redank
00:25.83,7,ll_3neT0xK8bpnsmVK8f5_J4q_f,286,336,»ғฟ๏« Ŀιиκ.* Law
00:25.86,8,ll_3neT0xK8bpnsmVK8f5_J4q_f,286,101,Hèिést
00:25.87,9,ll_3neT0xK8bpnsmVK8f5_J4q_f,286,144,הѕс¬Ғеяяу | мр
00:25.88,10,ll_3neT0xK8bpnsmVK8f5_J4q_f,286,3546,Eмßαท « т³
00:14.09,1,Xy0x7ntkewWLDAGMwCrb4J5w1Me,287,4183,ヅČƏβ/Ļӛ Ǧ工ĝăÑтĒ乌ҨǜҾSσĈίαL
00:14.20,2,Xy0x7ntkewWLDAGMwCrb4J5w1Me,287,1174,Нтм.Nad!
00:14.20,3,Xy0x7ntkewWLDAGMwCrb4J5w1Me,287,907,τєяα.
00:14.20,4,Xy0x7ntkewWLDAGMwCrb4J5w1Me,287,2994,ĥŜħŞđĒś2
00:14.22,5,Xy0x7ntkewWLDAGMwCrb4J5w1Me,287,336,»ғฟ๏« Ŀιиκ.* Law
00:14.22,6,Xy0x7ntkewWLDAGMwCrb4J5w1Me,287,3505,bobo ᄓ boost
00:14.23,7,Xy0x7ntkewWLDAGMwCrb4J5w1Me,287,1013,Louffy.
00:14.25,8,Xy0x7ntkewWLDAGMwCrb4J5w1Me,287,3515,ants
00:14.26,9,Xy0x7ntkewWLDAGMwCrb4J5w1Me,287,2188,Sileenz
00:14.27,10,Xy0x7ntkewWLDAGMwCrb4J5w1Me,287,2476,HELM | Worel
00:23.26,1,iy9J2PQeXx1fwmD5yT9xwjYoQHd,288,1042,×saiphyy×
00:23.33,2,iy9J2PQeXx1fwmD5yT9xwjYoQHd,288,4183,ヅČƏβ/Ļӛ Ǧ工ĝăÑтĒ乌ҨǜҾSσĈίαL
00:23.39,3,iy9J2PQeXx1fwmD5yT9xwjYoQHd,288,3704,redank
00:23.45,4,iy9J2PQeXx1fwmD5yT9xwjYoQHd,288,336,»ғฟ๏« Ŀιиκ.* Law
00:23.53,5,iy9J2PQeXx1fwmD5yT9xwjYoQHd,288,2448,nonick
00:23.56,6,iy9J2PQeXx1fwmD5yT9xwjYoQHd,288,2011,ि७
00:23.58,7,iy9J2PQeXx1fwmD5yT9xwjYoQHd,288,6212,Loap « т³
00:23.60,8,iy9J2PQeXx1fwmD5yT9xwjYoQHd,288,5274,VictorPro123
00:23.61,9,iy9J2PQeXx1fwmD5yT9xwjYoQHd,288,970,miau
00:23.62,10,iy9J2PQeXx1fwmD5yT9xwjYoQHd,288,896,dazzzyy.
00:19.41,1,NE7vTmvlMFht3gT5nuKPxHGyyGe,289,2448,nonick
00:19.49,2,NE7vTmvlMFht3gT5nuKPxHGyyGe,289,3505,bobo ᄓ boost
00:19.52,3,NE7vTmvlMFht3gT5nuKPxHGyyGe,289,390,wikos2
00:19.71,4,NE7vTmvlMFht3gT5nuKPxHGyyGe,289,1677,Eddy!
00:19.99,5,NE7vTmvlMFht3gT5nuKPxHGyyGe,289,608,a
00:20.00,6,NE7vTmvlMFht3gT5nuKPxHGyyGe,289,336,»ғฟ๏« Ŀιиκ.* Law
00:20.07,7,NE7vTmvlMFht3gT5nuKPxHGyyGe,289,3704,redank
00:20.54,8,NE7vTmvlMFht3gT5nuKPxHGyyGe,289,4183,ヅČƏβ/Ļӛ Ǧ工ĝăÑтĒ乌ҨǜҾSσĈίαL
00:20.55,9,NE7vTmvlMFht3gT5nuKPxHGyyGe,289,907,τєяα.
00:20.66,10,NE7vTmvlMFht3gT5nuKPxHGyyGe,289,2652,Wikky69
00:17.60,1,AsWPjhUEzRSrKkqr3QVqxHSOmVb,290,2484,Roa〆
00:17.77,2,AsWPjhUEzRSrKkqr3QVqxHSOmVb,290,120,мѕι mo
00:17.86,3,AsWPjhUEzRSrKkqr3QVqxHSOmVb,290,1174,Нтм.Nad!
00:17.89,4,AsWPjhUEzRSrKkqr3QVqxHSOmVb,290,943,ehkla.
00:17.91,5,AsWPjhUEzRSrKkqr3QVqxHSOmVb,290,1798,byoš
00:17.92,6,AsWPjhUEzRSrKkqr3QVqxHSOmVb,290,502,ĊĦ»nemo
00:17.96,7,AsWPjhUEzRSrKkqr3QVqxHSOmVb,290,866,ѕκγ | HeĿion | єос
00:17.98,8,AsWPjhUEzRSrKkqr3QVqxHSOmVb,290,6963,Talliebird
00:18.01,9,AsWPjhUEzRSrKkqr3QVqxHSOmVb,290,7517,Bor
00:18.04,10,AsWPjhUEzRSrKkqr3QVqxHSOmVb,290,1950,// fey « т³ //
00:15.49,1,miTUfBoik4FrvbiqBWxf3SYF9j,291,3704,redank
00:15.58,2,miTUfBoik4FrvbiqBWxf3SYF9j,291,3985,ңя ױ cam
00:15.59,3,miTUfBoik4FrvbiqBWxf3SYF9j,291,975,ѕκγ. flex
00:15.60,4,miTUfBoik4FrvbiqBWxf3SYF9j,291,209,ツ]  kyafkyafkyafkyafkyafkyafk  [т³
00:15.63,5,miTUfBoik4FrvbiqBWxf3SYF9j,291,4183,ヅČƏβ/Ļӛ Ǧ工ĝăÑтĒ乌ҨǜҾSσĈίαL
00:15.65,6,miTUfBoik4FrvbiqBWxf3SYF9j,291,5400,tef.Rytko
00:15.68,7,miTUfBoik4FrvbiqBWxf3SYF9j,291,8322,~़Vוטה ๋:>
00:15.78,8,miTUfBoik4FrvbiqBWxf3SYF9j,291,542,ѕĸγ»МіǤ«ғฟ๏
00:15.81,9,miTUfBoik4FrvbiqBWxf3SYF9j,291,7671,яτх¬truliq!
00:15.82,10,miTUfBoik4FrvbiqBWxf3SYF9j,291,487,bPlayैērシmsi
00:19.98,1,kLJ3Wexh4855oPT02Dhsqph_Zu,292,8322,~़Vוטה ๋:>
00:19.98,2,kLJ3Wexh4855oPT02Dhsqph_Zu,292,178,DWN.skandear
00:20.05,3,kLJ3Wexh4855oPT02Dhsqph_Zu,292,987,Law¬rowy
00:20.06,4,kLJ3Wexh4855oPT02Dhsqph_Zu,292,4208,deadshadow
00:20.08,5,kLJ3Wexh4855oPT02Dhsqph_Zu,292,4183,ヅČƏβ/Ļӛ Ǧ工ĝăÑтĒ乌ҨǜҾSσĈίαL
00:20.12,6,kLJ3Wexh4855oPT02Dhsqph_Zu,292,1174,Нтм.Nad!
00:20.13,7,kLJ3Wexh4855oPT02Dhsqph_Zu,292,2209,twig
00:20.14,8,kLJ3Wexh4855oPT02Dhsqph_Zu,292,2348,ѕняєк!ζємטѕч²
00:20.16,9,kLJ3Wexh4855oPT02Dhsqph_Zu,292,144,הѕс¬Ғеяяу | мр
00:20.16,10,kLJ3Wexh4855oPT02Dhsqph_Zu,292,3955,Nem #jome
00:14.19,1,Lm4wSFB7w1dqipBb6uPF6XONsK1,293,3704,redank
00:14.24,2,Lm4wSFB7w1dqipBb6uPF6XONsK1,293,1878,Bambon
00:14.29,3,Lm4wSFB7w1dqipBb6uPF6XONsK1,293,4772,HELM | Pia
00:14.29,4,Lm4wSFB7w1dqipBb6uPF6XONsK1,293,7498,Toppish146
00:14.33,5,Lm4wSFB7w1dqipBb6uPF6XONsK1,293,120,мѕι mo
00:14.46,6,Lm4wSFB7w1dqipBb6uPF6XONsK1,293,336,»ғฟ๏« Ŀιиκ.* Law
00:14.46,7,Lm4wSFB7w1dqipBb6uPF6XONsK1,293,1528,JavidShah
00:14.46,8,Lm4wSFB7w1dqipBb6uPF6XONsK1,293,2188,Sileenz
00:14.51,9,Lm4wSFB7w1dqipBb6uPF6XONsK1,293,4183,ヅČƏβ/Ļӛ Ǧ工ĝăÑтĒ乌ҨǜҾSσĈίαL
00:14.51,10,Lm4wSFB7w1dqipBb6uPF6XONsK1,293,608,a
00:10.65,1,G5MBMcnPBtbzgYS1nyQFF2WNcZj,294,943,ehkla.
00:10.72,2,G5MBMcnPBtbzgYS1nyQFF2WNcZj,294,3489,ѕнιғт.Default
00:10.79,3,G5MBMcnPBtbzgYS1nyQFF2WNcZj,294,1950,// fey « т³ //
00:10.86,4,G5MBMcnPBtbzgYS1nyQFF2WNcZj,294,1027,הѕс¬  bolleッ
00:10.95,5,G5MBMcnPBtbzgYS1nyQFF2WNcZj,294,336,»ғฟ๏« Ŀιиκ.* Law
00:11.02,6,G5MBMcnPBtbzgYS1nyQFF2WNcZj,294,2514,shen
00:11.14,7,G5MBMcnPBtbzgYS1nyQFF2WNcZj,294,2476,HELM | Worel
00:11.14,8,G5MBMcnPBtbzgYS1nyQFF2WNcZj,294,3704,redank
00:11.23,9,G5MBMcnPBtbzgYS1nyQFF2WNcZj,294,300,Tres « т³
00:11.27,10,G5MBMcnPBtbzgYS1nyQFF2WNcZj,294,2748,мѕι dzam мםя
00:11.16,1,Dk3LbIRMOUSXw7TU_noQiQIJsYg,295,4183,ヅČƏβ/Ļӛ Ǧ工ĝăÑтĒ乌ҨǜҾSσĈίαL
00:11.37,2,Dk3LbIRMOUSXw7TU_noQiQIJsYg,295,2317,Λcメмıτsu
00:11.41,3,Dk3LbIRMOUSXw7TU_noQiQIJsYg,295,2243,sauucey
00:11.45,4,Dk3LbIRMOUSXw7TU_noQiQIJsYg,295,3704,redank
00:11.47,5,Dk3LbIRMOUSXw7TU_noQiQIJsYg,295,2514,shen
00:11.48,6,Dk3LbIRMOUSXw7TU_noQiQIJsYg,295,238,のดωε
00:11.48,7,Dk3LbIRMOUSXw7TU_noQiQIJsYg,295,949,мūτє
00:11.58,9,Dk3LbIRMOUSXw7TU_noQiQIJsYg,295,538,.
00:11.63,10,Dk3LbIRMOUSXw7TU_noQiQIJsYg,295,31,ғฟ๏.ins
00:09.36,1,a6yCoRH01jEJyB0weQODqO2Jz1j,296,3704,redank
00:09.74,2,a6yCoRH01jEJyB0weQODqO2Jz1j,296,3165,ғяσैѕѕ
00:11.13,3,a6yCoRH01jEJyB0weQODqO2Jz1j,296,2387,Der〢Schuldenberater
00:11.17,4,a6yCoRH01jEJyB0weQODqO2Jz1j,296,8030,Lauren
00:11.30,5,a6yCoRH01jEJyB0weQODqO2Jz1j,296,7667, SHM Never Die ···
00:11.31,6,a6yCoRH01jEJyB0weQODqO2Jz1j,296,4042,HELM | Guy
00:11.34,7,a6yCoRH01jEJyB0weQODqO2Jz1j,296,2680,s28|scope28
00:11.34,8,a6yCoRH01jEJyB0weQODqO2Jz1j,296,3341,bazrzokh
00:11.36,9,a6yCoRH01jEJyB0weQODqO2Jz1j,296,3135,SlowAndSteady
00:11.36,10,a6yCoRH01jEJyB0weQODqO2Jz1j,296,597,ⓓⓐⓜⓔⓛ
00:07.89,1,YCHacueUlGhxem37UZlnXWvB0Ef,297,4183,ヅČƏβ/Ļӛ Ǧ工ĝăÑтĒ乌ҨǜҾSσĈίαL
00:07.93,2,YCHacueUlGhxem37UZlnXWvB0Ef,297,1008,Viski
00:07.97,3,YCHacueUlGhxem37UZlnXWvB0Ef,297,3955,Nem #jome
00:08.03,4,YCHacueUlGhxem37UZlnXWvB0Ef,297,3704,redank
00:08.03,5,YCHacueUlGhxem37UZlnXWvB0Ef,297,542,ѕĸγ»МіǤ«ғฟ๏
00:08.04,6,YCHacueUlGhxem37UZlnXWvB0Ef,297,1208,pio c:
00:08.04,7,YCHacueUlGhxem37UZlnXWvB0Ef,297,2187,zetos.
00:08.05,8,YCHacueUlGhxem37UZlnXWvB0Ef,297,2504,ρσω«мя´ǥαω«т³
00:08.09,9,YCHacueUlGhxem37UZlnXWvB0Ef,297,975,ѕκγ. flex
00:08.10,10,YCHacueUlGhxem37UZlnXWvB0Ef,297,120,мѕι mo
00:18.44,1,VzkV3k0lNJV3u32zM2OJFUQYiHl,298,5274,VictorPro123
00:18.50,2,VzkV3k0lNJV3u32zM2OJFUQYiHl,298,2206,Luukasa123
00:18.74,3,VzkV3k0lNJV3u32zM2OJFUQYiHl,298,3165,ғяσैѕѕ
00:18.76,4,VzkV3k0lNJV3u32zM2OJFUQYiHl,298,4772,HELM | Pia
00:19.00,5,VzkV3k0lNJV3u32zM2OJFUQYiHl,298,4183,ヅČƏβ/Ļӛ Ǧ工ĝăÑтĒ乌ҨǜҾSσĈίαL
00:19.30,6,VzkV3k0lNJV3u32zM2OJFUQYiHl,298,3704,redank
00:19.34,7,VzkV3k0lNJV3u32zM2OJFUQYiHl,298,2188,Sileenz
00:19.37,8,VzkV3k0lNJV3u32zM2OJFUQYiHl,298,2549,Ісегॆॅ็
00:19.44,9,VzkV3k0lNJV3u32zM2OJFUQYiHl,298,512,nexos
00:19.48,10,VzkV3k0lNJV3u32zM2OJFUQYiHl,298,542,ѕĸγ»МіǤ«ғฟ๏
00:23.32,1,2ZQFfj2IhHTjX9BZyX_nY7PUch7,299,4183,ヅČƏβ/Ļӛ Ǧ工ĝăÑтĒ乌ҨǜҾSσĈίαL
00:23.47,2,2ZQFfj2IhHTjX9BZyX_nY7PUch7,299,336,»ғฟ๏« Ŀιиκ.* Law
00:23.49,3,2ZQFfj2IhHTjX9BZyX_nY7PUch7,299,3704,redank
00:23.53,4,2ZQFfj2IhHTjX9BZyX_nY7PUch7,299,1396,Lemon :) ᄓ boosт³
00:23.54,5,2ZQFfj2IhHTjX9BZyX_nY7PUch7,299,4208,deadshadow
00:23.55,6,2ZQFfj2IhHTjX9BZyX_nY7PUch7,299,2514,shen
00:23.61,7,2ZQFfj2IhHTjX9BZyX_nY7PUch7,299,4354,「ιиғяα」
00:23.67,8,2ZQFfj2IhHTjX9BZyX_nY7PUch7,299,315,ĊĦ Eror Ŀĸя
00:23.74,9,2ZQFfj2IhHTjX9BZyX_nY7PUch7,299,943,ehkla.
00:23.76,10,2ZQFfj2IhHTjX9BZyX_nY7PUch7,299,1025,arthy.
00:23.92,1,7I_saY1JOqcQr2Nq5tphzWH1CCh,300,7714,robogrip
00:23.93,2,7I_saY1JOqcQr2Nq5tphzWH1CCh,300,336,»ғฟ๏« Ŀιиκ.* Law
00:23.93,3,7I_saY1JOqcQr2Nq5tphzWH1CCh,300,2463,LPLuce
00:24.60,4,7I_saY1JOqcQr2Nq5tphzWH1CCh,300,4736,tits4dinn3r
00:24.67,5,7I_saY1JOqcQr2Nq5tphzWH1CCh,300,3704,redank
00:25.33,7,7I_saY1JOqcQr2Nq5tphzWH1CCh,300,8322,~़Vוטה ๋:>
00:25.40,8,7I_saY1JOqcQr2Nq5tphzWH1CCh,300,2873,웃laser웃
00:25.49,9,7I_saY1JOqcQr2Nq5tphzWH1CCh,300,1071,Wakkoe
00:25.64,10,7I_saY1JOqcQr2Nq5tphzWH1CCh,300,7856,moodi
00:10.70,1,IuXnh66fB8wiiDmxcOSQ9Io3s7e,301,4183,ヅČƏβ/Ļӛ Ǧ工ĝăÑтĒ乌ҨǜҾSσĈίαL
00:10.75,2,IuXnh66fB8wiiDmxcOSQ9Io3s7e,301,487,bPlayैērシmsi
00:10.79,3,IuXnh66fB8wiiDmxcOSQ9Io3s7e,301,120,мѕι mo
00:10.81,4,IuXnh66fB8wiiDmxcOSQ9Io3s7e,301,3704,redank
00:10.84,5,IuXnh66fB8wiiDmxcOSQ9Io3s7e,301,2748,мѕι dzam мםя
00:10.84,6,IuXnh66fB8wiiDmxcOSQ9Io3s7e,301,1950,// fey « т³ //
00:10.86,7,IuXnh66fB8wiiDmxcOSQ9Io3s7e,301,2586, ｣ųĽò丂尸じ
00:10.86,8,IuXnh66fB8wiiDmxcOSQ9Io3s7e,301,7382,ฬคтт〤motofan
00:10.87,9,IuXnh66fB8wiiDmxcOSQ9Io3s7e,301,2141,kawati
00:10.89,10,IuXnh66fB8wiiDmxcOSQ9Io3s7e,301,5752,zefi.
00:26.45,1,XvDcJJvhlBC1KDLif2a5gkVIPw7,302,834,мםя zybzerraaa
00:26.46,2,XvDcJJvhlBC1KDLif2a5gkVIPw7,302,4082,iiHugo « т³
00:26.51,3,XvDcJJvhlBC1KDLif2a5gkVIPw7,302,2209,twig
00:26.63,4,XvDcJJvhlBC1KDLif2a5gkVIPw7,302,2873,웃laser웃
00:26.66,5,XvDcJJvhlBC1KDLif2a5gkVIPw7,302,120,мѕι mo
00:26.72,6,XvDcJJvhlBC1KDLif2a5gkVIPw7,302,4183,ヅČƏβ/Ļӛ Ǧ工ĝăÑтĒ乌ҨǜҾSσĈίαL
00:26.82,7,XvDcJJvhlBC1KDLif2a5gkVIPw7,302,523,Нтм.Cheetek
00:27.00,8,XvDcJJvhlBC1KDLif2a5gkVIPw7,302,7581,Kares
00:27.06,9,XvDcJJvhlBC1KDLif2a5gkVIPw7,302,542,ѕĸγ»МіǤ«ғฟ๏
00:27.06,10,XvDcJJvhlBC1KDLif2a5gkVIPw7,302,2316,мѕι Poto « т³
00:19.56,1,ftIav03nnzbWfI9o1EhzUaNX2W8,303,4354,「ιиғяα」
00:19.60,2,ftIav03nnzbWfI9o1EhzUaNX2W8,303,336,»ғฟ๏« Ŀιиκ.* Law
00:19.73,3,ftIav03nnzbWfI9o1EhzUaNX2W8,303,4183,ヅČƏβ/Ļӛ Ǧ工ĝăÑтĒ乌ҨǜҾSσĈίαL
00:19.74,4,ftIav03nnzbWfI9o1EhzUaNX2W8,303,2664,JanVan8ern
00:19.75,5,ftIav03nnzbWfI9o1EhzUaNX2W8,303,282,¬  Šĸуяџŋŋ ッ «
00:19.82,6,ftIav03nnzbWfI9o1EhzUaNX2W8,303,353,ғฟ๏.Drarker.Law
00:19.87,7,ftIav03nnzbWfI9o1EhzUaNX2W8,303,7671,яτх¬truliq!
00:19.91,8,ftIav03nnzbWfI9o1EhzUaNX2W8,303,3704,redank
00:19.91,9,ftIav03nnzbWfI9o1EhzUaNX2W8,303,2188,Sileenz
00:19.91,10,ftIav03nnzbWfI9o1EhzUaNX2W8,303,2463,LPLuce
00:14.00,1,Sd1vXt9JFBLqBn9fPmyvUsWV3xm,304,336,»ғฟ๏« Ŀιиκ.* Law
00:14.02,2,Sd1vXt9JFBLqBn9fPmyvUsWV3xm,304,4183,ヅČƏβ/Ļӛ Ǧ工ĝăÑтĒ乌ҨǜҾSσĈίαL
00:14.05,3,Sd1vXt9JFBLqBn9fPmyvUsWV3xm,304,7615,iicataclysmic
00:14.06,4,Sd1vXt9JFBLqBn9fPmyvUsWV3xm,304,1396,Lemon :) ᄓ boosт³
00:14.06,5,Sd1vXt9JFBLqBn9fPmyvUsWV3xm,304,2549,Ісегॆॅ็
00:14.06,6,Sd1vXt9JFBLqBn9fPmyvUsWV3xm,304,3653,kzm.т³
00:14.07,7,Sd1vXt9JFBLqBn9fPmyvUsWV3xm,304,4354,「ιиғяα」
00:14.09,8,Sd1vXt9JFBLqBn9fPmyvUsWV3xm,304,3704,redank
00:14.11,9,Sd1vXt9JFBLqBn9fPmyvUsWV3xm,304,4252,िα๓² ayeewake ๓ไ
00:14.11,10,Sd1vXt9JFBLqBn9fPmyvUsWV3xm,304,2448,nonick
00:15.01,1,VoaIqWNBf_gF26CyVUybVxf8Vu8,305,336,»ғฟ๏« Ŀιиκ.* Law
00:15.02,2,VoaIqWNBf_gF26CyVUybVxf8Vu8,305,2873,웃laser웃
00:15.10,3,VoaIqWNBf_gF26CyVUybVxf8Vu8,305,1798,byoš
00:15.33,4,VoaIqWNBf_gF26CyVUybVxf8Vu8,305,1027,הѕс¬  bolleッ
00:15.43,5,VoaIqWNBf_gF26CyVUybVxf8Vu8,305,1396,Lemon :) ᄓ boosт³
00:15.44,6,VoaIqWNBf_gF26CyVUybVxf8Vu8,305,2463,LPLuce
00:15.45,7,VoaIqWNBf_gF26CyVUybVxf8Vu8,305,2574,мѕι » Morale
00:15.46,8,VoaIqWNBf_gF26CyVUybVxf8Vu8,305,4183,ヅČƏβ/Ļӛ Ǧ工ĝăÑтĒ乌ҨǜҾSσĈίαL
00:15.56,9,VoaIqWNBf_gF26CyVUybVxf8Vu8,305,2921,ηG²¹〤Pattitek«т³
00:15.57,10,VoaIqWNBf_gF26CyVUybVxf8Vu8,305,777,Jere
00:21.13,1,f2HnOIQLqAMCTq8ipJ1pPJMpvCg,306,3704,redank
00:21.23,2,f2HnOIQLqAMCTq8ipJ1pPJMpvCg,306,2845,ĽョΔғŁe
00:21.54,3,f2HnOIQLqAMCTq8ipJ1pPJMpvCg,306,4183,ヅČƏβ/Ļӛ Ǧ工ĝăÑтĒ乌ҨǜҾSσĈίαL
00:21.84,4,f2HnOIQLqAMCTq8ipJ1pPJMpvCg,306,2114,凹 faiby ?
00:22.55,5,f2HnOIQLqAMCTq8ipJ1pPJMpvCg,306,777,Jere
00:22.65,6,f2HnOIQLqAMCTq8ipJ1pPJMpvCg,306,3341,bazrzokh
00:22.67,7,f2HnOIQLqAMCTq8ipJ1pPJMpvCg,306,1042,×saiphyy×
00:22.82,8,f2HnOIQLqAMCTq8ipJ1pPJMpvCg,306,7613,DaBest
00:22.84,9,f2HnOIQLqAMCTq8ipJ1pPJMpvCg,306,43,ѕκy²oumol_«_т³
00:20.66,1,QNbXJTGzy3PBSNXMGcDnyJrsFkk,307,6963,Talliebird
00:20.71,2,QNbXJTGzy3PBSNXMGcDnyJrsFkk,307,3704,redank
00:20.92,3,QNbXJTGzy3PBSNXMGcDnyJrsFkk,307,101,Hèिést
00:21.21,4,QNbXJTGzy3PBSNXMGcDnyJrsFkk,307,3215,syz « т³
00:21.29,5,QNbXJTGzy3PBSNXMGcDnyJrsFkk,307,4331,HELM | デLolmenzgiデ
00:21.32,6,QNbXJTGzy3PBSNXMGcDnyJrsFkk,307,503,reden°ॆ८॒°ॅneon
00:21.42,7,QNbXJTGzy3PBSNXMGcDnyJrsFkk,307,2209,twig
00:21.43,8,QNbXJTGzy3PBSNXMGcDnyJrsFkk,307,2549,Ісегॆॅ็
00:21.45,9,QNbXJTGzy3PBSNXMGcDnyJrsFkk,307,2448,nonick
00:21.48,10,QNbXJTGzy3PBSNXMGcDnyJrsFkk,307,2574,мѕι » Morale
00:15.21,1,bos4E9I_w10USkOmxVSme0xxUje,308,3165,ғяσैѕѕ
00:15.31,2,bos4E9I_w10USkOmxVSme0xxUje,308,975,ѕκγ. flex
00:15.34,3,bos4E9I_w10USkOmxVSme0xxUje,308,2098,ραяツ
00:15.35,4,bos4E9I_w10USkOmxVSme0xxUje,308,336,»ғฟ๏« Ŀιиκ.* Law
00:15.37,5,bos4E9I_w10USkOmxVSme0xxUje,308,542,ѕĸγ»МіǤ«ғฟ๏
00:15.45,6,bos4E9I_w10USkOmxVSme0xxUje,308,2484,Roa〆
00:15.48,7,bos4E9I_w10USkOmxVSme0xxUje,308,3704,redank
00:15.49,8,bos4E9I_w10USkOmxVSme0xxUje,308,767,Nitixd
00:15.55,9,bos4E9I_w10USkOmxVSme0xxUje,308,6963,Talliebird
00:15.60,10,bos4E9I_w10USkOmxVSme0xxUje,308,5408,Σα¹²мακσ您
00:18.91,1,TSy_7hz1GzJ_RebklV8YO2GDWug,309,101,Hèिést
00:18.96,2,TSy_7hz1GzJ_RebklV8YO2GDWug,309,503,reden°ॆ८॒°ॅneon
00:19.04,3,TSy_7hz1GzJ_RebklV8YO2GDWug,309,3704,redank
00:19.10,4,TSy_7hz1GzJ_RebklV8YO2GDWug,309,5696,CCC〢Lzaps
00:19.13,5,TSy_7hz1GzJ_RebklV8YO2GDWug,309,45,сав tekky.
00:19.19,6,TSy_7hz1GzJ_RebklV8YO2GDWug,309,1683,Eltev_X
00:19.40,7,TSy_7hz1GzJ_RebklV8YO2GDWug,309,2748,мѕι dzam мםя
00:19.41,8,TSy_7hz1GzJ_RebklV8YO2GDWug,309,4208,deadshadow
00:19.41,9,TSy_7hz1GzJ_RebklV8YO2GDWug,309,2712,Whiмѕιcal«т³
00:19.43,10,TSy_7hz1GzJ_RebklV8YO2GDWug,309,2188,Sileenz
00:23.64,1,vbFj_JNf7t199ueqIvogdrEM2Nb,310,3704,redank
00:24.04,2,vbFj_JNf7t199ueqIvogdrEM2Nb,310,2209,twig
00:24.07,3,vbFj_JNf7t199ueqIvogdrEM2Nb,310,503,reden°ॆ८॒°ॅneon
00:24.62,4,vbFj_JNf7t199ueqIvogdrEM2Nb,310,336,»ғฟ๏« Ŀιиκ.* Law
00:24.76,5,vbFj_JNf7t199ueqIvogdrEM2Nb,310,943,ehkla.
00:24.94,6,vbFj_JNf7t199ueqIvogdrEM2Nb,310,144,הѕс¬Ғеяяу | мр
00:25.00,7,vbFj_JNf7t199ueqIvogdrEM2Nb,310,4772,HELM | Pia
00:25.11,8,vbFj_JNf7t199ueqIvogdrEM2Nb,310,975,ѕκγ. flex
00:25.12,9,vbFj_JNf7t199ueqIvogdrEM2Nb,310,1798,byoš
00:25.19,10,vbFj_JNf7t199ueqIvogdrEM2Nb,310,2025,bijan
00:17.47,1,TImT6O6ewN_crWGpelu5OgcQWhc,311,608,a
00:17.82,2,TImT6O6ewN_crWGpelu5OgcQWhc,311,3704,redank
00:17.98,3,TImT6O6ewN_crWGpelu5OgcQWhc,311,1798,byoš
00:18.34,4,TImT6O6ewN_crWGpelu5OgcQWhc,311,975,ѕκγ. flex
00:18.36,5,TImT6O6ewN_crWGpelu5OgcQWhc,311,542,ѕĸγ»МіǤ«ғฟ๏
00:18.62,6,TImT6O6ewN_crWGpelu5OgcQWhc,311,2448,nonick
00:18.63,7,TImT6O6ewN_crWGpelu5OgcQWhc,311,42,aeैq«т³
00:18.66,8,TImT6O6ewN_crWGpelu5OgcQWhc,311,535,ғฟ๏.Hazard.
00:19.00,9,TImT6O6ewN_crWGpelu5OgcQWhc,311,4183,ヅČƏβ/Ļӛ Ǧ工ĝăÑтĒ乌ҨǜҾSσĈίαL
00:19.31,10,TImT6O6ewN_crWGpelu5OgcQWhc,311,2209,twig
00:35.19,1,Hxl96Xyhb4_9ZcI0LhU9LwtC7dh,312,4183,ヅČƏβ/Ļӛ Ǧ工ĝăÑтĒ乌ҨǜҾSσĈίαL
00:35.98,2,Hxl96Xyhb4_9ZcI0LhU9LwtC7dh,312,144,הѕс¬Ғеяяу | мр
00:36.23,3,Hxl96Xyhb4_9ZcI0LhU9LwtC7dh,312,336,»ғฟ๏« Ŀιиκ.* Law
00:37.16,4,Hxl96Xyhb4_9ZcI0LhU9LwtC7dh,312,1589,ti
00:37.26,5,Hxl96Xyhb4_9ZcI0LhU9LwtC7dh,312,3704,redank
00:37.51,6,Hxl96Xyhb4_9ZcI0LhU9LwtC7dh,312,315,ĊĦ Eror Ŀĸя
00:37.51,7,Hxl96Xyhb4_9ZcI0LhU9LwtC7dh,312,907,τєяα.
00:37.85,8,Hxl96Xyhb4_9ZcI0LhU9LwtC7dh,312,1027,הѕс¬  bolleッ
00:38.52,9,Hxl96Xyhb4_9ZcI0LhU9LwtC7dh,312,503,reden°ॆ८॒°ॅneon
00:39.18,10,Hxl96Xyhb4_9ZcI0LhU9LwtC7dh,312,101,Hèिést
00:13.48,1,wkt73p7AQY7J0NLWhexgjwxFLBk,313,512,nexos
00:13.82,2,wkt73p7AQY7J0NLWhexgjwxFLBk,313,144,הѕс¬Ғеяяу | мр
00:14.87,3,wkt73p7AQY7J0NLWhexgjwxFLBk,313,2652,Wikky69
00:15.87,4,wkt73p7AQY7J0NLWhexgjwxFLBk,313,1042,×saiphyy×
00:16.83,5,wkt73p7AQY7J0NLWhexgjwxFLBk,313,1396,Lemon :) ᄓ boosт³
00:17.06,6,wkt73p7AQY7J0NLWhexgjwxFLBk,313,3704,redank
00:18.37,7,wkt73p7AQY7J0NLWhexgjwxFLBk,313,2361,AzYmuthS « т³
00:18.56,8,wkt73p7AQY7J0NLWhexgjwxFLBk,313,2187,zetos.
00:18.60,9,wkt73p7AQY7J0NLWhexgjwxFLBk,313,4183,ヅČƏβ/Ļӛ Ǧ工ĝăÑтĒ乌ҨǜҾSσĈίαL
00:18.79,10,wkt73p7AQY7J0NLWhexgjwxFLBk,313,975,ѕκγ. flex
00:21.59,1,gGVTcqGrInjxpRaAwU3wtHfkRMl,314,336,»ғฟ๏« Ŀιиκ.* Law
00:21.75,2,gGVTcqGrInjxpRaAwU3wtHfkRMl,314,503,reden°ॆ८॒°ॅneon
00:21.79,3,gGVTcqGrInjxpRaAwU3wtHfkRMl,314,3704,redank
00:22.09,4,gGVTcqGrInjxpRaAwU3wtHfkRMl,314,1174,Нтм.Nad!
00:22.18,5,gGVTcqGrInjxpRaAwU3wtHfkRMl,314,42,aeैq«т³
00:22.19,6,gGVTcqGrInjxpRaAwU3wtHfkRMl,314,4183,ヅČƏβ/Ļӛ Ǧ工ĝăÑтĒ乌ҨǜҾSσĈίαL
00:22.33,7,gGVTcqGrInjxpRaAwU3wtHfkRMl,314,2904,NoPro»Skyer03
00:22.34,8,gGVTcqGrInjxpRaAwU3wtHfkRMl,314,2873,웃laser웃
00:22.39,9,gGVTcqGrInjxpRaAwU3wtHfkRMl,314,2187,zetos.
00:22.41,10,gGVTcqGrInjxpRaAwU3wtHfkRMl,314,2209,twig
00:29.13,1,GlMWBYxzBPQQt9nubgJbp9Qp3P5,315,4208,deadshadow
00:29.26,2,GlMWBYxzBPQQt9nubgJbp9Qp3P5,315,1042,×saiphyy×
00:29.27,3,GlMWBYxzBPQQt9nubgJbp9Qp3P5,315,4183,ヅČƏβ/Ļӛ Ǧ工ĝăÑтĒ乌ҨǜҾSσĈίαL
00:29.81,4,GlMWBYxzBPQQt9nubgJbp9Qp3P5,315,3704,redank
00:29.85,5,GlMWBYxzBPQQt9nubgJbp9Qp3P5,315,2243,sauucey
00:29.87,6,GlMWBYxzBPQQt9nubgJbp9Qp3P5,315,975,ѕκγ. flex
00:29.95,7,GlMWBYxzBPQQt9nubgJbp9Qp3P5,315,42,aeैq«т³
00:30.03,8,GlMWBYxzBPQQt9nubgJbp9Qp3P5,315,1788,Samurai
00:30.06,9,GlMWBYxzBPQQt9nubgJbp9Qp3P5,315,336,»ғฟ๏« Ŀιиκ.* Law
00:30.07,10,GlMWBYxzBPQQt9nubgJbp9Qp3P5,315,503,reden°ॆ८॒°ॅneon
00:10.86,1,OQjBJro62Pz9pfISw7m9BOExMy6,316,1,gargı
00:11.17,2,OQjBJro62Pz9pfISw7m9BOExMy6,316,975,ѕκγ. flex
00:11.24,3,OQjBJro62Pz9pfISw7m9BOExMy6,316,970,miau
00:11.46,4,OQjBJro62Pz9pfISw7m9BOExMy6,316,3165,ғяσैѕѕ
00:11.47,5,OQjBJro62Pz9pfISw7m9BOExMy6,316,2209,twig
00:11.52,6,OQjBJro62Pz9pfISw7m9BOExMy6,316,6212,Loap « т³
00:11.52,7,OQjBJro62Pz9pfISw7m9BOExMy6,316,42,aeैq«т³
00:11.53,8,OQjBJro62Pz9pfISw7m9BOExMy6,316,4183,ヅČƏβ/Ļӛ Ǧ工ĝăÑтĒ乌ҨǜҾSσĈίαL
00:11.56,9,OQjBJro62Pz9pfISw7m9BOExMy6,316,2504,ρσω«мя´ǥαω«т³
00:11.61,10,OQjBJro62Pz9pfISw7m9BOExMy6,316,2713,NICK
00:15.82,1,OLaBEkT2IhtT1veyRAcfkFfFcCh,317,4183,ヅČƏβ/Ļӛ Ǧ工ĝăÑтĒ乌ҨǜҾSσĈίαL
00:16.15,2,OLaBEkT2IhtT1veyRAcfkFfFcCh,317,3704,redank
00:16.20,3,OLaBEkT2IhtT1veyRAcfkFfFcCh,317,2243,sauucey
00:16.23,4,OLaBEkT2IhtT1veyRAcfkFfFcCh,317,2873,웃laser웃
00:16.25,5,OLaBEkT2IhtT1veyRAcfkFfFcCh,317,834,мםя zybzerraaa
00:16.27,6,OLaBEkT2IhtT1veyRAcfkFfFcCh,317,542,ѕĸγ»МіǤ«ғฟ๏
00:16.31,7,OLaBEkT2IhtT1veyRAcfkFfFcCh,317,655,мѕι¬δαġ॓ġ॔.мםя
00:16.35,8,OLaBEkT2IhtT1veyRAcfkFfFcCh,317,3225,Silliツ
00:16.35,9,OLaBEkT2IhtT1veyRAcfkFfFcCh,317,7659,HELM 〡 tricbby
00:16.36,10,OLaBEkT2IhtT1veyRAcfkFfFcCh,317,1589,ti
00:13.09,1,9LYmrPpWQ8WmnCGD3zafK9pgp2g,318,4183,ヅČƏβ/Ļӛ Ǧ工ĝăÑтĒ乌ҨǜҾSσĈίαL
00:13.14,2,9LYmrPpWQ8WmnCGD3zafK9pgp2g,318,2433,happyy
00:13.15,3,9LYmrPpWQ8WmnCGD3zafK9pgp2g,318,1990,brego×
00:13.16,4,9LYmrPpWQ8WmnCGD3zafK9pgp2g,318,2472,CopCat
00:13.18,5,9LYmrPpWQ8WmnCGD3zafK9pgp2g,318,1042,×saiphyy×
00:13.18,6,9LYmrPpWQ8WmnCGD3zafK9pgp2g,318,2188,Sileenz
00:13.21,7,9LYmrPpWQ8WmnCGD3zafK9pgp2g,318,6022,ңя ױ mirbb.ѕהν
00:13.22,8,9LYmrPpWQ8WmnCGD3zafK9pgp2g,318,8323,CarroT
00:13.23,9,9LYmrPpWQ8WmnCGD3zafK9pgp2g,318,6207,мэפаснолк
00:13.24,10,9LYmrPpWQ8WmnCGD3zafK9pgp2g,318,6558,gorilla
00:09.77,1,sJzkduf5jm7pxVlWgeTwy1mqvN1,319,542,ѕĸγ»МіǤ«ғฟ๏
00:10.04,2,sJzkduf5jm7pxVlWgeTwy1mqvN1,319,2553,Unknown >.<
00:10.12,3,sJzkduf5jm7pxVlWgeTwy1mqvN1,319,1797,ױρאωєя.т³
00:10.28,4,sJzkduf5jm7pxVlWgeTwy1mqvN1,319,2873,웃laser웃
00:10.38,5,sJzkduf5jm7pxVlWgeTwy1mqvN1,319,346,Obra « т³
00:10.47,6,sJzkduf5jm7pxVlWgeTwy1mqvN1,319,1990,brego×
00:10.61,7,sJzkduf5jm7pxVlWgeTwy1mqvN1,319,4183,ヅČƏβ/Ļӛ Ǧ工ĝăÑтĒ乌ҨǜҾSσĈίαL
00:10.85,8,sJzkduf5jm7pxVlWgeTwy1mqvN1,319,975,ѕκγ. flex
00:10.92,9,sJzkduf5jm7pxVlWgeTwy1mqvN1,319,8632,car driver
00:23.50,1,OMy7nomLbwKdbYp_G9MuRGE17vc,320,346,Obra « т³
00:23.56,2,OMy7nomLbwKdbYp_G9MuRGE17vc,320,1512,Drehspießfleisch im Brot « т³
00:23.79,3,OMy7nomLbwKdbYp_G9MuRGE17vc,320,1396,Lemon :) ᄓ boosт³
00:23.81,4,OMy7nomLbwKdbYp_G9MuRGE17vc,320,7123,¿Μаחחмιτһаυѕ!ツ
00:23.85,5,OMy7nomLbwKdbYp_G9MuRGE17vc,320,487,bPlayैērシmsi
00:23.91,6,OMy7nomLbwKdbYp_G9MuRGE17vc,320,745,my queen greta
00:10.99,10,sJzkduf5jm7pxVlWgeTwy1mqvN1,319,43,ѕκy²oumol_«_т³
00:24.15,7,OMy7nomLbwKdbYp_G9MuRGE17vc,320,2479,nut
00:24.15,8,OMy7nomLbwKdbYp_G9MuRGE17vc,320,1677,Eddy!
00:24.25,9,OMy7nomLbwKdbYp_G9MuRGE17vc,320,8322,~़Vוטה ๋:>
00:24.33,10,OMy7nomLbwKdbYp_G9MuRGE17vc,320,1028,Sqenol
00:23.36,1,gmCenuvQfFMVqY2FsGoLiNC7Kai,321,3092,hev
00:23.49,2,gmCenuvQfFMVqY2FsGoLiNC7Kai,321,1677,Eddy!
00:23.78,3,gmCenuvQfFMVqY2FsGoLiNC7Kai,321,4183,ヅČƏβ/Ļӛ Ǧ工ĝăÑтĒ乌ҨǜҾSσĈίαL
00:23.79,4,gmCenuvQfFMVqY2FsGoLiNC7Kai,321,1025,arthy.
00:23.81,5,gmCenuvQfFMVqY2FsGoLiNC7Kai,321,3165,ғяσैѕѕ
00:23.88,6,gmCenuvQfFMVqY2FsGoLiNC7Kai,321,3704,redank
00:24.09,7,gmCenuvQfFMVqY2FsGoLiNC7Kai,321,120,мѕι mo
00:24.09,8,gmCenuvQfFMVqY2FsGoLiNC7Kai,321,336,»ғฟ๏« Ŀιиκ.* Law
00:24.10,9,gmCenuvQfFMVqY2FsGoLiNC7Kai,321,2574,мѕι » Morale
00:24.13,10,gmCenuvQfFMVqY2FsGoLiNC7Kai,321,5696,CCC〢Lzaps
00:11.27,1,aBZIKCplUTx8IPG58bFoBo98N2k,322,3704,redank
00:11.28,2,aBZIKCplUTx8IPG58bFoBo98N2k,322,4183,ヅČƏβ/Ļӛ Ǧ工ĝăÑтĒ乌ҨǜҾSσĈίαL
00:11.44,3,aBZIKCplUTx8IPG58bFoBo98N2k,322,336,»ғฟ๏« Ŀιиκ.* Law
00:11.52,4,aBZIKCplUTx8IPG58bFoBo98N2k,322,390,wikos2
00:11.52,5,aBZIKCplUTx8IPG58bFoBo98N2k,322,797,Vadi.
00:11.52,6,aBZIKCplUTx8IPG58bFoBo98N2k,322,2011,ि७
00:11.55,7,aBZIKCplUTx8IPG58bFoBo98N2k,322,1174,Нтм.Nad!
00:11.58,8,aBZIKCplUTx8IPG58bFoBo98N2k,322,3955,Nem #jome
00:11.59,9,aBZIKCplUTx8IPG58bFoBo98N2k,322,120,мѕι mo
00:11.61,10,aBZIKCplUTx8IPG58bFoBo98N2k,322,1396,Lemon :) ᄓ boosт³
00:09.76,1,kmCr0WLht2QemHC5sdAnSW2Jtoi,323,3704,redank
00:10.53,2,kmCr0WLht2QemHC5sdAnSW2Jtoi,323,5464,ηG²¹Qazekƒun
00:10.55,3,kmCr0WLht2QemHC5sdAnSW2Jtoi,323,1078,FALCON
00:10.65,4,kmCr0WLht2QemHC5sdAnSW2Jtoi,323,1990,brego×
00:10.89,5,kmCr0WLht2QemHC5sdAnSW2Jtoi,323,1027,הѕс¬  bolleッ
00:10.89,6,kmCr0WLht2QemHC5sdAnSW2Jtoi,323,2845,ĽョΔғŁe
00:10.92,7,kmCr0WLht2QemHC5sdAnSW2Jtoi,323,695,ѕωα〤Λѕѕ т³
00:11.11,8,kmCr0WLht2QemHC5sdAnSW2Jtoi,323,1042,×saiphyy×
00:11.14,9,kmCr0WLht2QemHC5sdAnSW2Jtoi,323,970,miau
00:11.14,10,kmCr0WLht2QemHC5sdAnSW2Jtoi,323,3383,__
00:06.83,1,et5GqHgyBX1RAaMnzWpdgMuI418,324,3704,redank
00:14.12,2,et5GqHgyBX1RAaMnzWpdgMuI418,324,4183,ヅČƏβ/Ļӛ Ǧ工ĝăÑтĒ乌ҨǜҾSσĈίαL
00:14.24,3,et5GqHgyBX1RAaMnzWpdgMuI418,324,3985,ңя ױ cam
00:14.37,4,et5GqHgyBX1RAaMnzWpdgMuI418,324,975,ѕκγ. flex
00:14.69,6,et5GqHgyBX1RAaMnzWpdgMuI418,324,2448,nonick
00:14.88,7,et5GqHgyBX1RAaMnzWpdgMuI418,324,3487,им I| νσятεх - ļนск
00:14.96,8,et5GqHgyBX1RAaMnzWpdgMuI418,324,777,Jere
00:14.97,9,et5GqHgyBX1RAaMnzWpdgMuI418,324,2463,LPLuce
00:15.58,10,et5GqHgyBX1RAaMnzWpdgMuI418,324,1290,apΧ. kamon
00:28.76,1,kKaguv5KIlssJYdbgStQsoHAWyj,325,4183,ヅČƏβ/Ļӛ Ǧ工ĝăÑтĒ乌ҨǜҾSσĈίαL
00:28.94,2,kKaguv5KIlssJYdbgStQsoHAWyj,325,1174,Нтм.Nad!
00:29.39,3,kKaguv5KIlssJYdbgStQsoHAWyj,325,8322,~़Vוטה ๋:>
00:29.51,4,kKaguv5KIlssJYdbgStQsoHAWyj,325,5696,CCC〢Lzaps
00:29.52,5,kKaguv5KIlssJYdbgStQsoHAWyj,325,144,הѕс¬Ғеяяу | мр
00:29.53,6,kKaguv5KIlssJYdbgStQsoHAWyj,325,3704,redank
00:29.57,7,kKaguv5KIlssJYdbgStQsoHAWyj,325,1677,Eddy!
00:29.59,8,kKaguv5KIlssJYdbgStQsoHAWyj,325,45,сав tekky.
00:29.67,9,kKaguv5KIlssJYdbgStQsoHAWyj,325,336,»ғฟ๏« Ŀιиκ.* Law
00:29.78,10,kKaguv5KIlssJYdbgStQsoHAWyj,325,538,.
00:16.67,1,5qnZgLrmMv4Q4gKrSvUCD_JBzJb,326,2919,r4' « т³
00:16.81,2,5qnZgLrmMv4Q4gKrSvUCD_JBzJb,326,2484,Roa〆
00:16.89,3,5qnZgLrmMv4Q4gKrSvUCD_JBzJb,326,5955,mikmos
00:16.90,4,5qnZgLrmMv4Q4gKrSvUCD_JBzJb,326,1683,Eltev_X
00:16.92,5,5qnZgLrmMv4Q4gKrSvUCD_JBzJb,326,1402,yo my name valent
00:16.93,6,5qnZgLrmMv4Q4gKrSvUCD_JBzJb,326,2553,Unknown >.<
00:16.94,7,5qnZgLrmMv4Q4gKrSvUCD_JBzJb,326,1092,LeG〢Samiƒun
00:16.95,8,5qnZgLrmMv4Q4gKrSvUCD_JBzJb,326,1396,Lemon :) ᄓ boosт³
00:16.96,9,5qnZgLrmMv4Q4gKrSvUCD_JBzJb,326,2574,мѕι » Morale
00:16.98,10,5qnZgLrmMv4Q4gKrSvUCD_JBzJb,326,4183,ヅČƏβ/Ļӛ Ǧ工ĝăÑтĒ乌ҨǜҾSσĈίαL
00:14.93,1,EYZPfoKyXuYQWMnSlGQNulq8sLf,327,3704,redank
00:14.98,2,EYZPfoKyXuYQWMnSlGQNulq8sLf,327,1042,×saiphyy×
00:15.07,3,EYZPfoKyXuYQWMnSlGQNulq8sLf,327,8322,~़Vוטה ๋:>
00:15.15,4,EYZPfoKyXuYQWMnSlGQNulq8sLf,327,8407,ңя ױ jarck.
00:15.17,5,EYZPfoKyXuYQWMnSlGQNulq8sLf,327,4082,iiHugo « т³
00:15.31,6,EYZPfoKyXuYQWMnSlGQNulq8sLf,327,1396,Lemon :) ᄓ boosт³
00:15.48,7,EYZPfoKyXuYQWMnSlGQNulq8sLf,327,4183,ヅČƏβ/Ļӛ Ǧ工ĝăÑтĒ乌ҨǜҾSσĈίαL
00:15.52,8,EYZPfoKyXuYQWMnSlGQNulq8sLf,327,2463,LPLuce
00:15.56,9,EYZPfoKyXuYQWMnSlGQNulq8sLf,327,1677,Eddy!
00:15.76,10,EYZPfoKyXuYQWMnSlGQNulq8sLf,327,2448,nonick
00:37.87,1,7n6f0HtDG8MGmTA5sQQ8nljdIjf,328,4242,Betojo c:
00:46.63,2,7n6f0HtDG8MGmTA5sQQ8nljdIjf,328,4183,ヅČƏβ/Ļӛ Ǧ工ĝăÑтĒ乌ҨǜҾSσĈίαL
00:47.07,3,7n6f0HtDG8MGmTA5sQQ8nljdIjf,328,3704,redank
00:47.61,4,7n6f0HtDG8MGmTA5sQQ8nljdIjf,328,1042,×saiphyy×
00:47.64,5,7n6f0HtDG8MGmTA5sQQ8nljdIjf,328,1247,hurbanova 37
00:48.24,6,7n6f0HtDG8MGmTA5sQQ8nljdIjf,328,5955,mikmos
00:48.52,7,7n6f0HtDG8MGmTA5sQQ8nljdIjf,328,2243,sauucey
00:48.94,8,7n6f0HtDG8MGmTA5sQQ8nljdIjf,328,178,DWN.skandear
00:49.10,9,7n6f0HtDG8MGmTA5sQQ8nljdIjf,328,8632,car driver
00:49.21,10,7n6f0HtDG8MGmTA5sQQ8nljdIjf,328,8280,pan
00:13.95,1,gdXVN9x4x_UJ1ePKeIit8pdhVaf,329,4183,ヅČƏβ/Ļӛ Ǧ工ĝăÑтĒ乌ҨǜҾSσĈίαL
00:13.98,2,gdXVN9x4x_UJ1ePKeIit8pdhVaf,329,3704,redank
00:14.02,3,gdXVN9x4x_UJ1ePKeIit8pdhVaf,329,2553,Unknown >.<
00:14.13,4,gdXVN9x4x_UJ1ePKeIit8pdhVaf,329,8957,Frosttbitten
00:14.14,5,gdXVN9x4x_UJ1ePKeIit8pdhVaf,329,7264,Lolodpro
00:14.16,6,gdXVN9x4x_UJ1ePKeIit8pdhVaf,329,889,Ғαмоυѕ.Poufi॰сав
00:14.17,7,gdXVN9x4x_UJ1ePKeIit8pdhVaf,329,2514,shen
00:14.18,8,gdXVN9x4x_UJ1ePKeIit8pdhVaf,329,1039,le_duc44
00:14.19,9,gdXVN9x4x_UJ1ePKeIit8pdhVaf,329,1042,×saiphyy×
00:14.21,10,gdXVN9x4x_UJ1ePKeIit8pdhVaf,329,3909,lappen
00:23.73,1,aHPsyJGlTVOs02EC2s8jg4d535l,330,4183,ヅČƏβ/Ļӛ Ǧ工ĝăÑтĒ乌ҨǜҾSσĈίαL
00:23.86,2,aHPsyJGlTVOs02EC2s8jg4d535l,330,2826,KŘOĄTĘ¬Thicc〢ѕІоώ»ЈŁ
00:24.32,3,aHPsyJGlTVOs02EC2s8jg4d535l,330,1042,×saiphyy×
00:24.60,4,aHPsyJGlTVOs02EC2s8jg4d535l,330,8407,ңя ױ jarck.
00:24.82,5,aHPsyJGlTVOs02EC2s8jg4d535l,330,5274,VictorPro123
00:25.43,6,aHPsyJGlTVOs02EC2s8jg4d535l,330,2448,nonick
00:25.85,7,aHPsyJGlTVOs02EC2s8jg4d535l,330,120,мѕι mo
00:26.16,8,aHPsyJGlTVOs02EC2s8jg4d535l,330,3704,redank
00:26.23,9,aHPsyJGlTVOs02EC2s8jg4d535l,330,1797,ױρאωєя.т³
00:26.51,10,aHPsyJGlTVOs02EC2s8jg4d535l,330,2187,zetos.
00:12.59,1,7S0RXnprb8feVpjr4FNIwdIzq20,331,3704,redank
00:12.65,2,7S0RXnprb8feVpjr4FNIwdIzq20,331,4183,ヅČƏβ/Ļӛ Ǧ工ĝăÑтĒ乌ҨǜҾSσĈίαL
00:12.70,3,7S0RXnprb8feVpjr4FNIwdIzq20,331,487,bPlayैērシmsi
00:12.83,4,7S0RXnprb8feVpjr4FNIwdIzq20,331,542,ѕĸγ»МіǤ«ғฟ๏
00:12.87,5,7S0RXnprb8feVpjr4FNIwdIzq20,331,2029,ѕהνぬѕресטねНтм
00:12.89,6,7S0RXnprb8feVpjr4FNIwdIzq20,331,1797,ױρאωєя.т³
00:12.89,7,7S0RXnprb8feVpjr4FNIwdIzq20,331,45,сав tekky.
00:12.89,8,7S0RXnprb8feVpjr4FNIwdIzq20,331,4082,iiHugo « т³
00:12.90,9,7S0RXnprb8feVpjr4FNIwdIzq20,331,5577,Geneяal є๏ยlίร ЈΛŦ
00:12.98,10,7S0RXnprb8feVpjr4FNIwdIzq20,331,1042,×saiphyy×
00:17.28,1,mFj9xolewMovvGP738TbPBpwdib,332,1797,ױρאωєя.т³
00:17.37,2,mFj9xolewMovvGP738TbPBpwdib,332,336,»ғฟ๏« Ŀιиκ.* Law
00:18.14,3,mFj9xolewMovvGP738TbPBpwdib,332,4082,iiHugo « т³
00:18.15,4,mFj9xolewMovvGP738TbPBpwdib,332,2873,웃laser웃
00:18.20,5,mFj9xolewMovvGP738TbPBpwdib,332,4183,ヅČƏβ/Ļӛ Ǧ工ĝăÑтĒ乌ҨǜҾSσĈίαL
00:18.25,6,mFj9xolewMovvGP738TbPBpwdib,332,2243,sauucey
00:18.29,7,mFj9xolewMovvGP738TbPBpwdib,332,2187,zetos.
00:18.40,8,mFj9xolewMovvGP738TbPBpwdib,332,1042,×saiphyy×
00:18.50,9,mFj9xolewMovvGP738TbPBpwdib,332,8322,~़Vוטה ๋:>
00:18.64,10,mFj9xolewMovvGP738TbPBpwdib,332,4354,「ιиғяα」
00:15.20,1,vyRD57GjLM4MLSste4IWEgoYXs9,333,2826,KŘOĄTĘ¬Thicc〢ѕІоώ»ЈŁ
00:15.44,2,vyRD57GjLM4MLSste4IWEgoYXs9,333,101,Hèिést
00:15.62,3,vyRD57GjLM4MLSste4IWEgoYXs9,333,3165,ғяσैѕѕ
00:15.73,4,vyRD57GjLM4MLSste4IWEgoYXs9,333,5274,VictorPro123
00:15.86,5,vyRD57GjLM4MLSste4IWEgoYXs9,333,487,bPlayैērシmsi
00:15.89,6,vyRD57GjLM4MLSste4IWEgoYXs9,333,2243,sauucey
00:15.89,7,vyRD57GjLM4MLSste4IWEgoYXs9,333,2712,Whiмѕιcal«т³
00:15.90,8,vyRD57GjLM4MLSste4IWEgoYXs9,333,4104,andrew
00:15.91,9,vyRD57GjLM4MLSste4IWEgoYXs9,333,4108,babababababbababbaa
00:15.92,10,vyRD57GjLM4MLSste4IWEgoYXs9,333,4082,iiHugo « т³
00:18.08,1,goF_vZI2lgUUux1Jk6N0ORyFgO8,334,3704,redank
00:19.62,2,goF_vZI2lgUUux1Jk6N0ORyFgO8,334,1042,×saiphyy×
00:20.25,3,goF_vZI2lgUUux1Jk6N0ORyFgO8,334,4183,ヅČƏβ/Ļӛ Ǧ工ĝăÑтĒ乌ҨǜҾSσĈίαL
00:20.39,4,goF_vZI2lgUUux1Jk6N0ORyFgO8,334,120,мѕι mo
00:22.28,5,goF_vZI2lgUUux1Jk6N0ORyFgO8,334,2243,sauucey
00:22.81,6,goF_vZI2lgUUux1Jk6N0ORyFgO8,334,336,»ғฟ๏« Ŀιиκ.* Law
00:22.81,7,goF_vZI2lgUUux1Jk6N0ORyFgO8,334,2826,KŘOĄTĘ¬Thicc〢ѕІоώ»ЈŁ
00:22.88,8,goF_vZI2lgUUux1Jk6N0ORyFgO8,334,1950,// fey « т³ //
00:22.95,9,goF_vZI2lgUUux1Jk6N0ORyFgO8,334,2549,Ісегॆॅ็
00:22.96,10,goF_vZI2lgUUux1Jk6N0ORyFgO8,334,975,ѕκγ. flex
00:11.41,1,monLP7fcy236rRahWd_P_wBndg5,335,336,»ғฟ๏« Ŀιиκ.* Law
00:11.61,2,monLP7fcy236rRahWd_P_wBndg5,335,4183,ヅČƏβ/Ļӛ Ǧ工ĝăÑтĒ乌ҨǜҾSσĈίαL
00:11.68,3,monLP7fcy236rRahWd_P_wBndg5,335,1798,byoš
00:11.91,4,monLP7fcy236rRahWd_P_wBndg5,335,101,Hèिést
00:12.04,5,monLP7fcy236rRahWd_P_wBndg5,335,1042,×saiphyy×
00:12.04,6,monLP7fcy236rRahWd_P_wBndg5,335,6156,skred
00:12.09,7,monLP7fcy236rRahWd_P_wBndg5,335,2873,웃laser웃
00:12.12,8,monLP7fcy236rRahWd_P_wBndg5,335,1950,// fey « т³ //
00:12.24,9,monLP7fcy236rRahWd_P_wBndg5,335,2826,KŘOĄTĘ¬Thicc〢ѕІоώ»ЈŁ
00:12.31,10,monLP7fcy236rRahWd_P_wBndg5,335,1600,сав ¬ nellike
00:28.74,1,gmVpoM77d_y46L1jc1rI3_eJNTa,336,4183,ヅČƏβ/Ļӛ Ǧ工ĝăÑтĒ乌ҨǜҾSσĈίαL
00:28.75,2,gmVpoM77d_y46L1jc1rI3_eJNTa,336,6036,ңя ױjantronix
00:29.05,3,gmVpoM77d_y46L1jc1rI3_eJNTa,336,2187,zetos.
00:29.09,4,gmVpoM77d_y46L1jc1rI3_eJNTa,336,346,Obra « т³
00:29.18,5,gmVpoM77d_y46L1jc1rI3_eJNTa,336,3704,redank
00:29.25,6,gmVpoM77d_y46L1jc1rI3_eJNTa,336,1042,×saiphyy×
00:29.28,7,gmVpoM77d_y46L1jc1rI3_eJNTa,336,2348,ѕняєк!ζємטѕч²
00:29.28,8,gmVpoM77d_y46L1jc1rI3_eJNTa,336,5039,Billboard ЈЄҒҒ
00:29.28,9,gmVpoM77d_y46L1jc1rI3_eJNTa,336,2249,KURĐE¬Assa〢ғаѕт»ЈŁ
00:29.31,10,gmVpoM77d_y46L1jc1rI3_eJNTa,336,2128,/passi
00:20.68,1,cxZbD24Rn7kz2Wemea2JmhG78E4,337,4252,िα๓² ayeewake ๓ไ
00:21.50,2,cxZbD24Rn7kz2Wemea2JmhG78E4,337,1950,// fey « т³ //
00:23.33,3,cxZbD24Rn7kz2Wemea2JmhG78E4,337,955,MĄROĆ¬Drei〢ѕІоώ»ЈŁ
00:23.52,4,cxZbD24Rn7kz2Wemea2JmhG78E4,337,1174,Нтм.Nad!
00:24.11,5,cxZbD24Rn7kz2Wemea2JmhG78E4,337,542,ѕĸγ»МіǤ«ғฟ๏
00:24.74,6,cxZbD24Rn7kz2Wemea2JmhG78E4,337,2549,Ісегॆॅ็
00:25.08,7,cxZbD24Rn7kz2Wemea2JmhG78E4,337,2873,웃laser웃
00:26.37,8,cxZbD24Rn7kz2Wemea2JmhG78E4,337,336,»ғฟ๏« Ŀιиκ.* Law
00:26.99,9,cxZbD24Rn7kz2Wemea2JmhG78E4,337,1042,×saiphyy×
00:27.16,10,cxZbD24Rn7kz2Wemea2JmhG78E4,337,4183,ヅČƏβ/Ļӛ Ǧ工ĝăÑтĒ乌ҨǜҾSσĈίαL
00:23.28,1,5aeF7frX9zTWRuNz48LirHIbSM8,338,1396,Lemon :) ᄓ boosт³
00:24.83,2,5aeF7frX9zTWRuNz48LirHIbSM8,338,390,wikos2
00:25.06,3,5aeF7frX9zTWRuNz48LirHIbSM8,338,4183,ヅČƏβ/Ļӛ Ǧ工ĝăÑтĒ乌ҨǜҾSσĈίαL
00:25.07,4,5aeF7frX9zTWRuNz48LirHIbSM8,338,3501,ңя ױ Kustosz Λc
00:25.27,5,5aeF7frX9zTWRuNz48LirHIbSM8,338,1078,FALCON
00:25.28,6,5aeF7frX9zTWRuNz48LirHIbSM8,338,608,a
00:25.31,7,5aeF7frX9zTWRuNz48LirHIbSM8,338,2243,sauucey
00:25.31,8,5aeF7frX9zTWRuNz48LirHIbSM8,338,6780,ƒun Robkey
00:25.47,9,5aeF7frX9zTWRuNz48LirHIbSM8,338,1364,Tissa.
00:25.49,10,5aeF7frX9zTWRuNz48LirHIbSM8,338,1005,FtR.
00:11.21,1,WsqYyL70ufrQELwzlzph0ugxrs0,339,8037,akif713
00:11.26,2,WsqYyL70ufrQELwzlzph0ugxrs0,339,2549,Ісегॆॅ็
00:11.43,3,WsqYyL70ufrQELwzlzph0ugxrs0,339,2514,shen
00:11.45,4,WsqYyL70ufrQELwzlzph0ugxrs0,339,4183,ヅČƏβ/Ļӛ Ǧ工ĝăÑтĒ乌ҨǜҾSσĈίαL
00:11.47,5,WsqYyL70ufrQELwzlzph0ugxrs0,339,159,LeG〢ςīмī
00:11.51,6,WsqYyL70ufrQELwzlzph0ugxrs0,339,1797,ױρאωєя.т³
00:11.52,7,WsqYyL70ufrQELwzlzph0ugxrs0,339,1446,Jeff Bömpos
00:11.53,8,WsqYyL70ufrQELwzlzph0ugxrs0,339,149,Marmerladi
00:11.54,9,WsqYyL70ufrQELwzlzph0ugxrs0,339,8407,ңя ױ jarck.
00:11.55,10,WsqYyL70ufrQELwzlzph0ugxrs0,339,7431,ฬคтт ζ Удהפдмεг
00:12.58,1,0kta_XQu8UPV5S7FL_o8iqwpWl3,340,1798,byoš
00:13.01,2,0kta_XQu8UPV5S7FL_o8iqwpWl3,340,1174,Нтм.Nad!
00:13.02,3,0kta_XQu8UPV5S7FL_o8iqwpWl3,340,2479,nut
00:13.06,4,0kta_XQu8UPV5S7FL_o8iqwpWl3,340,2187,zetos.
00:13.16,5,0kta_XQu8UPV5S7FL_o8iqwpWl3,340,955,MĄROĆ¬Drei〢ѕІоώ»ЈŁ
00:13.17,6,0kta_XQu8UPV5S7FL_o8iqwpWl3,340,4183,ヅČƏβ/Ļӛ Ǧ工ĝăÑтĒ乌ҨǜҾSσĈίαL
00:13.18,7,0kta_XQu8UPV5S7FL_o8iqwpWl3,340,5039,Billboard ЈЄҒҒ
00:13.24,8,0kta_XQu8UPV5S7FL_o8iqwpWl3,340,3985,ңя ױ cam
00:13.27,9,0kta_XQu8UPV5S7FL_o8iqwpWl3,340,542,ѕĸγ»МіǤ«ғฟ๏
00:13.29,10,0kta_XQu8UPV5S7FL_o8iqwpWl3,340,6064,HELM | Asvyl?
00:25.55,1,5MPn1CwIKq0Ep7_SXVwJBtplas6,341,2904,NoPro»Skyer03
00:25.57,2,5MPn1CwIKq0Ep7_SXVwJBtplas6,341,1042,×saiphyy×
00:25.85,3,5MPn1CwIKq0Ep7_SXVwJBtplas6,341,2098,ραяツ
00:26.06,4,5MPn1CwIKq0Ep7_SXVwJBtplas6,341,4183,ヅČƏβ/Ļӛ Ǧ工ĝăÑтĒ乌ҨǜҾSσĈίαL
00:26.15,5,5MPn1CwIKq0Ep7_SXVwJBtplas6,341,1396,Lemon :) ᄓ boosт³
00:26.22,6,5MPn1CwIKq0Ep7_SXVwJBtplas6,341,2393,ĊĦ Bob
00:26.28,7,5MPn1CwIKq0Ep7_SXVwJBtplas6,341,7517,Bor
00:26.37,8,5MPn1CwIKq0Ep7_SXVwJBtplas6,341,3704,redank
00:26.41,9,5MPn1CwIKq0Ep7_SXVwJBtplas6,341,4354,「ιиғяα」
00:26.42,10,5MPn1CwIKq0Ep7_SXVwJBtplas6,341,2243,sauucey
00:13.97,1,NeVb7EpSmJZQJQxIP1qi2fsKGt1,342,2187,zetos.
00:14.06,2,NeVb7EpSmJZQJQxIP1qi2fsKGt1,342,1042,×saiphyy×
00:14.47,3,NeVb7EpSmJZQJQxIP1qi2fsKGt1,342,3704,redank
00:14.63,4,NeVb7EpSmJZQJQxIP1qi2fsKGt1,342,2463,LPLuce
00:14.64,5,NeVb7EpSmJZQJQxIP1qi2fsKGt1,342,4772,HELM | Pia
00:14.68,6,NeVb7EpSmJZQJQxIP1qi2fsKGt1,342,4183,ヅČƏβ/Ļӛ Ǧ工ĝăÑтĒ乌ҨǜҾSσĈίαL
00:14.95,7,NeVb7EpSmJZQJQxIP1qi2fsKGt1,342,1174,Нтм.Nad!
00:14.95,8,NeVb7EpSmJZQJQxIP1qi2fsKGt1,342,4082,iiHugo « т³
00:15.12,9,NeVb7EpSmJZQJQxIP1qi2fsKGt1,342,2243,sauucey
00:15.36,10,NeVb7EpSmJZQJQxIP1qi2fsKGt1,342,7517,Bor
00:13.33,1,EmBhSaO3sRWxmy8yWa6gCYV1Suj,343,1042,×saiphyy×
00:13.37,2,EmBhSaO3sRWxmy8yWa6gCYV1Suj,343,2375,ST0MPN
00:13.37,3,EmBhSaO3sRWxmy8yWa6gCYV1Suj,343,5383,HELM | CJay
00:13.51,4,EmBhSaO3sRWxmy8yWa6gCYV1Suj,343,2243,sauucey
00:13.53,5,EmBhSaO3sRWxmy8yWa6gCYV1Suj,343,4183,ヅČƏβ/Ļӛ Ǧ工ĝăÑтĒ乌ҨǜҾSσĈίαL
00:13.55,6,EmBhSaO3sRWxmy8yWa6gCYV1Suj,343,101,Hèिést
00:13.60,7,EmBhSaO3sRWxmy8yWa6gCYV1Suj,343,2044,ЈŁ〢G工ΛSÖ〢HELM
00:13.66,8,EmBhSaO3sRWxmy8yWa6gCYV1Suj,343,2011,ि७
00:13.67,9,EmBhSaO3sRWxmy8yWa6gCYV1Suj,343,512,nexos
00:13.72,10,EmBhSaO3sRWxmy8yWa6gCYV1Suj,343,4772,HELM | Pia
00:12.07,1,WZy7ABFqkAL1qSnOeN44CYCf4Dc,344,1432,|gile i biza!JBT6
00:12.14,2,WZy7ABFqkAL1qSnOeN44CYCf4Dc,344,4183,ヅČƏβ/Ļӛ Ǧ工ĝăÑтĒ乌ҨǜҾSσĈίαL
00:12.22,3,WZy7ABFqkAL1qSnOeN44CYCf4Dc,344,1174,Нтм.Nad!
00:12.28,4,WZy7ABFqkAL1qSnOeN44CYCf4Dc,344,542,ѕĸγ»МіǤ«ғฟ๏
00:12.29,5,WZy7ABFqkAL1qSnOeN44CYCf4Dc,344,1078,FALCON
00:12.32,6,WZy7ABFqkAL1qSnOeN44CYCf4Dc,344,6994,Daaug
00:12.32,7,WZy7ABFqkAL1qSnOeN44CYCf4Dc,344,7102,¬100% // Polar_15 :3
00:12.34,8,WZy7ABFqkAL1qSnOeN44CYCf4Dc,344,7955,Eternikiwi
00:12.34,9,WZy7ABFqkAL1qSnOeN44CYCf4Dc,344,8976,SeriousTM
00:12.35,10,WZy7ABFqkAL1qSnOeN44CYCf4Dc,344,4082,iiHugo « т³
00:09.23,1,Aj89_Jj4OA9vifV3aIOYwdVdun,345,3704,redank
00:09.41,2,Aj89_Jj4OA9vifV3aIOYwdVdun,345,4183,ヅČƏβ/Ļӛ Ǧ工ĝăÑтĒ乌ҨǜҾSσĈίαL
00:09.45,3,Aj89_Jj4OA9vifV3aIOYwdVdun,345,1042,×saiphyy×
00:09.50,4,Aj89_Jj4OA9vifV3aIOYwdVdun,345,8682,alluᆢ<3
00:09.54,5,Aj89_Jj4OA9vifV3aIOYwdVdun,345,542,ѕĸγ»МіǤ«ғฟ๏
00:09.57,6,Aj89_Jj4OA9vifV3aIOYwdVdun,345,2463,LPLuce
00:09.58,7,Aj89_Jj4OA9vifV3aIOYwdVdun,345,2011,ि७
00:09.58,8,Aj89_Jj4OA9vifV3aIOYwdVdun,345,8322,~़Vוטה ๋:>
00:09.58,9,Aj89_Jj4OA9vifV3aIOYwdVdun,345,8780,Katherina2005
00:09.59,10,Aj89_Jj4OA9vifV3aIOYwdVdun,345,112,Ģąņĵą  bazo
00:18.47,1,DxGAtdd8zfWZVKVXqWiypkOqlhd,346,6064,HELM | Asvyl?
00:18.74,2,DxGAtdd8zfWZVKVXqWiypkOqlhd,346,1042,×saiphyy×
00:18.83,3,DxGAtdd8zfWZVKVXqWiypkOqlhd,346,6673,ңя ױ adriaalv
00:18.86,4,DxGAtdd8zfWZVKVXqWiypkOqlhd,346,2925,Hollow
00:18.86,5,DxGAtdd8zfWZVKVXqWiypkOqlhd,346,3474,๓ไ» βακεδ Δlαsκα « т³
00:19.00,6,DxGAtdd8zfWZVKVXqWiypkOqlhd,346,1320,мѕι UrangWu-tang
00:19.26,7,DxGAtdd8zfWZVKVXqWiypkOqlhd,346,2535,andzejus
00:19.27,8,DxGAtdd8zfWZVKVXqWiypkOqlhd,346,1589,ti
00:19.28,9,DxGAtdd8zfWZVKVXqWiypkOqlhd,346,6156,skred
00:19.32,10,DxGAtdd8zfWZVKVXqWiypkOqlhd,346,4183,ヅČƏβ/Ļӛ Ǧ工ĝăÑтĒ乌ҨǜҾSσĈίαL
00:17.52,1,YtLlzZQM_LnR2oY_rVv1wu4SY2c,347,4183,ヅČƏβ/Ļӛ Ǧ工ĝăÑтĒ乌ҨǜҾSσĈίαL
00:18.00,2,YtLlzZQM_LnR2oY_rVv1wu4SY2c,347,101,Hèिést
00:18.05,3,YtLlzZQM_LnR2oY_rVv1wu4SY2c,347,4354,「ιиғяα」
00:18.16,4,YtLlzZQM_LnR2oY_rVv1wu4SY2c,347,390,wikos2
00:18.23,5,YtLlzZQM_LnR2oY_rVv1wu4SY2c,347,2463,LPLuce
00:18.25,6,YtLlzZQM_LnR2oY_rVv1wu4SY2c,347,5383,HELM | CJay
00:18.28,7,YtLlzZQM_LnR2oY_rVv1wu4SY2c,347,1446,Jeff Bömpos
00:18.28,8,YtLlzZQM_LnR2oY_rVv1wu4SY2c,347,336,»ғฟ๏« Ŀιиκ.* Law
00:18.28,9,YtLlzZQM_LnR2oY_rVv1wu4SY2c,347,4252,िα๓² ayeewake ๓ไ
00:18.30,10,YtLlzZQM_LnR2oY_rVv1wu4SY2c,347,1042,×saiphyy×
00:23.75,1,Lw1xGl2yk8ht9xfL0aYpKZ4ya6l,348,4183,ヅČƏβ/Ļӛ Ǧ工ĝăÑтĒ乌ҨǜҾSσĈίαL
00:23.76,2,Lw1xGl2yk8ht9xfL0aYpKZ4ya6l,348,3165,ғяσैѕѕ
00:23.97,3,Lw1xGl2yk8ht9xfL0aYpKZ4ya6l,348,975,ѕκγ. flex
00:24.01,4,Lw1xGl2yk8ht9xfL0aYpKZ4ya6l,348,1042,×saiphyy×
00:24.02,5,Lw1xGl2yk8ht9xfL0aYpKZ4ya6l,348,2574,мѕι » Morale
00:24.04,6,Lw1xGl2yk8ht9xfL0aYpKZ4ya6l,348,7613,DaBest
00:24.15,7,Lw1xGl2yk8ht9xfL0aYpKZ4ya6l,348,7517,Bor
00:24.23,8,Lw1xGl2yk8ht9xfL0aYpKZ4ya6l,348,5955,mikmos
00:24.37,9,Lw1xGl2yk8ht9xfL0aYpKZ4ya6l,348,2384,JetDaRkTiTans
00:24.41,10,Lw1xGl2yk8ht9xfL0aYpKZ4ya6l,348,4082,iiHugo « т³
00:09.50,1,cGEEkxH_bM30SnqNAEPpGP3OpQ4,349,1247,hurbanova 37
00:09.58,2,cGEEkxH_bM30SnqNAEPpGP3OpQ4,349,4699,הѕс¬ Axell. Law
00:09.90,3,cGEEkxH_bM30SnqNAEPpGP3OpQ4,349,8407,ңя ױ jarck.
00:09.91,4,cGEEkxH_bM30SnqNAEPpGP3OpQ4,349,1042,×saiphyy×
00:09.92,5,cGEEkxH_bM30SnqNAEPpGP3OpQ4,349,1174,Нтм.Nad!
00:09.92,6,cGEEkxH_bM30SnqNAEPpGP3OpQ4,349,7671,яτх¬truliq!
00:09.92,8,cGEEkxH_bM30SnqNAEPpGP3OpQ4,349,144,הѕс¬Ғеяяу | мр
00:09.93,9,cGEEkxH_bM30SnqNAEPpGP3OpQ4,349,3219,๓ไƒ¡ll¡pp_
00:09.93,10,cGEEkxH_bM30SnqNAEPpGP3OpQ4,349,4183,ヅČƏβ/Ļӛ Ǧ工ĝăÑтĒ乌ҨǜҾSσĈίαL
00:08.74,1,dd46HyvwxjljuHGGgFY3QEe7XEd,350,1683,Eltev_X
00:09.53,2,dd46HyvwxjljuHGGgFY3QEe7XEd,350,198,Forecast : ACID RAIN !! YOU WILL DIE !!
00:09.65,3,dd46HyvwxjljuHGGgFY3QEe7XEd,350,8181, דhe פrug guץ
00:09.66,4,dd46HyvwxjljuHGGgFY3QEe7XEd,350,745,my queen greta
00:09.66,5,dd46HyvwxjljuHGGgFY3QEe7XEd,350,886,Akame'¬ѕаχ
00:09.74,6,dd46HyvwxjljuHGGgFY3QEe7XEd,350,6270,ңя ױ chris(on)top(of)her ฟřћ*
00:09.77,7,dd46HyvwxjljuHGGgFY3QEe7XEd,350,1042,×saiphyy×
00:09.77,8,dd46HyvwxjljuHGGgFY3QEe7XEd,350,8848,Anagram
00:09.83,9,dd46HyvwxjljuHGGgFY3QEe7XEd,350,444,т³v.ex
00:09.96,10,dd46HyvwxjljuHGGgFY3QEe7XEd,350,2820,ңя ױ Bs个R
00:22.25,1,lkENqXAtsGrPg4fenL5y8nK6Hd1,351,3704,redank
00:22.53,2,lkENqXAtsGrPg4fenL5y8nK6Hd1,351,7517,Bor
00:22.64,3,lkENqXAtsGrPg4fenL5y8nK6Hd1,351,2187,zetos.
00:22.72,4,lkENqXAtsGrPg4fenL5y8nK6Hd1,351,1042,×saiphyy×
00:22.75,5,lkENqXAtsGrPg4fenL5y8nK6Hd1,351,1950,// fey « т³ //
00:22.84,6,lkENqXAtsGrPg4fenL5y8nK6Hd1,351,5955,mikmos
00:22.89,7,lkENqXAtsGrPg4fenL5y8nK6Hd1,351,8037,akif713
00:22.89,8,lkENqXAtsGrPg4fenL5y8nK6Hd1,351,2448,nonick
00:22.91,9,lkENqXAtsGrPg4fenL5y8nK6Hd1,351,4082,iiHugo « т³
00:22.99,10,lkENqXAtsGrPg4fenL5y8nK6Hd1,351,1174,Нтм.Nad!
00:11.47,1,kyAegb98j0wp3lcChUiXR73ySFj,352,7420,Marius
00:11.50,2,kyAegb98j0wp3lcChUiXR73ySFj,352,2393,ĊĦ Bob
00:11.55,3,kyAegb98j0wp3lcChUiXR73ySFj,352,791,сав | маפוѕтяа. <3
00:11.68,4,kyAegb98j0wp3lcChUiXR73ySFj,352,443,Arrianus
00:11.72,5,kyAegb98j0wp3lcChUiXR73ySFj,352,1396,Lemon :) ᄓ boosт³
00:11.75,6,kyAegb98j0wp3lcChUiXR73ySFj,352,8754,gluesniffah
00:11.79,7,kyAegb98j0wp3lcChUiXR73ySFj,352,1677,Eddy!
00:11.83,8,kyAegb98j0wp3lcChUiXR73ySFj,352,2652,Wikky69
00:11.84,9,kyAegb98j0wp3lcChUiXR73ySFj,352,7517,Bor
00:11.87,10,kyAegb98j0wp3lcChUiXR73ySFj,352,1042,×saiphyy×
00:15.31,1,C_TfxGfgruf4n5bCdvje846cWLd,353,2515,omio〢๓ђ
00:15.38,2,C_TfxGfgruf4n5bCdvje846cWLd,353,4183,ヅČƏβ/Ļӛ Ǧ工ĝăÑтĒ乌ҨǜҾSσĈίαL
00:15.41,3,C_TfxGfgruf4n5bCdvje846cWLd,353,1042,×saiphyy×
00:15.42,4,C_TfxGfgruf4n5bCdvje846cWLd,353,834,мםя zybzerraaa
00:15.44,5,C_TfxGfgruf4n5bCdvje846cWLd,353,542,ѕĸγ»МіǤ«ғฟ๏
00:15.46,6,C_TfxGfgruf4n5bCdvje846cWLd,353,443,Arrianus
00:15.46,7,C_TfxGfgruf4n5bCdvje846cWLd,353,1361,Revan
00:15.47,8,C_TfxGfgruf4n5bCdvje846cWLd,353,2904,NoPro»Skyer03
00:15.47,9,C_TfxGfgruf4n5bCdvje846cWLd,353,1950,// fey « т³ //
00:15.50,10,C_TfxGfgruf4n5bCdvje846cWLd,353,2348,ѕняєк!ζємטѕч²
00:20.36,1,1A3dpLI7HASFr8yeI6tah44da6j,354,7517,Bor
00:20.41,2,1A3dpLI7HASFr8yeI6tah44da6j,354,1174,Нтм.Nad!
00:20.75,3,1A3dpLI7HASFr8yeI6tah44da6j,354,5955,mikmos
00:21.06,4,1A3dpLI7HASFr8yeI6tah44da6j,354,1798,byoš
00:21.11,5,1A3dpLI7HASFr8yeI6tah44da6j,354,336,»ғฟ๏« Ŀιиκ.* Law
00:21.19,6,1A3dpLI7HASFr8yeI6tah44da6j,354,2187,zetos.
00:21.36,7,1A3dpLI7HASFr8yeI6tah44da6j,354,4082,iiHugo « т³
00:21.41,8,1A3dpLI7HASFr8yeI6tah44da6j,354,2514,shen
00:21.48,9,1A3dpLI7HASFr8yeI6tah44da6j,354,3704,redank
00:21.51,10,1A3dpLI7HASFr8yeI6tah44da6j,354,4183,ヅČƏβ/Ļӛ Ǧ工ĝăÑтĒ乌ҨǜҾSσĈίαL
00:20.24,1,tFu8aiKg4BwtFIxQ7zlKvjDZ7i7,355,3215,syz « т³
00:20.27,2,tFu8aiKg4BwtFIxQ7zlKvjDZ7i7,355,4252,िα๓² ayeewake ๓ไ
00:20.29,3,tFu8aiKg4BwtFIxQ7zlKvjDZ7i7,355,2484,Roa〆
00:20.34,4,tFu8aiKg4BwtFIxQ7zlKvjDZ7i7,355,120,мѕι mo
00:20.35,5,tFu8aiKg4BwtFIxQ7zlKvjDZ7i7,355,3165,ғяσैѕѕ
00:20.41,6,tFu8aiKg4BwtFIxQ7zlKvjDZ7i7,355,2479,nut
00:20.44,7,tFu8aiKg4BwtFIxQ7zlKvjDZ7i7,355,2826,KŘOĄTĘ¬Thicc〢ѕІоώ»ЈŁ
00:20.46,8,tFu8aiKg4BwtFIxQ7zlKvjDZ7i7,355,1600,сав ¬ nellike
00:20.53,9,tFu8aiKg4BwtFIxQ7zlKvjDZ7i7,355,2904,NoPro»Skyer03
00:20.55,10,tFu8aiKg4BwtFIxQ7zlKvjDZ7i7,355,5752,zefi.
00:14.66,1,poS6nZbLLQPWsA9OvgDTG0N53_1,356,57,i
00:15.16,2,poS6nZbLLQPWsA9OvgDTG0N53_1,356,487,bPlayैērシmsi
00:15.33,3,poS6nZbLLQPWsA9OvgDTG0N53_1,356,3474,๓ไ» βακεδ Δlαsκα « т³
00:15.65,4,poS6nZbLLQPWsA9OvgDTG0N53_1,356,4354,「ιиғяα」
00:15.73,5,poS6nZbLLQPWsA9OvgDTG0N53_1,356,3453,िα๓² ҂ ぬEC! « т³
00:15.81,6,poS6nZbLLQPWsA9OvgDTG0N53_1,356,975,ѕκγ. flex
00:15.83,7,poS6nZbLLQPWsA9OvgDTG0N53_1,356,6496,noxie ^..^
00:15.88,8,poS6nZbLLQPWsA9OvgDTG0N53_1,356,5506,ZΞpћЯ4モ
00:15.95,9,poS6nZbLLQPWsA9OvgDTG0N53_1,356,2713,NICK
00:15.98,10,poS6nZbLLQPWsA9OvgDTG0N53_1,356,1174,Нтм.Nad!
00:38.22,1,ihc9JrjT4jZRL2kApFq5YwG4sG1,357,3955,Nem #jome
00:39.57,2,ihc9JrjT4jZRL2kApFq5YwG4sG1,357,975,ѕκγ. flex
00:40.16,3,ihc9JrjT4jZRL2kApFq5YwG4sG1,357,4183,ヅČƏβ/Ļӛ Ǧ工ĝăÑтĒ乌ҨǜҾSσĈίαL
00:41.49,4,ihc9JrjT4jZRL2kApFq5YwG4sG1,357,1512,Drehspießfleisch im Brot « т³
00:42.87,5,ihc9JrjT4jZRL2kApFq5YwG4sG1,357,2011,ि७
00:42.88,6,ihc9JrjT4jZRL2kApFq5YwG4sG1,357,987,Law¬rowy
00:43.47,7,ihc9JrjT4jZRL2kApFq5YwG4sG1,357,2243,sauucey
00:43.59,8,ihc9JrjT4jZRL2kApFq5YwG4sG1,357,42,aeैq«т³
00:44.02,9,ihc9JrjT4jZRL2kApFq5YwG4sG1,357,5197,Schmaniol « т³
00:44.60,10,ihc9JrjT4jZRL2kApFq5YwG4sG1,357,777,Jere
00:22.90,1,CSBZHqlroUg3Me0bAIiDLqNtq1l,358,5752,zefi.
00:24.08,2,CSBZHqlroUg3Me0bAIiDLqNtq1l,358,4183,ヅČƏβ/Ļӛ Ǧ工ĝăÑтĒ乌ҨǜҾSσĈίαL
00:25.12,3,CSBZHqlroUg3Me0bAIiDLqNtq1l,358,1797,ױρאωєя.т³
00:25.96,4,CSBZHqlroUg3Me0bAIiDLqNtq1l,358,2448,nonick
00:26.29,5,CSBZHqlroUg3Me0bAIiDLqNtq1l,358,1042,×saiphyy×
00:26.48,6,CSBZHqlroUg3Me0bAIiDLqNtq1l,358,1174,Нтм.Nad!
00:26.71,7,CSBZHqlroUg3Me0bAIiDLqNtq1l,358,18,ѕκγ | Ζοםωιи
00:26.82,8,CSBZHqlroUg3Me0bAIiDLqNtq1l,358,1396,Lemon :) ᄓ boosт³
00:27.24,9,CSBZHqlroUg3Me0bAIiDLqNtq1l,358,797,Vadi.
00:27.35,10,CSBZHqlroUg3Me0bAIiDLqNtq1l,358,542,ѕĸγ»МіǤ«ғฟ๏
00:15.02,1,7vzp1p3RdGXuxMMoSjKac4TJ5l8,359,1042,×saiphyy×
00:15.10,2,7vzp1p3RdGXuxMMoSjKac4TJ5l8,359,4183,ヅČƏβ/Ļӛ Ǧ工ĝăÑтĒ乌ҨǜҾSσĈίαL
00:15.30,3,7vzp1p3RdGXuxMMoSjKac4TJ5l8,359,4104,andrew
00:15.86,4,7vzp1p3RdGXuxMMoSjKac4TJ5l8,359,2243,sauucey
00:16.72,5,7vzp1p3RdGXuxMMoSjKac4TJ5l8,359,1174,Нтм.Nad!
00:17.02,6,7vzp1p3RdGXuxMMoSjKac4TJ5l8,359,8717,Puwwa
00:20.89,7,7vzp1p3RdGXuxMMoSjKac4TJ5l8,359,955,MĄROĆ¬Drei〢ѕІоώ»ЈŁ
00:22.03,8,7vzp1p3RdGXuxMMoSjKac4TJ5l8,359,572,ױGamble.
00:22.36,9,7vzp1p3RdGXuxMMoSjKac4TJ5l8,359,1677,Eddy!
00:22.56,10,7vzp1p3RdGXuxMMoSjKac4TJ5l8,359,8275,Bigs ļนск
00:37.45,1,_zj_26XkuE_4O0lk07gfFgn4Pp7,360,4183,ヅČƏβ/Ļӛ Ǧ工ĝăÑтĒ乌ҨǜҾSσĈίαL
00:37.78,2,_zj_26XkuE_4O0lk07gfFgn4Pp7,360,4354,「ιиғяα」
00:38.25,3,_zj_26XkuE_4O0lk07gfFgn4Pp7,360,3955,Nem #jome
00:38.56,4,_zj_26XkuE_4O0lk07gfFgn4Pp7,360,1042,×saiphyy×
00:39.09,5,_zj_26XkuE_4O0lk07gfFgn4Pp7,360,57,i
00:39.23,6,_zj_26XkuE_4O0lk07gfFgn4Pp7,360,970,miau
00:39.49,7,_zj_26XkuE_4O0lk07gfFgn4Pp7,360,1798,byoš
00:39.56,8,_zj_26XkuE_4O0lk07gfFgn4Pp7,360,8407,ңя ױ jarck.
00:39.65,9,_zj_26XkuE_4O0lk07gfFgn4Pp7,360,5383,HELM | CJay
00:39.93,10,_zj_26XkuE_4O0lk07gfFgn4Pp7,360,7613,DaBest
00:26.28,1,1l9t7lUHagfdYuWE0BHCalcxMg5,361,4183,ヅČƏβ/Ļӛ Ǧ工ĝăÑтĒ乌ҨǜҾSσĈίαL
00:26.39,2,1l9t7lUHagfdYuWE0BHCalcxMg5,361,2826,KŘOĄTĘ¬Thicc〢ѕІоώ»ЈŁ
00:26.53,3,1l9t7lUHagfdYuWE0BHCalcxMg5,361,1042,×saiphyy×
00:26.77,4,1l9t7lUHagfdYuWE0BHCalcxMg5,361,2128,/passi
00:26.81,5,1l9t7lUHagfdYuWE0BHCalcxMg5,361,1600,сав ¬ nellike
00:26.87,6,1l9t7lUHagfdYuWE0BHCalcxMg5,361,4252,िα๓² ayeewake ๓ไ
00:26.87,7,1l9t7lUHagfdYuWE0BHCalcxMg5,361,2549,Ісегॆॅ็
00:26.89,8,1l9t7lUHagfdYuWE0BHCalcxMg5,361,8323,CarroT
00:26.90,9,1l9t7lUHagfdYuWE0BHCalcxMg5,361,2574,мѕι » Morale
00:26.92,10,1l9t7lUHagfdYuWE0BHCalcxMg5,361,1013,Louffy.
00:30.63,1,dPaMMZLD6UVsCWPOPlYsxhFyU6d,362,2549,Ісегॆॅ็
00:30.82,2,dPaMMZLD6UVsCWPOPlYsxhFyU6d,362,8322,~़Vוטה ๋:>
00:30.89,3,dPaMMZLD6UVsCWPOPlYsxhFyU6d,362,4082,iiHugo « т³
00:30.94,4,dPaMMZLD6UVsCWPOPlYsxhFyU6d,362,2029,ѕהνぬѕресטねНтм
00:30.96,5,dPaMMZLD6UVsCWPOPlYsxhFyU6d,362,5274,VictorPro123
00:31.04,6,dPaMMZLD6UVsCWPOPlYsxhFyU6d,362,1042,×saiphyy×
00:31.04,7,dPaMMZLD6UVsCWPOPlYsxhFyU6d,362,4183,ヅČƏβ/Ļӛ Ǧ工ĝăÑтĒ乌ҨǜҾSσĈίαL
00:31.10,8,dPaMMZLD6UVsCWPOPlYsxhFyU6d,362,120,мѕι mo
00:31.13,9,dPaMMZLD6UVsCWPOPlYsxhFyU6d,362,4427,Kairoैs! « т³
00:31.16,10,dPaMMZLD6UVsCWPOPlYsxhFyU6d,362,487,bPlayैērシmsi
00:10.74,1,2sgNhTHa1WsbImXZOXiO0WIbND9,363,2574,мѕι » Morale
00:10.85,2,2sgNhTHa1WsbImXZOXiO0WIbND9,363,1798,byoš
00:11.05,3,2sgNhTHa1WsbImXZOXiO0WIbND9,363,1396,Lemon :) ᄓ boosт³
00:11.07,4,2sgNhTHa1WsbImXZOXiO0WIbND9,363,1889,racing game enjoyer
00:11.13,5,2sgNhTHa1WsbImXZOXiO0WIbND9,363,2188,Sileenz
00:11.15,6,2sgNhTHa1WsbImXZOXiO0WIbND9,363,8632,car driver
00:11.16,7,2sgNhTHa1WsbImXZOXiO0WIbND9,363,2448,nonick
00:11.20,8,2sgNhTHa1WsbImXZOXiO0WIbND9,363,1990,brego×
00:11.22,9,2sgNhTHa1WsbImXZOXiO0WIbND9,363,4772,HELM | Pia
00:11.27,10,2sgNhTHa1WsbImXZOXiO0WIbND9,363,2187,zetos.
00:11.52,1,bECLTW6tRHiUHxjpjkp4inYQh6j,364,1600,сав ¬ nellike
00:11.58,2,bECLTW6tRHiUHxjpjkp4inYQh6j,364,1042,×saiphyy×
00:11.58,3,bECLTW6tRHiUHxjpjkp4inYQh6j,364,18,ѕκγ | Ζοםωιи
00:11.64,4,bECLTW6tRHiUHxjpjkp4inYQh6j,364,1683,Eltev_X
00:11.66,5,bECLTW6tRHiUHxjpjkp4inYQh6j,364,3704,redank
00:11.72,6,bECLTW6tRHiUHxjpjkp4inYQh6j,364,7517,Bor
00:11.88,7,bECLTW6tRHiUHxjpjkp4inYQh6j,364,5383,HELM | CJay
00:12.01,8,bECLTW6tRHiUHxjpjkp4inYQh6j,364,2448,nonick
00:12.02,9,bECLTW6tRHiUHxjpjkp4inYQh6j,364,2114,凹 faiby ?
00:12.03,10,bECLTW6tRHiUHxjpjkp4inYQh6j,364,1402,yo my name valent
00:07.82,1,yTcB_bSLC72nqENeuuMDu6Nx_x,365,3955,Nem #jome
00:07.84,2,yTcB_bSLC72nqENeuuMDu6Nx_x,365,8440,FREAKY mouse
00:07.91,3,yTcB_bSLC72nqENeuuMDu6Nx_x,365,1042,×saiphyy×
00:07.93,4,yTcB_bSLC72nqENeuuMDu6Nx_x,365,2243,sauucey
00:07.95,5,yTcB_bSLC72nqENeuuMDu6Nx_x,365,3760,еяаメjewlians_96(real) ๓ไ
00:08.02,6,yTcB_bSLC72nqENeuuMDu6Nx_x,365,4183,ヅČƏβ/Ļӛ Ǧ工ĝăÑтĒ乌ҨǜҾSσĈίαL
00:08.03,7,yTcB_bSLC72nqENeuuMDu6Nx_x,365,1950,// fey « т³ //
00:08.06,8,yTcB_bSLC72nqENeuuMDu6Nx_x,365,6760,Lucin
00:08.16,9,yTcB_bSLC72nqENeuuMDu6Nx_x,365,9607,oskartm
00:08.24,10,yTcB_bSLC72nqENeuuMDu6Nx_x,365,7715,HELM |  Sclapp
00:23.89,1,N09XKbsQ6eqJLVGbOzQsb77EIJ0,366,1174,Нтм.Nad!
00:24.03,2,N09XKbsQ6eqJLVGbOzQsb77EIJ0,366,7517,Bor
00:24.18,3,N09XKbsQ6eqJLVGbOzQsb77EIJ0,366,8322,~़Vוטה ๋:>
00:24.21,4,N09XKbsQ6eqJLVGbOzQsb77EIJ0,366,1950,// fey « т³ //
00:24.22,5,N09XKbsQ6eqJLVGbOzQsb77EIJ0,366,18,ѕκγ | Ζοםωιи
00:24.24,6,N09XKbsQ6eqJLVGbOzQsb77EIJ0,366,2479,nut
00:24.25,7,N09XKbsQ6eqJLVGbOzQsb77EIJ0,366,1042,×saiphyy×
00:24.26,8,N09XKbsQ6eqJLVGbOzQsb77EIJ0,366,5274,VictorPro123
00:24.29,9,N09XKbsQ6eqJLVGbOzQsb77EIJ0,366,3704,redank
00:24.31,10,N09XKbsQ6eqJLVGbOzQsb77EIJ0,366,4252,िα๓² ayeewake ๓ไ
00:12.97,1,hmEOnu3lwHazj1ANXrTvk6haAem,367,2243,sauucey
00:12.97,2,hmEOnu3lwHazj1ANXrTvk6haAem,367,3165,ғяσैѕѕ
00:13.02,3,hmEOnu3lwHazj1ANXrTvk6haAem,367,3704,redank
00:13.04,4,hmEOnu3lwHazj1ANXrTvk6haAem,367,2479,nut
00:13.13,5,hmEOnu3lwHazj1ANXrTvk6haAem,367,336,»ғฟ๏« Ŀιиκ.* Law
00:13.18,6,hmEOnu3lwHazj1ANXrTvk6haAem,367,1396,Lemon :) ᄓ boosт³
00:13.21,7,hmEOnu3lwHazj1ANXrTvk6haAem,367,1683,Eltev_X
00:13.21,8,hmEOnu3lwHazj1ANXrTvk6haAem,367,4183,ヅČƏβ/Ļӛ Ǧ工ĝăÑтĒ乌ҨǜҾSσĈίαL
00:13.24,9,hmEOnu3lwHazj1ANXrTvk6haAem,367,8737,HELM |Uptempo_Miko
00:13.27,10,hmEOnu3lwHazj1ANXrTvk6haAem,367,2448,nonick
00:17.29,1,ALvz_KCW4r9WDhAHCHn4C1tsH_2,368,542,ѕĸγ»МіǤ«ғฟ๏
00:17.80,2,ALvz_KCW4r9WDhAHCHn4C1tsH_2,368,2188,Sileenz
00:17.91,3,ALvz_KCW4r9WDhAHCHn4C1tsH_2,368,1396,Lemon :) ᄓ boosт³
00:18.03,4,ALvz_KCW4r9WDhAHCHn4C1tsH_2,368,2243,sauucey
00:18.04,5,ALvz_KCW4r9WDhAHCHn4C1tsH_2,368,3704,redank
00:18.90,6,ALvz_KCW4r9WDhAHCHn4C1tsH_2,368,3341,bazrzokh
00:18.93,7,ALvz_KCW4r9WDhAHCHn4C1tsH_2,368,4183,ヅČƏβ/Ļӛ Ǧ工ĝăÑтĒ乌ҨǜҾSσĈίαL
00:19.44,8,ALvz_KCW4r9WDhAHCHn4C1tsH_2,368,1042,×saiphyy×
00:19.53,9,ALvz_KCW4r9WDhAHCHn4C1tsH_2,368,487,bPlayैērシmsi
00:19.77,10,ALvz_KCW4r9WDhAHCHn4C1tsH_2,368,2479,nut
00:09.18,1,DT3zyQ5EPadlFJEln2KgO6PkYid,369,8322,~़Vוטה ๋:>
00:10.10,2,DT3zyQ5EPadlFJEln2KgO6PkYid,369,3704,redank
00:10.17,3,DT3zyQ5EPadlFJEln2KgO6PkYid,369,57,i
00:10.36,4,DT3zyQ5EPadlFJEln2KgO6PkYid,369,2114,凹 faiby ?
00:10.73,5,DT3zyQ5EPadlFJEln2KgO6PkYid,369,1950,// fey « т³ //
00:10.82,6,DT3zyQ5EPadlFJEln2KgO6PkYid,369,2243,sauucey
00:10.87,7,DT3zyQ5EPadlFJEln2KgO6PkYid,369,2463,LPLuce
00:10.99,8,DT3zyQ5EPadlFJEln2KgO6PkYid,369,797,Vadi.
00:11.10,9,DT3zyQ5EPadlFJEln2KgO6PkYid,369,2188,Sileenz
00:11.17,10,DT3zyQ5EPadlFJEln2KgO6PkYid,369,4082,iiHugo « т³
00:13.39,1,B7DUyu8E0Yi7OCXZUsSAbLcZiIj,370,542,ѕĸγ»МіǤ«ғฟ๏
00:13.46,2,B7DUyu8E0Yi7OCXZUsSAbLcZiIj,370,2243,sauucey
00:13.58,3,B7DUyu8E0Yi7OCXZUsSAbLcZiIj,370,4108,babababababbababbaa
00:13.59,4,B7DUyu8E0Yi7OCXZUsSAbLcZiIj,370,1042,×saiphyy×
00:13.61,5,B7DUyu8E0Yi7OCXZUsSAbLcZiIj,370,2901,qastef
00:13.61,6,B7DUyu8E0Yi7OCXZUsSAbLcZiIj,370,487,bPlayैērシmsi
00:13.69,7,B7DUyu8E0Yi7OCXZUsSAbLcZiIj,370,4183,ヅČƏβ/Ļӛ Ǧ工ĝăÑтĒ乌ҨǜҾSσĈίαL
00:13.69,8,B7DUyu8E0Yi7OCXZUsSAbLcZiIj,370,6156,skred
00:13.71,9,B7DUyu8E0Yi7OCXZUsSAbLcZiIj,370,18,ѕκγ | Ζοםωιи
00:13.71,10,B7DUyu8E0Yi7OCXZUsSAbLcZiIj,370,2463,LPLuce
00:22.24,1,BbdOcxnMXvg3NtjVP7lQMLJ1E75,371,2904,NoPro»Skyer03
00:22.39,2,BbdOcxnMXvg3NtjVP7lQMLJ1E75,371,3704,redank
00:23.57,3,BbdOcxnMXvg3NtjVP7lQMLJ1E75,371,1042,×saiphyy×
00:23.70,4,BbdOcxnMXvg3NtjVP7lQMLJ1E75,371,6313,WATT Raptor
00:23.85,5,BbdOcxnMXvg3NtjVP7lQMLJ1E75,371,4183,ヅČƏβ/Ļӛ Ǧ工ĝăÑтĒ乌ҨǜҾSσĈίαL
00:24.01,6,BbdOcxnMXvg3NtjVP7lQMLJ1E75,371,1396,Lemon :) ᄓ boosт³
00:24.34,7,BbdOcxnMXvg3NtjVP7lQMLJ1E75,371,1174,Нтм.Nad!
00:24.84,8,BbdOcxnMXvg3NtjVP7lQMLJ1E75,371,7517,Bor
00:25.59,9,BbdOcxnMXvg3NtjVP7lQMLJ1E75,371,3955,Nem #jome
00:25.86,10,BbdOcxnMXvg3NtjVP7lQMLJ1E75,371,300,Tres « т³
00:19.75,1,y6RSuMD6XXY6_omIgT_sr2Df_p2,372,2243,sauucey
00:19.92,2,y6RSuMD6XXY6_omIgT_sr2Df_p2,372,1042,×saiphyy×
00:20.00,3,y6RSuMD6XXY6_omIgT_sr2Df_p2,372,336,»ғฟ๏« Ŀιиκ.* Law
00:20.12,4,y6RSuMD6XXY6_omIgT_sr2Df_p2,372,6633,ғฟ๏.Jan¬Law
00:20.15,5,y6RSuMD6XXY6_omIgT_sr2Df_p2,372,3704,redank
00:20.24,6,y6RSuMD6XXY6_omIgT_sr2Df_p2,372,4183,ヅČƏβ/Ļӛ Ǧ工ĝăÑтĒ乌ҨǜҾSσĈίαL
00:20.38,7,y6RSuMD6XXY6_omIgT_sr2Df_p2,372,1249,PAY Daanke
00:20.44,8,y6RSuMD6XXY6_omIgT_sr2Df_p2,372,2025,bijan
00:20.60,9,y6RSuMD6XXY6_omIgT_sr2Df_p2,372,1078,FALCON
00:20.67,10,y6RSuMD6XXY6_omIgT_sr2Df_p2,372,1247,hurbanova 37
00:09.93,1,qJKe_r_Ws_rvhzOMK9wiyWc_3Oi,373,8322,~़Vוטה ๋:>
00:10.11,2,qJKe_r_Ws_rvhzOMK9wiyWc_3Oi,373,2448,nonick
00:10.24,3,qJKe_r_Ws_rvhzOMK9wiyWc_3Oi,373,7517,Bor
00:10.29,4,qJKe_r_Ws_rvhzOMK9wiyWc_3Oi,373,4082,iiHugo « т³
00:10.41,5,qJKe_r_Ws_rvhzOMK9wiyWc_3Oi,373,1247,hurbanova 37
00:10.42,6,qJKe_r_Ws_rvhzOMK9wiyWc_3Oi,373,2514,shen
00:10.50,7,qJKe_r_Ws_rvhzOMK9wiyWc_3Oi,373,1950,// fey « т³ //
00:10.50,8,qJKe_r_Ws_rvhzOMK9wiyWc_3Oi,373,797,Vadi.
00:10.51,9,qJKe_r_Ws_rvhzOMK9wiyWc_3Oi,373,18,ѕκγ | Ζοםωιи
00:10.53,10,qJKe_r_Ws_rvhzOMK9wiyWc_3Oi,373,1396,Lemon :) ᄓ boosт³
00:25.76,1,hGJoziRQU8dA8Z9fyavGm_vt3rj,374,1042,×saiphyy×
00:25.94,2,hGJoziRQU8dA8Z9fyavGm_vt3rj,374,8323,CarroT
00:26.01,3,hGJoziRQU8dA8Z9fyavGm_vt3rj,374,3955,Nem #jome
00:26.03,4,hGJoziRQU8dA8Z9fyavGm_vt3rj,374,7613,DaBest
00:26.07,5,hGJoziRQU8dA8Z9fyavGm_vt3rj,374,8764,agrabou
00:26.08,6,hGJoziRQU8dA8Z9fyavGm_vt3rj,374,4183,ヅČƏβ/Ļӛ Ǧ工ĝăÑтĒ乌ҨǜҾSσĈίαL
00:26.11,7,hGJoziRQU8dA8Z9fyavGm_vt3rj,374,3707,SEA
00:26.14,8,hGJoziRQU8dA8Z9fyavGm_vt3rj,374,4082,iiHugo « т³
00:26.21,9,hGJoziRQU8dA8Z9fyavGm_vt3rj,374,2712,Whiмѕιcal«т³
00:26.24,10,hGJoziRQU8dA8Z9fyavGm_vt3rj,374,2243,sauucey
00:24.09,1,AmGo1on5LAEPBk1jPjJIlPeY809,375,209,ツ]  kyafkyafkyafkyafkyafkyafk  [т³
00:27.99,2,AmGo1on5LAEPBk1jPjJIlPeY809,375,1247,hurbanova 37
00:35.01,3,AmGo1on5LAEPBk1jPjJIlPeY809,375,823,Buuurd
00:37.02,4,AmGo1on5LAEPBk1jPjJIlPeY809,375,1174,Нтм.Nad!
00:37.13,5,AmGo1on5LAEPBk1jPjJIlPeY809,375,7581,Kares
00:37.51,6,AmGo1on5LAEPBk1jPjJIlPeY809,375,4183,ヅČƏβ/Ļӛ Ǧ工ĝăÑтĒ乌ҨǜҾSσĈίαL
00:39.19,7,AmGo1on5LAEPBk1jPjJIlPeY809,375,5955,mikmos
00:39.68,8,AmGo1on5LAEPBk1jPjJIlPeY809,375,2243,sauucey
00:39.78,9,AmGo1on5LAEPBk1jPjJIlPeY809,375,487,bPlayैērシmsi
00:39.95,10,AmGo1on5LAEPBk1jPjJIlPeY809,375,3360,xosar
00:18.87,1,DKjY8dkTChCgbW8GJ2hmRjKPok6,376,3704,redank
00:19.22,2,DKjY8dkTChCgbW8GJ2hmRjKPok6,376,2873,웃laser웃
00:19.32,3,DKjY8dkTChCgbW8GJ2hmRjKPok6,376,120,мѕι mo
00:19.53,4,DKjY8dkTChCgbW8GJ2hmRjKPok6,376,1797,ױρאωєя.т³
00:19.54,5,DKjY8dkTChCgbW8GJ2hmRjKPok6,376,101,Hèिést
00:19.68,6,DKjY8dkTChCgbW8GJ2hmRjKPok6,376,1042,×saiphyy×
00:19.79,7,DKjY8dkTChCgbW8GJ2hmRjKPok6,376,43,ѕκy²oumol_«_т³
00:20.06,8,DKjY8dkTChCgbW8GJ2hmRjKPok6,376,7144,hops
00:20.42,9,DKjY8dkTChCgbW8GJ2hmRjKPok6,376,2187,zetos.
00:20.58,10,DKjY8dkTChCgbW8GJ2hmRjKPok6,376,4104,andrew
00:40.51,1,SlSHkeP2knDqVXwXWJjIPR6KeNb,377,2484,Roa〆
00:43.18,2,SlSHkeP2knDqVXwXWJjIPR6KeNb,377,1677,Eddy!
00:43.53,3,SlSHkeP2knDqVXwXWJjIPR6KeNb,377,1396,Lemon :) ᄓ boosт³
00:43.86,4,SlSHkeP2knDqVXwXWJjIPR6KeNb,377,4183,ヅČƏβ/Ļӛ Ǧ工ĝăÑтĒ乌ҨǜҾSσĈίαL
00:44.02,5,SlSHkeP2knDqVXwXWJjIPR6KeNb,377,2243,sauucey
00:44.30,6,SlSHkeP2knDqVXwXWJjIPR6KeNb,377,3760,еяаメjewlians_96(real) ๓ไ
00:44.68,7,SlSHkeP2knDqVXwXWJjIPR6KeNb,377,3704,redank
00:44.91,8,SlSHkeP2knDqVXwXWJjIPR6KeNb,377,2029,ѕהνぬѕресטねНтм
00:44.99,9,SlSHkeP2knDqVXwXWJjIPR6KeNb,377,1042,×saiphyy×
00:46.42,10,SlSHkeP2knDqVXwXWJjIPR6KeNb,377,1797,ױρאωєя.т³
00:19.65,1,nQIoiDd3dMxJKaDirIhBbxd73Bk,378,1797,ױρאωєя.т³
00:21.05,2,nQIoiDd3dMxJKaDirIhBbxd73Bk,378,43,ѕκy²oumol_«_т³
00:21.09,3,nQIoiDd3dMxJKaDirIhBbxd73Bk,378,57,i
00:21.18,4,nQIoiDd3dMxJKaDirIhBbxd73Bk,378,1174,Нтм.Nad!
00:21.29,5,nQIoiDd3dMxJKaDirIhBbxd73Bk,378,8407,ңя ױ jarck.
00:21.78,6,nQIoiDd3dMxJKaDirIhBbxd73Bk,378,8632,car driver
00:21.94,7,nQIoiDd3dMxJKaDirIhBbxd73Bk,378,5039,Billboard ЈЄҒҒ
00:21.96,8,nQIoiDd3dMxJKaDirIhBbxd73Bk,378,2243,sauucey
00:21.96,9,nQIoiDd3dMxJKaDirIhBbxd73Bk,378,4183,ヅČƏβ/Ļӛ Ǧ工ĝăÑтĒ乌ҨǜҾSσĈίαL
00:22.00,10,nQIoiDd3dMxJKaDirIhBbxd73Bk,378,1042,×saiphyy×
00:16.40,1,X3VCKAxUGAFK8mohuBt0ad3_TFe,379,3238,hajinmi
00:16.43,2,X3VCKAxUGAFK8mohuBt0ad3_TFe,379,5752,zefi.
00:16.54,3,X3VCKAxUGAFK8mohuBt0ad3_TFe,379,3704,redank
00:16.67,4,X3VCKAxUGAFK8mohuBt0ad3_TFe,379,4183,ヅČƏβ/Ļӛ Ǧ工ĝăÑтĒ乌ҨǜҾSσĈίαL
00:16.70,5,X3VCKAxUGAFK8mohuBt0ad3_TFe,379,8820,Okasa
00:16.80,6,X3VCKAxUGAFK8mohuBt0ad3_TFe,379,1798,byoš
00:16.82,7,X3VCKAxUGAFK8mohuBt0ad3_TFe,379,1512,Drehspießfleisch im Brot « т³
00:16.90,8,X3VCKAxUGAFK8mohuBt0ad3_TFe,379,2873,웃laser웃
00:17.03,9,X3VCKAxUGAFK8mohuBt0ad3_TFe,379,6051,miguel_noob
00:17.05,10,X3VCKAxUGAFK8mohuBt0ad3_TFe,379,608,a
00:22.22,1,zAWu4rtPsck91UuZfWrjuZF8Pxg,380,4183,ヅČƏβ/Ļӛ Ǧ工ĝăÑтĒ乌ҨǜҾSσĈίαL
00:22.26,2,zAWu4rtPsck91UuZfWrjuZF8Pxg,380,3704,redank
00:22.28,3,zAWu4rtPsck91UuZfWrjuZF8Pxg,380,1797,ױρאωєя.т³
00:22.46,4,zAWu4rtPsck91UuZfWrjuZF8Pxg,380,5752,zefi.
00:22.53,5,zAWu4rtPsck91UuZfWrjuZF8Pxg,380,1042,×saiphyy×
00:22.55,6,zAWu4rtPsck91UuZfWrjuZF8Pxg,380,52,הѕс ¬ kidcasi
00:22.56,7,zAWu4rtPsck91UuZfWrjuZF8Pxg,380,542,ѕĸγ»МіǤ«ғฟ๏
00:22.61,8,zAWu4rtPsck91UuZfWrjuZF8Pxg,380,7517,Bor
00:22.61,9,zAWu4rtPsck91UuZfWrjuZF8Pxg,380,975,ѕκγ. flex
00:22.62,10,zAWu4rtPsck91UuZfWrjuZF8Pxg,380,2019,ĸŕ丫ŁΊçĔқ
01:03.86,1,7c8NA_cDeNn_d2pXDxES_hIYbGj,381,3955,Nem #jome
01:04.30,2,7c8NA_cDeNn_d2pXDxES_hIYbGj,381,4183,ヅČƏβ/Ļӛ Ǧ工ĝăÑтĒ乌ҨǜҾSσĈίαL
01:05.57,3,7c8NA_cDeNn_d2pXDxES_hIYbGj,381,120,мѕι mo
01:05.61,4,7c8NA_cDeNn_d2pXDxES_hIYbGj,381,542,ѕĸγ»МіǤ«ғฟ๏
01:07.43,5,7c8NA_cDeNn_d2pXDxES_hIYbGj,381,1174,Нтм.Nad!
01:09.35,6,7c8NA_cDeNn_d2pXDxES_hIYbGj,381,975,ѕκγ. flex
01:09.63,7,7c8NA_cDeNn_d2pXDxES_hIYbGj,381,101,Hèिést
01:09.73,8,7c8NA_cDeNn_d2pXDxES_hIYbGj,381,1042,×saiphyy×
01:09.80,9,7c8NA_cDeNn_d2pXDxES_hIYbGj,381,8322,~़Vוטה ๋:>
01:09.99,10,7c8NA_cDeNn_d2pXDxES_hIYbGj,381,7581,Kares
00:15.52,1,vogEl3wksv1Gwlv79B6b9VftpY7,382,1042,×saiphyy×
00:15.75,2,vogEl3wksv1Gwlv79B6b9VftpY7,382,4183,ヅČƏβ/Ļӛ Ǧ工ĝăÑтĒ乌ҨǜҾSσĈίαL
00:16.05,3,vogEl3wksv1Gwlv79B6b9VftpY7,382,1677,Eddy!
00:16.21,4,vogEl3wksv1Gwlv79B6b9VftpY7,382,57,i
00:16.30,5,vogEl3wksv1Gwlv79B6b9VftpY7,382,2948,HELM | Valor
00:16.31,6,vogEl3wksv1Gwlv79B6b9VftpY7,382,2243,sauucey
00:16.42,7,vogEl3wksv1Gwlv79B6b9VftpY7,382,3704,redank
00:16.60,8,vogEl3wksv1Gwlv79B6b9VftpY7,382,5955,mikmos
00:16.63,9,vogEl3wksv1Gwlv79B6b9VftpY7,382,3760,еяаメjewlians_96(real) ๓ไ
00:16.68,10,vogEl3wksv1Gwlv79B6b9VftpY7,382,120,мѕι mo
00:06.83,1,haPMsQzezAfLsf6PiZdpjncpxDe,383,57,i
00:07.00,2,haPMsQzezAfLsf6PiZdpjncpxDe,383,4183,ヅČƏβ/Ļӛ Ǧ工ĝăÑтĒ乌ҨǜҾSσĈίαL
00:07.05,3,haPMsQzezAfLsf6PiZdpjncpxDe,383,1042,×saiphyy×
00:07.17,4,haPMsQzezAfLsf6PiZdpjncpxDe,383,3760,еяаメjewlians_96(real) ๓ไ
00:07.21,5,haPMsQzezAfLsf6PiZdpjncpxDe,383,3704,redank
00:07.21,6,haPMsQzezAfLsf6PiZdpjncpxDe,383,3497,spacebeans
00:07.30,7,haPMsQzezAfLsf6PiZdpjncpxDe,383,487,bPlayैērシmsi
00:07.35,8,haPMsQzezAfLsf6PiZdpjncpxDe,383,3653,kzm.т³
00:07.36,9,haPMsQzezAfLsf6PiZdpjncpxDe,383,7517,Bor
00:07.36,10,haPMsQzezAfLsf6PiZdpjncpxDe,383,2188,Sileenz
00:06.42,1,A2yzSzC9rTHBZsXHWVsxNRe8B77,384,6036,ңя ױjantronix
00:06.42,2,A2yzSzC9rTHBZsXHWVsxNRe8B77,384,8407,ңя ױ jarck.
00:06.45,3,A2yzSzC9rTHBZsXHWVsxNRe8B77,384,4148,ңяױ adrian:)
00:06.48,4,A2yzSzC9rTHBZsXHWVsxNRe8B77,384,8632,car driver
00:06.48,5,A2yzSzC9rTHBZsXHWVsxNRe8B77,384,1042,×saiphyy×
00:06.48,6,A2yzSzC9rTHBZsXHWVsxNRe8B77,384,4183,ヅČƏβ/Ļӛ Ǧ工ĝăÑтĒ乌ҨǜҾSσĈίαL
00:06.52,7,A2yzSzC9rTHBZsXHWVsxNRe8B77,384,542,ѕĸγ»МіǤ«ғฟ๏
00:06.54,8,A2yzSzC9rTHBZsXHWVsxNRe8B77,384,6807,:иѕғ¬Auri :3c.י
00:06.55,9,A2yzSzC9rTHBZsXHWVsxNRe8B77,384,3704,redank
00:06.57,10,A2yzSzC9rTHBZsXHWVsxNRe8B77,384,45,сав tekky.
00:12.14,1,ixfzbGbQadYxssNssRWhuFou2eg,385,8212,hr miron ac
00:12.21,2,ixfzbGbQadYxssNssRWhuFou2eg,385,42,aeैq«т³
00:12.23,3,ixfzbGbQadYxssNssRWhuFou2eg,385,4183,ヅČƏβ/Ļӛ Ǧ工ĝăÑтĒ乌ҨǜҾSσĈίαL
00:12.24,4,ixfzbGbQadYxssNssRWhuFou2eg,385,2925,Hollow
00:12.26,5,ixfzbGbQadYxssNssRWhuFou2eg,385,2243,sauucey
00:12.27,6,ixfzbGbQadYxssNssRWhuFou2eg,385,1239,=TwF=|ronny7
00:12.28,7,ixfzbGbQadYxssNssRWhuFou2eg,385,999,iris
00:12.28,8,ixfzbGbQadYxssNssRWhuFou2eg,385,1042,×saiphyy×
00:12.28,9,ixfzbGbQadYxssNssRWhuFou2eg,385,3760,еяаメjewlians_96(real) ๓ไ
00:12.35,10,ixfzbGbQadYxssNssRWhuFou2eg,385,1078,FALCON
00:27.32,1,6hrpYzQhueI_NWiCqTWqdETbwji,386,4183,ヅČƏβ/Ļӛ Ǧ工ĝăÑтĒ乌ҨǜҾSσĈίαL
00:29.54,2,6hrpYzQhueI_NWiCqTWqdETbwji,386,3653,kzm.т³
00:29.89,3,6hrpYzQhueI_NWiCqTWqdETbwji,386,1797,ױρאωєя.т³
00:32.01,4,6hrpYzQhueI_NWiCqTWqdETbwji,386,1174,Нтм.Nad!
00:33.30,5,6hrpYzQhueI_NWiCqTWqdETbwji,386,8037,akif713
00:33.62,6,6hrpYzQhueI_NWiCqTWqdETbwji,386,487,bPlayैērシmsi
00:33.73,7,6hrpYzQhueI_NWiCqTWqdETbwji,386,5506,ZΞpћЯ4モ
00:34.36,8,6hrpYzQhueI_NWiCqTWqdETbwji,386,777,Jere
00:35.09,9,6hrpYzQhueI_NWiCqTWqdETbwji,386,1042,×saiphyy×
00:35.30,10,6hrpYzQhueI_NWiCqTWqdETbwji,386,5955,mikmos
00:23.08,1,eP5Sqz2BDjHDdh6PnRWPzY11xV4,387,1174,Нтм.Nad!
00:23.24,2,eP5Sqz2BDjHDdh6PnRWPzY11xV4,387,4354,「ιиғяα」
00:23.28,3,eP5Sqz2BDjHDdh6PnRWPzY11xV4,387,2209,twig
00:23.44,4,eP5Sqz2BDjHDdh6PnRWPzY11xV4,387,1042,×saiphyy×
00:23.44,5,eP5Sqz2BDjHDdh6PnRWPzY11xV4,387,4183,ヅČƏβ/Ļӛ Ǧ工ĝăÑтĒ乌ҨǜҾSσĈίαL
00:23.54,6,eP5Sqz2BDjHDdh6PnRWPzY11xV4,387,975,ѕκγ. flex
00:23.58,7,eP5Sqz2BDjHDdh6PnRWPzY11xV4,387,2025,bijan
00:23.68,8,eP5Sqz2BDjHDdh6PnRWPzY11xV4,387,1324,reasᄓnn
00:23.68,9,eP5Sqz2BDjHDdh6PnRWPzY11xV4,387,8322,~़Vוטה ๋:>
00:23.71,10,eP5Sqz2BDjHDdh6PnRWPzY11xV4,387,1402,yo my name valent
00:46.45,1,xHf6R64INvPetvelRgEYCaZvOg5,388,3704,redank
00:47.21,2,xHf6R64INvPetvelRgEYCaZvOg5,388,1042,×saiphyy×
00:48.19,3,xHf6R64INvPetvelRgEYCaZvOg5,388,1797,ױρאωєя.т³
00:52.53,4,xHf6R64INvPetvelRgEYCaZvOg5,388,4183,ヅČƏβ/Ļӛ Ǧ工ĝăÑтĒ乌ҨǜҾSσĈίαL
00:53.74,5,xHf6R64INvPetvelRgEYCaZvOg5,388,2243,sauucey
00:53.99,6,xHf6R64INvPetvelRgEYCaZvOg5,388,2873,웃laser웃
00:55.84,7,xHf6R64INvPetvelRgEYCaZvOg5,388,120,мѕι mo
00:57.49,8,xHf6R64INvPetvelRgEYCaZvOg5,388,970,miau
01:03.07,9,xHf6R64INvPetvelRgEYCaZvOg5,388,4242,Betojo c:
01:06.03,10,xHf6R64INvPetvelRgEYCaZvOg5,388,8945,2ezz4me
00:19.92,1,5KN5OkZoC_LMF7NNzno3N2ua4Il,389,4183,ヅČƏβ/Ļӛ Ǧ工ĝăÑтĒ乌ҨǜҾSσĈίαL
00:19.96,2,5KN5OkZoC_LMF7NNzno3N2ua4Il,389,3165,ғяσैѕѕ
00:20.01,3,5KN5OkZoC_LMF7NNzno3N2ua4Il,389,8407,ңя ױ jarck.
00:20.04,4,5KN5OkZoC_LMF7NNzno3N2ua4Il,389,1174,Нтм.Nad!
00:20.13,5,5KN5OkZoC_LMF7NNzno3N2ua4Il,389,1042,×saiphyy×
00:20.15,6,5KN5OkZoC_LMF7NNzno3N2ua4Il,389,1589,ti
00:20.16,7,5KN5OkZoC_LMF7NNzno3N2ua4Il,389,1027,הѕс¬  bolleッ
00:20.18,8,5KN5OkZoC_LMF7NNzno3N2ua4Il,389,2514,shen
00:20.22,9,5KN5OkZoC_LMF7NNzno3N2ua4Il,389,940,ѕтυρŀίик
00:20.23,10,5KN5OkZoC_LMF7NNzno3N2ua4Il,389,2029,ѕהνぬѕресטねНтм
00:13.12,1,7srhJiJHjsmknmZyJAbqRwSm6h7,390,1797,ױρאωєя.т³
00:13.26,2,7srhJiJHjsmknmZyJAbqRwSm6h7,390,8037,akif713
00:13.35,3,7srhJiJHjsmknmZyJAbqRwSm6h7,390,8323,CarroT
00:13.43,4,7srhJiJHjsmknmZyJAbqRwSm6h7,390,1683,Eltev_X
00:13.45,5,7srhJiJHjsmknmZyJAbqRwSm6h7,390,3341,bazrzokh
00:13.47,6,7srhJiJHjsmknmZyJAbqRwSm6h7,390,2209,twig
00:13.49,7,7srhJiJHjsmknmZyJAbqRwSm6h7,390,31,ғฟ๏.ins
00:13.50,8,7srhJiJHjsmknmZyJAbqRwSm6h7,390,4183,ヅČƏβ/Ļӛ Ǧ工ĝăÑтĒ乌ҨǜҾSσĈίαL
00:13.52,9,7srhJiJHjsmknmZyJAbqRwSm6h7,390,5039,Billboard ЈЄҒҒ
00:13.52,10,7srhJiJHjsmknmZyJAbqRwSm6h7,390,5944,lobsterdish21
00:19.31,1,RXjzLYzeUn4JpZiUQp7hgneAMx,391,8754,gluesniffah
00:19.60,2,RXjzLYzeUn4JpZiUQp7hgneAMx,391,8037,akif713
00:19.61,3,RXjzLYzeUn4JpZiUQp7hgneAMx,391,336,»ғฟ๏« Ŀιиκ.* Law
00:19.73,4,RXjzLYzeUn4JpZiUQp7hgneAMx,391,1174,Нтм.Nad!
00:19.74,5,RXjzLYzeUn4JpZiUQp7hgneAMx,391,4183,ヅČƏβ/Ļӛ Ǧ工ĝăÑтĒ乌ҨǜҾSσĈίαL
00:19.83,6,RXjzLYzeUn4JpZiUQp7hgneAMx,391,144,הѕс¬Ғеяяу | мр
00:19.85,7,RXjzLYzeUn4JpZiUQp7hgneAMx,391,5752,zefi.
00:20.01,8,RXjzLYzeUn4JpZiUQp7hgneAMx,391,2463,LPLuce
00:20.10,9,RXjzLYzeUn4JpZiUQp7hgneAMx,391,120,мѕι mo
00:20.14,10,RXjzLYzeUn4JpZiUQp7hgneAMx,391,7631,37.SoftyD
00:11.59,1,3FrAU8lJQAdGUCvDKZ7qvX4cRTf,392,1001,ЈŁ SÞlîŋt
00:11.60,2,3FrAU8lJQAdGUCvDKZ7qvX4cRTf,392,542,ѕĸγ»МіǤ«ғฟ๏
00:11.60,3,3FrAU8lJQAdGUCvDKZ7qvX4cRTf,392,7908,๓яJoξCoOlッ
00:11.61,4,3FrAU8lJQAdGUCvDKZ7qvX4cRTf,392,1797,ױρאωєя.т³
00:11.62,5,3FrAU8lJQAdGUCvDKZ7qvX4cRTf,392,3474,๓ไ» βακεδ Δlαsκα « т³
00:11.63,6,3FrAU8lJQAdGUCvDKZ7qvX4cRTf,392,1512,Drehspießfleisch im Brot « т³
00:11.63,7,3FrAU8lJQAdGUCvDKZ7qvX4cRTf,392,2504,ρσω«мя´ǥαω«т³
00:11.63,8,3FrAU8lJQAdGUCvDKZ7qvX4cRTf,392,6008,samuelhip
00:11.64,9,3FrAU8lJQAdGUCvDKZ7qvX4cRTf,392,939,B4_ŴheeŁ
00:11.65,10,3FrAU8lJQAdGUCvDKZ7qvX4cRTf,392,401,ғฟ๏.Wirtual
00:09.90,1,DvkaEbP2nMsnjHIlDayzu3_cRp7,393,1174,Нтм.Nad!
00:10.06,2,DvkaEbP2nMsnjHIlDayzu3_cRp7,393,2826,KŘOĄTĘ¬Thicc〢ѕІоώ»ЈŁ
00:10.11,3,DvkaEbP2nMsnjHIlDayzu3_cRp7,393,1320,мѕι UrangWu-tang
00:10.11,4,DvkaEbP2nMsnjHIlDayzu3_cRp7,393,1042,×saiphyy×
00:10.15,5,DvkaEbP2nMsnjHIlDayzu3_cRp7,393,4183,ヅČƏβ/Ļӛ Ǧ工ĝăÑтĒ乌ҨǜҾSσĈίαL
00:10.18,6,DvkaEbP2nMsnjHIlDayzu3_cRp7,393,2188,Sileenz
00:10.22,7,DvkaEbP2nMsnjHIlDayzu3_cRp7,393,2448,nonick
00:10.23,8,DvkaEbP2nMsnjHIlDayzu3_cRp7,393,5955,mikmos
00:10.24,9,DvkaEbP2nMsnjHIlDayzu3_cRp7,393,3704,redank
00:10.24,10,DvkaEbP2nMsnjHIlDayzu3_cRp7,393,1683,Eltev_X
00:18.37,1,XRSLOFIniI2pijaY6UGUVivA9H2,394,57,i
00:18.43,2,XRSLOFIniI2pijaY6UGUVivA9H2,394,2873,웃laser웃
00:18.57,3,XRSLOFIniI2pijaY6UGUVivA9H2,394,18,ѕκγ | Ζοםωιи
00:18.97,4,XRSLOFIniI2pijaY6UGUVivA9H2,394,8322,~़Vוטה ๋:>
00:19.25,5,XRSLOFIniI2pijaY6UGUVivA9H2,394,975,ѕκγ. flex
00:19.37,6,XRSLOFIniI2pijaY6UGUVivA9H2,394,2114,凹 faiby ?
00:19.46,7,XRSLOFIniI2pijaY6UGUVivA9H2,394,3165,ғяσैѕѕ
00:19.77,8,XRSLOFIniI2pijaY6UGUVivA9H2,394,2187,zetos.
00:19.78,9,XRSLOFIniI2pijaY6UGUVivA9H2,394,3704,redank
00:20.13,10,XRSLOFIniI2pijaY6UGUVivA9H2,394,2243,sauucey
00:12.06,1,SkpzbwMUAEQ8Qs8nVwCmWu3Rm9k,395,1174,Нтм.Nad!
00:12.48,2,SkpzbwMUAEQ8Qs8nVwCmWu3Rm9k,395,1042,×saiphyy×
00:12.51,3,SkpzbwMUAEQ8Qs8nVwCmWu3Rm9k,395,7613,DaBest
00:12.57,4,SkpzbwMUAEQ8Qs8nVwCmWu3Rm9k,395,2873,웃laser웃
00:12.79,5,SkpzbwMUAEQ8Qs8nVwCmWu3Rm9k,395,1878,Bambon
00:13.02,6,SkpzbwMUAEQ8Qs8nVwCmWu3Rm9k,395,8407,ңя ױ jarck.
00:13.02,7,SkpzbwMUAEQ8Qs8nVwCmWu3Rm9k,395,3704,redank
00:13.08,8,SkpzbwMUAEQ8Qs8nVwCmWu3Rm9k,395,8322,~़Vוטה ๋:>
00:13.10,9,SkpzbwMUAEQ8Qs8nVwCmWu3Rm9k,395,797,Vadi.
00:13.15,10,SkpzbwMUAEQ8Qs8nVwCmWu3Rm9k,395,2209,twig
00:32.42,1,SD9cOoDNEKLvTSpwds1HWXlDmjb,396,7517,Bor
00:33.16,2,SD9cOoDNEKLvTSpwds1HWXlDmjb,396,336,»ғฟ๏« Ŀιиκ.* Law
00:33.93,3,SD9cOoDNEKLvTSpwds1HWXlDmjb,396,4183,ヅČƏβ/Ļӛ Ǧ工ĝăÑтĒ乌ҨǜҾSσĈίαL
00:34.51,4,SD9cOoDNEKLvTSpwds1HWXlDmjb,396,7613,DaBest
00:34.63,5,SD9cOoDNEKLvTSpwds1HWXlDmjb,396,542,ѕĸγ»МіǤ«ғฟ๏
00:35.60,6,SD9cOoDNEKLvTSpwds1HWXlDmjb,396,3704,redank
00:35.80,7,SD9cOoDNEKLvTSpwds1HWXlDmjb,396,2514,shen
00:35.98,8,SD9cOoDNEKLvTSpwds1HWXlDmjb,396,1798,byoš
00:36.13,9,SD9cOoDNEKLvTSpwds1HWXlDmjb,396,1950,// fey « т³ //
00:36.33,10,SD9cOoDNEKLvTSpwds1HWXlDmjb,396,797,Vadi.
00:17.05,1,wetrAAUipF8qeMXfYJ3haeJaxDd,397,3704,redank
00:17.08,2,wetrAAUipF8qeMXfYJ3haeJaxDd,397,1683,Eltev_X
00:17.12,3,wetrAAUipF8qeMXfYJ3haeJaxDd,397,4183,ヅČƏβ/Ļӛ Ǧ工ĝăÑтĒ乌ҨǜҾSσĈίαL
00:17.27,4,wetrAAUipF8qeMXfYJ3haeJaxDd,397,608,a
00:17.45,5,wetrAAUipF8qeMXfYJ3haeJaxDd,397,18,ѕκγ | Ζοםωιи
00:17.46,6,wetrAAUipF8qeMXfYJ3haeJaxDd,397,5274,VictorPro123
00:17.51,7,wetrAAUipF8qeMXfYJ3haeJaxDd,397,336,»ғฟ๏« Ŀιиκ.* Law
00:17.52,8,wetrAAUipF8qeMXfYJ3haeJaxDd,397,6036,ңя ױjantronix
00:17.58,9,wetrAAUipF8qeMXfYJ3haeJaxDd,397,1042,×saiphyy×
00:17.60,10,wetrAAUipF8qeMXfYJ3haeJaxDd,397,2243,sauucey
00:21.86,1,ol3P958GOo6fmNqxcHTiKT4Yi2i,398,4183,ヅČƏβ/Ļӛ Ǧ工ĝăÑтĒ乌ҨǜҾSσĈίαL
00:22.14,2,ol3P958GOo6fmNqxcHTiKT4Yi2i,398,1042,×saiphyy×
00:22.19,3,ol3P958GOo6fmNqxcHTiKT4Yi2i,398,336,»ғฟ๏« Ŀιиκ.* Law
00:22.30,4,ol3P958GOo6fmNqxcHTiKT4Yi2i,398,2243,sauucey
00:22.32,5,ol3P958GOo6fmNqxcHTiKT4Yi2i,398,2873,웃laser웃
00:22.34,6,ol3P958GOo6fmNqxcHTiKT4Yi2i,398,542,ѕĸγ»МіǤ«ғฟ๏
00:22.44,7,ol3P958GOo6fmNqxcHTiKT4Yi2i,398,2514,shen
00:22.48,8,ol3P958GOo6fmNqxcHTiKT4Yi2i,398,2188,Sileenz
00:22.55,9,ol3P958GOo6fmNqxcHTiKT4Yi2i,398,3704,redank
00:22.58,10,ol3P958GOo6fmNqxcHTiKT4Yi2i,398,1683,Eltev_X
00:25.94,1,0hh64XXowPzUUmoLUlw3eyPqNMa,399,542,ѕĸγ»МіǤ«ғฟ๏
00:26.15,2,0hh64XXowPzUUmoLUlw3eyPqNMa,399,13,LeG〢mtat #mot
00:26.22,3,0hh64XXowPzUUmoLUlw3eyPqNMa,399,315,ĊĦ Eror Ŀĸя
00:26.25,4,0hh64XXowPzUUmoLUlw3eyPqNMa,399,2188,Sileenz
00:26.28,5,0hh64XXowPzUUmoLUlw3eyPqNMa,399,5752,zefi.
00:26.29,6,0hh64XXowPzUUmoLUlw3eyPqNMa,399,4183,ヅČƏβ/Ļӛ Ǧ工ĝăÑтĒ乌ҨǜҾSσĈίαL
00:26.31,7,0hh64XXowPzUUmoLUlw3eyPqNMa,399,7659,HELM 〡 tricbby
00:26.40,8,0hh64XXowPzUUmoLUlw3eyPqNMa,399,1042,×saiphyy×
00:26.41,9,0hh64XXowPzUUmoLUlw3eyPqNMa,399,1174,Нтм.Nad!
00:26.47,10,0hh64XXowPzUUmoLUlw3eyPqNMa,399,7517,Bor
00:46.03,1,Uy3hBBllgbOhJTDOhfGB76CHWFc,400,4183,ヅČƏβ/Ļӛ Ǧ工ĝăÑтĒ乌ҨǜҾSσĈίαL
00:46.08,2,Uy3hBBllgbOhJTDOhfGB76CHWFc,400,336,»ғฟ๏« Ŀιиκ.* Law
00:46.91,3,Uy3hBBllgbOhJTDOhfGB76CHWFc,400,1174,Нтм.Nad!
00:47.23,4,Uy3hBBllgbOhJTDOhfGB76CHWFc,400,120,мѕι mo
00:47.33,5,Uy3hBBllgbOhJTDOhfGB76CHWFc,400,542,ѕĸγ»МіǤ«ғฟ๏
00:47.35,6,Uy3hBBllgbOhJTDOhfGB76CHWFc,400,2243,sauucey
00:47.42,7,Uy3hBBllgbOhJTDOhfGB76CHWFc,400,1042,×saiphyy×
00:47.53,8,Uy3hBBllgbOhJTDOhfGB76CHWFc,400,3704,redank
00:47.56,9,Uy3hBBllgbOhJTDOhfGB76CHWFc,400,1027,הѕс¬  bolleッ
00:47.60,10,Uy3hBBllgbOhJTDOhfGB76CHWFc,400,975,ѕκγ. flex
00:31.48,1,zx8fqx0R6JdediNprAEgeFkJOp5,401,5955,mikmos
00:31.98,2,zx8fqx0R6JdediNprAEgeFkJOp5,401,52,הѕс ¬ kidcasi
00:32.39,3,zx8fqx0R6JdediNprAEgeFkJOp5,401,2188,Sileenz
00:32.43,4,zx8fqx0R6JdediNprAEgeFkJOp5,401,834,мםя zybzerraaa
00:32.48,5,zx8fqx0R6JdediNprAEgeFkJOp5,401,1042,×saiphyy×
00:33.04,6,zx8fqx0R6JdediNprAEgeFkJOp5,401,1027,הѕс¬  bolleッ
00:33.14,7,zx8fqx0R6JdediNprAEgeFkJOp5,401,2549,Ісегॆॅ็
00:33.94,8,zx8fqx0R6JdediNprAEgeFkJOp5,401,5039,Billboard ЈЄҒҒ
00:34.02,9,zx8fqx0R6JdediNprAEgeFkJOp5,401,390,wikos2
00:34.38,10,zx8fqx0R6JdediNprAEgeFkJOp5,401,40,єосױנ๏κεг〆
00:09.90,1,ifVGWDqhdsFoIdqoONAOv3kYLl0,402,5274,VictorPro123
00:10.26,2,ifVGWDqhdsFoIdqoONAOv3kYLl0,402,2025,bijan
00:10.41,3,ifVGWDqhdsFoIdqoONAOv3kYLl0,402,2243,sauucey
00:10.54,4,ifVGWDqhdsFoIdqoONAOv3kYLl0,402,2553,Unknown >.<
00:10.57,5,ifVGWDqhdsFoIdqoONAOv3kYLl0,402,4427,Kairoैs! « т³
00:10.64,6,ifVGWDqhdsFoIdqoONAOv3kYLl0,402,1677,Eddy!
00:10.64,7,ifVGWDqhdsFoIdqoONAOv3kYLl0,402,542,ѕĸγ»МіǤ«ғฟ๏
00:10.65,8,ifVGWDqhdsFoIdqoONAOv3kYLl0,402,4183,ヅČƏβ/Ļӛ Ǧ工ĝăÑтĒ乌ҨǜҾSσĈίαL
00:10.71,9,ifVGWDqhdsFoIdqoONAOv3kYLl0,402,2919,r4' « т³
00:10.72,10,ifVGWDqhdsFoIdqoONAOv3kYLl0,402,1042,×saiphyy×
00:28.57,1,cIivTyxtTvlwtgm_mAkXLpAcdX6,403,3955,Nem #jome
00:33.35,2,cIivTyxtTvlwtgm_mAkXLpAcdX6,403,4183,ヅČƏβ/Ļӛ Ǧ工ĝăÑтĒ乌ҨǜҾSσĈίαL
00:33.73,3,cIivTyxtTvlwtgm_mAkXLpAcdX6,403,2463,LPLuce
00:34.31,4,cIivTyxtTvlwtgm_mAkXLpAcdX6,403,1042,×saiphyy×
00:34.86,5,cIivTyxtTvlwtgm_mAkXLpAcdX6,403,2187,zetos.
00:34.91,6,cIivTyxtTvlwtgm_mAkXLpAcdX6,403,4427,Kairoैs! « т³
00:34.97,7,cIivTyxtTvlwtgm_mAkXLpAcdX6,403,5696,CCC〢Lzaps
00:35.08,8,cIivTyxtTvlwtgm_mAkXLpAcdX6,403,834,мםя zybzerraaa
00:35.50,9,cIivTyxtTvlwtgm_mAkXLpAcdX6,403,2375,ST0MPN
00:35.73,10,cIivTyxtTvlwtgm_mAkXLpAcdX6,403,18,ѕκγ | Ζοםωιи
00:14.35,1,GyWgZQPfWTFAgezwY4aaW2HNvPj,404,1247,hurbanova 37
00:14.49,2,GyWgZQPfWTFAgezwY4aaW2HNvPj,404,5274,VictorPro123
00:14.77,3,GyWgZQPfWTFAgezwY4aaW2HNvPj,404,3704,redank
00:14.99,4,GyWgZQPfWTFAgezwY4aaW2HNvPj,404,6760,Lucin
00:15.09,5,GyWgZQPfWTFAgezwY4aaW2HNvPj,404,5696,CCC〢Lzaps
00:15.13,6,GyWgZQPfWTFAgezwY4aaW2HNvPj,404,3955,Nem #jome
00:15.49,7,GyWgZQPfWTFAgezwY4aaW2HNvPj,404,4183,ヅČƏβ/Ļӛ Ǧ工ĝăÑтĒ乌ҨǜҾSσĈίαL
00:15.59,8,GyWgZQPfWTFAgezwY4aaW2HNvPj,404,487,bPlayैērシmsi
00:15.60,9,GyWgZQPfWTFAgezwY4aaW2HNvPj,404,8408,wslucin2
00:15.83,10,GyWgZQPfWTFAgezwY4aaW2HNvPj,404,13,LeG〢mtat #mot
00:08.19,1,2wyvGtCtq_oKn6hjdAY75ITAqD0,405,1798,byoš
00:08.92,2,2wyvGtCtq_oKn6hjdAY75ITAqD0,405,8732,ผв  Hauge
00:09.10,3,2wyvGtCtq_oKn6hjdAY75ITAqD0,405,7517,Bor
00:09.33,4,2wyvGtCtq_oKn6hjdAY75ITAqD0,405,4183,ヅČƏβ/Ļӛ Ǧ工ĝăÑтĒ乌ҨǜҾSσĈίαL
00:10.64,5,2wyvGtCtq_oKn6hjdAY75ITAqD0,405,1397,сав〤๘αмί.*ƒun
00:11.96,6,2wyvGtCtq_oKn6hjdAY75ITAqD0,405,8440,FREAKY mouse
00:12.03,7,2wyvGtCtq_oKn6hjdAY75ITAqD0,405,1174,Нтм.Nad!
00:12.32,8,2wyvGtCtq_oKn6hjdAY75ITAqD0,405,975,ѕκγ. flex
00:12.89,9,2wyvGtCtq_oKn6hjdAY75ITAqD0,405,8792,Pebless
00:13.95,10,2wyvGtCtq_oKn6hjdAY75ITAqD0,405,8275,Bigs ļนск
00:10.90,1,0DLwe6mQIiFVO16WbsIlJEP3Ord,406,1247,hurbanova 37
00:11.11,2,0DLwe6mQIiFVO16WbsIlJEP3Ord,406,8729,celestial .saopy
00:11.16,3,0DLwe6mQIiFVO16WbsIlJEP3Ord,406,4082,iiHugo « т³
00:11.19,4,0DLwe6mQIiFVO16WbsIlJEP3Ord,406,4183,ヅČƏβ/Ļӛ Ǧ工ĝăÑтĒ乌ҨǜҾSσĈίαL
00:11.23,5,0DLwe6mQIiFVO16WbsIlJEP3Ord,406,975,ѕκγ. flex
00:11.33,6,0DLwe6mQIiFVO16WbsIlJEP3Ord,406,8929,ヤigeon»乌muGGler
00:11.35,7,0DLwe6mQIiFVO16WbsIlJEP3Ord,406,7671,яτх¬truliq!
00:11.37,8,0DLwe6mQIiFVO16WbsIlJEP3Ord,406,970,miau
00:11.47,9,0DLwe6mQIiFVO16WbsIlJEP3Ord,406,5955,mikmos
00:11.60,10,0DLwe6mQIiFVO16WbsIlJEP3Ord,406,7581,Kares
00:15.17,1,AEWGXAiL_OzwcNFeFEsVQ4Jx4kh,407,1797,ױρאωєя.т³
00:15.89,2,AEWGXAiL_OzwcNFeFEsVQ4Jx4kh,407,1174,Нтм.Nad!
00:15.91,3,AEWGXAiL_OzwcNFeFEsVQ4Jx4kh,407,4183,ヅČƏβ/Ļӛ Ǧ工ĝăÑтĒ乌ҨǜҾSσĈίαL
00:15.94,4,AEWGXAiL_OzwcNFeFEsVQ4Jx4kh,407,3453,िα๓² ҂ ぬEC! « т³
00:16.13,5,AEWGXAiL_OzwcNFeFEsVQ4Jx4kh,407,1798,byoš
00:16.24,6,AEWGXAiL_OzwcNFeFEsVQ4Jx4kh,407,2448,nonick
00:16.29,7,AEWGXAiL_OzwcNFeFEsVQ4Jx4kh,407,2549,Ісегॆॅ็
00:16.55,8,AEWGXAiL_OzwcNFeFEsVQ4Jx4kh,407,4082,iiHugo « т³
00:17.42,9,AEWGXAiL_OzwcNFeFEsVQ4Jx4kh,407,2504,ρσω«мя´ǥαω«т³
00:17.49,10,AEWGXAiL_OzwcNFeFEsVQ4Jx4kh,407,1042,×saiphyy×
00:12.64,1,7DkGDMbHlooxMewScY9Ugxtj4ib,408,8322,~़Vוטה ๋:>
00:13.10,2,7DkGDMbHlooxMewScY9Ugxtj4ib,408,4183,ヅČƏβ/Ļӛ Ǧ工ĝăÑтĒ乌ҨǜҾSσĈίαL
00:13.36,3,7DkGDMbHlooxMewScY9Ugxtj4ib,408,938,мѕι Prox <3
00:13.49,4,7DkGDMbHlooxMewScY9Ugxtj4ib,408,984,мѕι Sonix « т³ 
00:13.56,5,7DkGDMbHlooxMewScY9Ugxtj4ib,408,975,ѕκγ. flex
00:13.60,6,7DkGDMbHlooxMewScY9Ugxtj4ib,408,1588,мםя»Fabi.¹
00:13.63,7,7DkGDMbHlooxMewScY9Ugxtj4ib,408,487,bPlayैērシmsi
00:13.71,9,7DkGDMbHlooxMewScY9Ugxtj4ib,408,1677,Eddy!
00:13.77,10,7DkGDMbHlooxMewScY9Ugxtj4ib,408,2025,bijan
00:08.63,1,DyGJcDm3MrjE4D21TjtTGViHL7a,409,6545,hotdoug33
00:08.70,2,DyGJcDm3MrjE4D21TjtTGViHL7a,409,4178,ugly fairy
00:08.71,3,DyGJcDm3MrjE4D21TjtTGViHL7a,409,1042,×saiphyy×
00:08.71,4,DyGJcDm3MrjE4D21TjtTGViHL7a,409,8820,Okasa
00:13.66,8,7DkGDMbHlooxMewScY9Ugxtj4ib,408,18,ѕκγ | Ζοםωιи
00:08.78,5,DyGJcDm3MrjE4D21TjtTGViHL7a,409,1174,Нтм.Nad!
00:08.78,6,DyGJcDm3MrjE4D21TjtTGViHL7a,409,4104,andrew
00:08.80,7,DyGJcDm3MrjE4D21TjtTGViHL7a,409,4183,ヅČƏβ/Ļӛ Ǧ工ĝăÑтĒ乌ҨǜҾSσĈίαL
00:08.82,8,DyGJcDm3MrjE4D21TjtTGViHL7a,409,2495,4yournemesis
00:08.83,9,DyGJcDm3MrjE4D21TjtTGViHL7a,409,5955,mikmos
00:08.84,10,DyGJcDm3MrjE4D21TjtTGViHL7a,409,2011,ि७
00:15.83,1,OtwWcDVHvfVJjfY_sFuYIRYfsUl,410,2243,sauucey
00:15.90,2,OtwWcDVHvfVJjfY_sFuYIRYfsUl,410,1174,Нтм.Nad!
00:16.04,3,OtwWcDVHvfVJjfY_sFuYIRYfsUl,410,4183,ヅČƏβ/Ļӛ Ǧ工ĝăÑтĒ乌ҨǜҾSσĈίαL
00:16.12,4,OtwWcDVHvfVJjfY_sFuYIRYfsUl,410,3955,Nem #jome
00:16.25,5,OtwWcDVHvfVJjfY_sFuYIRYfsUl,410,3704,redank
00:16.26,6,OtwWcDVHvfVJjfY_sFuYIRYfsUl,410,3165,ғяσैѕѕ
00:16.29,7,OtwWcDVHvfVJjfY_sFuYIRYfsUl,410,2448,nonick
00:16.32,8,OtwWcDVHvfVJjfY_sFuYIRYfsUl,410,8322,~़Vוטה ๋:>
00:16.37,9,OtwWcDVHvfVJjfY_sFuYIRYfsUl,410,1797,ױρאωєя.т³
00:16.57,10,OtwWcDVHvfVJjfY_sFuYIRYfsUl,410,8407,ңя ױ jarck.
00:24.50,1,Sxdk7rXanCO9YdH6tfUDEE3n_Qd,411,1247,hurbanova 37
00:26.62,2,Sxdk7rXanCO9YdH6tfUDEE3n_Qd,411,4183,ヅČƏβ/Ļӛ Ǧ工ĝăÑтĒ乌ҨǜҾSσĈίαL
00:29.54,3,Sxdk7rXanCO9YdH6tfUDEE3n_Qd,411,1677,Eddy!
00:30.48,4,Sxdk7rXanCO9YdH6tfUDEE3n_Qd,411,542,ѕĸγ»МіǤ«ғฟ๏
00:30.64,5,Sxdk7rXanCO9YdH6tfUDEE3n_Qd,411,1396,Lemon :) ᄓ boosт³
00:35.33,6,Sxdk7rXanCO9YdH6tfUDEE3n_Qd,411,975,ѕκγ. flex
00:35.41,7,Sxdk7rXanCO9YdH6tfUDEE3n_Qd,411,120,мѕι mo
00:36.15,8,Sxdk7rXanCO9YdH6tfUDEE3n_Qd,411,4082,iiHugo « т³
00:36.88,9,Sxdk7rXanCO9YdH6tfUDEE3n_Qd,411,987,Law¬rowy
00:36.88,10,Sxdk7rXanCO9YdH6tfUDEE3n_Qd,411,1042,×saiphyy×
00:12.46,1,rVXCXuE5M1WUBFJLypu6ev1Btbk,412,1042,×saiphyy×
00:13.28,3,rVXCXuE5M1WUBFJLypu6ev1Btbk,412,4183,ヅČƏβ/Ļӛ Ǧ工ĝăÑтĒ乌ҨǜҾSσĈίαL
00:13.60,4,rVXCXuE5M1WUBFJLypu6ev1Btbk,412,5955,mikmos
00:13.72,5,rVXCXuE5M1WUBFJLypu6ev1Btbk,412,5388,wortax
00:14.10,6,rVXCXuE5M1WUBFJLypu6ev1Btbk,412,8955,MaechtigerMux
00:14.30,7,rVXCXuE5M1WUBFJLypu6ev1Btbk,412,3704,redank
00:14.46,8,rVXCXuE5M1WUBFJLypu6ev1Btbk,412,8726,thcwastaken
00:14.50,9,rVXCXuE5M1WUBFJLypu6ev1Btbk,412,2187,zetos.
00:14.79,10,rVXCXuE5M1WUBFJLypu6ev1Btbk,412,7615,iicataclysmic
00:09.28,1,SozC3lW1Ju6s25yj6wCdaqF0oNg,413,8732,ผв  Hauge
00:09.35,2,SozC3lW1Ju6s25yj6wCdaqF0oNg,413,336,»ғฟ๏« Ŀιиκ.* Law
00:09.41,3,SozC3lW1Ju6s25yj6wCdaqF0oNg,413,1037,¬ ЈŁ〢ChoW «
00:09.42,4,SozC3lW1Ju6s25yj6wCdaqF0oNg,413,4183,ヅČƏβ/Ļӛ Ǧ工ĝăÑтĒ乌ҨǜҾSσĈίαL
00:09.42,5,SozC3lW1Ju6s25yj6wCdaqF0oNg,413,6156,skred
00:09.42,6,SozC3lW1Ju6s25yj6wCdaqF0oNg,413,6545,hotdoug33
00:09.42,7,SozC3lW1Ju6s25yj6wCdaqF0oNg,413,8737,HELM |Uptempo_Miko
00:09.44,8,SozC3lW1Ju6s25yj6wCdaqF0oNg,413,8427,ңя ױ jarssoni
00:09.46,9,SozC3lW1Ju6s25yj6wCdaqF0oNg,413,2243,sauucey
00:09.47,10,SozC3lW1Ju6s25yj6wCdaqF0oNg,413,2515,omio〢๓ђ
00:09.84,1,jr5T7rKSUhcFUtH0xq4uDjdzqmc,414,1247,hurbanova 37
00:09.88,2,jr5T7rKSUhcFUtH0xq4uDjdzqmc,414,1797,ױρאωєя.т³
00:09.89,3,jr5T7rKSUhcFUtH0xq4uDjdzqmc,414,209,ツ]  kyafkyafkyafkyafkyafkyafk  [т³
00:09.91,4,jr5T7rKSUhcFUtH0xq4uDjdzqmc,414,1174,Нтм.Nad!
00:09.97,5,jr5T7rKSUhcFUtH0xq4uDjdzqmc,414,1798,byoš
00:10.08,6,jr5T7rKSUhcFUtH0xq4uDjdzqmc,414,580,τιחє
00:10.09,7,jr5T7rKSUhcFUtH0xq4uDjdzqmc,414,542,ѕĸγ»МіǤ«ғฟ๏
00:10.11,8,jr5T7rKSUhcFUtH0xq4uDjdzqmc,414,2387,Der〢Schuldenberater
00:10.11,9,jr5T7rKSUhcFUtH0xq4uDjdzqmc,414,6780,ƒun Robkey
00:10.14,10,jr5T7rKSUhcFUtH0xq4uDjdzqmc,414,8746,ĊĦ » bananaapple
00:14.50,1,mlH1L3kLqHp39rNwNlRltRdamt2,415,18,ѕκγ | Ζοםωιи
00:14.61,2,mlH1L3kLqHp39rNwNlRltRdamt2,415,1683,Eltev_X
00:15.09,3,mlH1L3kLqHp39rNwNlRltRdamt2,415,542,ѕĸγ»МіǤ«ғฟ๏
00:15.30,4,mlH1L3kLqHp39rNwNlRltRdamt2,415,2748,мѕι dzam мםя
00:15.38,5,mlH1L3kLqHp39rNwNlRltRdamt2,415,3225,Silliツ
00:15.52,6,mlH1L3kLqHp39rNwNlRltRdamt2,415,2873,웃laser웃
00:15.55,7,mlH1L3kLqHp39rNwNlRltRdamt2,415,7879,iBondKC
00:15.79,8,mlH1L3kLqHp39rNwNlRltRdamt2,415,3704,redank
00:15.83,9,mlH1L3kLqHp39rNwNlRltRdamt2,415,2243,sauucey
00:16.02,10,mlH1L3kLqHp39rNwNlRltRdamt2,415,8322,~़Vוטה ๋:>
00:25.20,1,UTiN_MUELnwHuj8fuqgJSPJIV4f,416,3225,Silliツ
00:26.03,2,UTiN_MUELnwHuj8fuqgJSPJIV4f,416,6207,мэפаснолк
00:26.58,3,UTiN_MUELnwHuj8fuqgJSPJIV4f,416,120,мѕι mo
00:26.77,4,UTiN_MUELnwHuj8fuqgJSPJIV4f,416,1042,×saiphyy×
00:27.04,5,UTiN_MUELnwHuj8fuqgJSPJIV4f,416,4183,ヅČƏβ/Ļӛ Ǧ工ĝăÑтĒ乌ҨǜҾSσĈίαL
00:27.57,6,UTiN_MUELnwHuj8fuqgJSPJIV4f,416,2187,zetos.
00:27.72,7,UTiN_MUELnwHuj8fuqgJSPJIV4f,416,2243,sauucey
00:27.76,8,UTiN_MUELnwHuj8fuqgJSPJIV4f,416,1027,הѕс¬  bolleッ
00:28.19,9,UTiN_MUELnwHuj8fuqgJSPJIV4f,416,3546,Eмßαท « т³
00:28.62,10,UTiN_MUELnwHuj8fuqgJSPJIV4f,416,1950,// fey « т³ //
00:07.18,1,Z5MLDFBifLV0PJ5C1SPgXlPO5ya,417,8682,alluᆢ<3
00:07.22,2,Z5MLDFBifLV0PJ5C1SPgXlPO5ya,417,1397,сав〤๘αмί.*ƒun
00:07.26,3,Z5MLDFBifLV0PJ5C1SPgXlPO5ya,417,6051,miguel_noob
00:07.32,4,Z5MLDFBifLV0PJ5C1SPgXlPO5ya,417,8763,kaｂu (sucks @ tm ^-^)
00:07.34,5,Z5MLDFBifLV0PJ5C1SPgXlPO5ya,417,8888,им|LTy08|๏ฟร
00:07.35,6,Z5MLDFBifLV0PJ5C1SPgXlPO5ya,417,149,Marmerladi
00:07.36,7,Z5MLDFBifLV0PJ5C1SPgXlPO5ya,417,5048,ңяױ ױ ƒranesos*ฟřћ
00:07.36,8,Z5MLDFBifLV0PJ5C1SPgXlPO5ya,417,8280,pan
00:07.37,9,Z5MLDFBifLV0PJ5C1SPgXlPO5ya,417,1,gargı
00:07.37,10,Z5MLDFBifLV0PJ5C1SPgXlPO5ya,417,984,мѕι Sonix « т³ 
00:14.91,1,Sp5Ku97e4LT8SctQ4jAB1oSENM2,418,1247,hurbanova 37
00:15.41,2,Sp5Ku97e4LT8SctQ4jAB1oSENM2,418,3704,redank
00:13.19,6,co2mxB6AHbbM6iTuq7CvO3k44sg,7,494,kamel
00:13.19,7,co2mxB6AHbbM6iTuq7CvO3k44sg,7,4183,ヅČƏβ/Ļӛ Ǧ工ĝăÑтĒ乌ҨǜҾSσĈίαL
00:13.41,8,co2mxB6AHbbM6iTuq7CvO3k44sg,7,5696,CCC〢Lzaps
00:13.52,9,co2mxB6AHbbM6iTuq7CvO3k44sg,7,3165,ғяσैѕѕ
00:13.54,10,co2mxB6AHbbM6iTuq7CvO3k44sg,7,8682,alluᆢ<3
00:06.22,1,yMxrDMpJguWe6O61g4mQBAlENR7,8,542,ѕĸγ»МіǤ«ғฟ๏
00:06.38,2,yMxrDMpJguWe6O61g4mQBAlENR7,8,863,ηЬ » Gyrule_ « т³
00:06.43,3,yMxrDMpJguWe6O61g4mQBAlENR7,8,794,ĵบļェ凡иθ
00:06.47,4,yMxrDMpJguWe6O61g4mQBAlENR7,8,1977," ғฟ๏, LeG | Plast"
00:17.15,3,Sp5Ku97e4LT8SctQ4jAB1oSENM2,418,1119,Meneme
00:18.64,4,Sp5Ku97e4LT8SctQ4jAB1oSENM2,418,2826,KŘOĄTĘ¬Thicc〢ѕІоώ»ЈŁ
00:18.95,5,Sp5Ku97e4LT8SctQ4jAB1oSENM2,418,1174,Нтм.Nad!
00:19.92,6,Sp5Ku97e4LT8SctQ4jAB1oSENM2,418,390,wikos2
00:20.57,7,Sp5Ku97e4LT8SctQ4jAB1oSENM2,418,4183,ヅČƏβ/Ļӛ Ǧ工ĝăÑтĒ乌ҨǜҾSσĈίαL
00:20.74,8,Sp5Ku97e4LT8SctQ4jAB1oSENM2,418,144,הѕс¬Ғеяяу | мр
00:21.18,9,Sp5Ku97e4LT8SctQ4jAB1oSENM2,418,2188,Sileenz
00:21.20,10,Sp5Ku97e4LT8SctQ4jAB1oSENM2,418,1677,Eddy!
00:14.12,1,adDm8FBBdXV44sEb_o2hmk9K3ml,419,2188,Sileenz
00:15.77,2,adDm8FBBdXV44sEb_o2hmk9K3ml,419,8717,Puwwa
00:15.92,3,adDm8FBBdXV44sEb_o2hmk9K3ml,419,300,Tres « т³
00:16.17,4,adDm8FBBdXV44sEb_o2hmk9K3ml,419,4183,ヅČƏβ/Ļӛ Ǧ工ĝăÑтĒ乌ҨǜҾSσĈίαL
00:16.34,5,adDm8FBBdXV44sEb_o2hmk9K3ml,419,3985,ңя ױ cam
00:16.48,6,adDm8FBBdXV44sEb_o2hmk9K3ml,419,1025,arthy.
00:16.65,7,adDm8FBBdXV44sEb_o2hmk9K3ml,419,542,ѕĸγ»МіǤ«ғฟ๏
00:16.73,8,adDm8FBBdXV44sEb_o2hmk9K3ml,419,3704,redank
00:16.91,9,adDm8FBBdXV44sEb_o2hmk9K3ml,419,1042,×saiphyy×
00:17.04,10,adDm8FBBdXV44sEb_o2hmk9K3ml,419,3215,syz « т³
00:28.74,1,GNlgUafkheXFdTSRIUOv9ym1Fii,420,542,ѕĸγ»МіǤ«ғฟ๏
00:28.76,2,GNlgUafkheXFdTSRIUOv9ym1Fii,420,1042,×saiphyy×
00:28.88,3,GNlgUafkheXFdTSRIUOv9ym1Fii,420,2243,sauucey
00:29.50,4,GNlgUafkheXFdTSRIUOv9ym1Fii,420,4183,ヅČƏβ/Ļӛ Ǧ工ĝăÑтĒ乌ҨǜҾSσĈίαL
00:29.80,5,GNlgUafkheXFdTSRIUOv9ym1Fii,420,8717,Puwwa
00:30.01,6,GNlgUafkheXFdTSRIUOv9ym1Fii,420,7581,Kares
00:30.22,7,GNlgUafkheXFdTSRIUOv9ym1Fii,420,3760,еяаメjewlians_96(real) ๓ไ
00:30.22,8,GNlgUafkheXFdTSRIUOv9ym1Fii,420,4772,HELM | Pia
00:30.35,9,GNlgUafkheXFdTSRIUOv9ym1Fii,420,1950,// fey « т³ //
00:30.47,10,GNlgUafkheXFdTSRIUOv9ym1Fii,420,5506,ZΞpћЯ4モ
00:56.27,1,P1xEuva9BW3bsRAhKt7qTbOBpZe,-1,4183,ヅČƏβ/Ļӛ Ǧ工ĝăÑтĒ乌ҨǜҾSσĈίαL
00:59.27,2,P1xEuva9BW3bsRAhKt7qTbOBpZe,-1,608,a
01:01.20,3,P1xEuva9BW3bsRAhKt7qTbOBpZe,-1,120,мѕι mo
01:01.92,4,P1xEuva9BW3bsRAhKt7qTbOBpZe,-1,42,aeैq«т³
01:02.44,5,P1xEuva9BW3bsRAhKt7qTbOBpZe,-1,401,ғฟ๏.Wirtual
01:05.87,6,P1xEuva9BW3bsRAhKt7qTbOBpZe,-1,3704,redank
01:06.71,7,P1xEuva9BW3bsRAhKt7qTbOBpZe,-1,542,ѕĸγ»МіǤ«ғฟ๏
01:06.98,8,P1xEuva9BW3bsRAhKt7qTbOBpZe,-1,450,ImminentOmelet58
01:09.61,9,P1xEuva9BW3bsRAhKt7qTbOBpZe,-1,800,»Ятλ«wally²
01:10.50,10,P1xEuva9BW3bsRAhKt7qTbOBpZe,-1,984,мѕι Sonix « т³ 
00:11.89,1,vSDCIt3koUcs_sJG38RLxkrcWl7,-2,7,LeG〢ЈонаĿѕѕ »ғฟ๏«
00:12.57,2,vSDCIt3koUcs_sJG38RLxkrcWl7,-2,593,»єос॰קιדדαѕ
00:12.69,3,vSDCIt3koUcs_sJG38RLxkrcWl7,-2,1174,Нтм.Nad!
00:12.70,4,vSDCIt3koUcs_sJG38RLxkrcWl7,-2,3215,syz « т³
00:12.71,5,vSDCIt3koUcs_sJG38RLxkrcWl7,-2,2393,ĊĦ Bob
00:12.73,6,vSDCIt3koUcs_sJG38RLxkrcWl7,-2,4750,galium_odoratum
00:12.82,7,vSDCIt3koUcs_sJG38RLxkrcWl7,-2,725,solidtrees
00:12.83,8,vSDCIt3koUcs_sJG38RLxkrcWl7,-2,1127,Acer Spedrun
00:12.88,9,vSDCIt3koUcs_sJG38RLxkrcWl7,-2,1066,הѕс¬ Ѕιмșои
00:12.96,10,vSDCIt3koUcs_sJG38RLxkrcWl7,-2,45,сав tekky.
00:17.66,1,5ei_Kpp1_qyILrI7C4s7hZrNAZ3,-3,1878,Bambon
00:18.90,2,5ei_Kpp1_qyILrI7C4s7hZrNAZ3,-3,450,ImminentOmelet58
00:19.05,3,5ei_Kpp1_qyILrI7C4s7hZrNAZ3,-3,4835,ѕהν lĿ๏קѕнι
00:19.14,4,5ei_Kpp1_qyILrI7C4s7hZrNAZ3,-3,2549,Ісегॆॅ็
00:19.36,5,5ei_Kpp1_qyILrI7C4s7hZrNAZ3,-3,4183,ヅČƏβ/Ļӛ Ǧ工ĝăÑтĒ乌ҨǜҾSσĈίαL
00:19.96,6,5ei_Kpp1_qyILrI7C4s7hZrNAZ3,-3,975,ѕκγ. flex
00:20.25,7,5ei_Kpp1_qyILrI7C4s7hZrNAZ3,-3,3955,Nem #jome
00:20.28,8,5ei_Kpp1_qyILrI7C4s7hZrNAZ3,-3,3704,redank
00:20.28,9,5ei_Kpp1_qyILrI7C4s7hZrNAZ3,-3,144,הѕс¬Ғеяяу | мр
00:20.48,10,5ei_Kpp1_qyILrI7C4s7hZrNAZ3,-3,31,ғฟ๏.ins
00:13.09,1,OUfEXHMmOH88E4QAJ3XFzwcb2u5,-4,57,i
00:13.56,2,OUfEXHMmOH88E4QAJ3XFzwcb2u5,-4,3704,redank
00:13.75,3,OUfEXHMmOH88E4QAJ3XFzwcb2u5,-4,943,ehkla.
00:13.78,4,OUfEXHMmOH88E4QAJ3XFzwcb2u5,-4,1446,Jeff Bömpos
00:13.84,5,OUfEXHMmOH88E4QAJ3XFzwcb2u5,-4,542,ѕĸγ»МіǤ«ғฟ๏
00:13.90,6,OUfEXHMmOH88E4QAJ3XFzwcb2u5,-4,5274,VictorPro123
00:13.98,7,OUfEXHMmOH88E4QAJ3XFzwcb2u5,-4,1127,Acer Spedrun
00:14.03,8,OUfEXHMmOH88E4QAJ3XFzwcb2u5,-4,13,LeG〢mtat #mot
00:14.03,9,OUfEXHMmOH88E4QAJ3XFzwcb2u5,-4,450,ImminentOmelet58
00:14.09,10,OUfEXHMmOH88E4QAJ3XFzwcb2u5,-4,1677,Eddy!
00:12.82,1,wTHImDZ7z7Ip1F9YoySRxEJ7RA1,-5,2514,shen
00:12.83,2,wTHImDZ7z7Ip1F9YoySRxEJ7RA1,-5,1065,¬ ЈŁ〢Ғоैявγ «
00:12.86,3,wTHImDZ7z7Ip1F9YoySRxEJ7RA1,-5,3360,xosar
00:12.90,4,wTHImDZ7z7Ip1F9YoySRxEJ7RA1,-5,4183,ヅČƏβ/Ļӛ Ǧ工ĝăÑтĒ乌ҨǜҾSσĈίαL
00:12.97,5,wTHImDZ7z7Ip1F9YoySRxEJ7RA1,-5,1588,мםя»Fabi.¹
00:13.00,6,wTHImDZ7z7Ip1F9YoySRxEJ7RA1,-5,2243,sauucey
00:13.07,7,wTHImDZ7z7Ip1F9YoySRxEJ7RA1,-5,101,Hèिést
00:13.07,8,wTHImDZ7z7Ip1F9YoySRxEJ7RA1,-5,336,»ғฟ๏« Ŀιиκ.* Law
00:13.09,9,wTHImDZ7z7Ip1F9YoySRxEJ7RA1,-5,178,DWN.skandear
00:13.12,10,wTHImDZ7z7Ip1F9YoySRxEJ7RA1,-5,5070,deis
00:22.52,1,rsSxERI_QCzVfnIhTmPYyTKOHO3,-6,553,locko
00:23.56,2,rsSxERI_QCzVfnIhTmPYyTKOHO3,-6,849,iklu
00:23.64,3,rsSxERI_QCzVfnIhTmPYyTKOHO3,-6,3091,「sniffa」
00:23.89,4,rsSxERI_QCzVfnIhTmPYyTKOHO3,-6,3760,еяаメjewlians_96(real) ๓ไ
00:23.95,5,rsSxERI_QCzVfnIhTmPYyTKOHO3,-6,3909,lappen
00:24.13,6,rsSxERI_QCzVfnIhTmPYyTKOHO3,-6,43,ѕκy²oumol_«_т³
00:24.24,7,rsSxERI_QCzVfnIhTmPYyTKOHO3,-6,4183,ヅČƏβ/Ļӛ Ǧ工ĝăÑтĒ乌ҨǜҾSσĈίαL
00:24.50,8,rsSxERI_QCzVfnIhTmPYyTKOHO3,-6,353,ғฟ๏.Drarker.Law
00:24.52,9,rsSxERI_QCzVfnIhTmPYyTKOHO3,-6,988,LeG〢тяаĿĸя ЈŁ
00:24.52,10,rsSxERI_QCzVfnIhTmPYyTKOHO3,-6,1019,Сңυммγ
00:07.51,1,JLxWJXBv9JREKtqpeLZULeZ6Xjc,-7,943,ehkla.
00:07.73,2,JLxWJXBv9JREKtqpeLZULeZ6Xjc,-7,336,»ғฟ๏« Ŀιиκ.* Law
00:07.84,3,JLxWJXBv9JREKtqpeLZULeZ6Xjc,-7,1812,FIREFIGHTER
00:08.11,4,JLxWJXBv9JREKtqpeLZULeZ6Xjc,-7,8632,car driver
00:08.32,5,JLxWJXBv9JREKtqpeLZULeZ6Xjc,-7,1390,betta
00:08.54,6,JLxWJXBv9JREKtqpeLZULeZ6Xjc,-7,57,i
00:08.56,7,JLxWJXBv9JREKtqpeLZULeZ6Xjc,-7,542,ѕĸγ»МіǤ«ғฟ๏
00:08.63,8,JLxWJXBv9JREKtqpeLZULeZ6Xjc,-7,450,ImminentOmelet58
00:08.72,9,JLxWJXBv9JREKtqpeLZULeZ6Xjc,-7,4183,ヅČƏβ/Ļӛ Ǧ工ĝăÑтĒ乌ҨǜҾSσĈίαL
00:09.00,10,JLxWJXBv9JREKtqpeLZULeZ6Xjc,-7,742,॰сав l| Storm!
00:13.40,1,CgeLT8TYLwp7eM4rjOULz87cCbg,-8,4183,ヅČƏβ/Ļӛ Ǧ工ĝăÑтĒ乌ҨǜҾSσĈίαL
00:13.46,2,CgeLT8TYLwp7eM4rjOULz87cCbg,-8,5274,VictorPro123
00:13.47,3,CgeLT8TYLwp7eM4rjOULz87cCbg,-8,542,ѕĸγ»МіǤ«ғฟ๏
00:13.52,4,CgeLT8TYLwp7eM4rjOULz87cCbg,-8,2873,웃laser웃
00:13.54,5,CgeLT8TYLwp7eM4rjOULz87cCbg,-8,608,a
00:13.55,6,CgeLT8TYLwp7eM4rjOULz87cCbg,-8,336,»ғฟ๏« Ŀιиκ.* Law
00:13.55,7,CgeLT8TYLwp7eM4rjOULz87cCbg,-8,927,pawelek
00:13.55,8,CgeLT8TYLwp7eM4rjOULz87cCbg,-8,3165,ғяσैѕѕ
00:13.56,9,CgeLT8TYLwp7eM4rjOULz87cCbg,-8,1174,Нтм.Nad!
00:13.58,10,CgeLT8TYLwp7eM4rjOULz87cCbg,-8,401,ғฟ๏.Wirtual
00:08.71,1,D52tVWYuEsWuoY2JpuwRznaHN48,-9,336,»ғฟ๏« Ŀιиκ.* Law
00:08.87,2,D52tVWYuEsWuoY2JpuwRznaHN48,-9,2206,Luukasa123
00:09.10,3,D52tVWYuEsWuoY2JpuwRznaHN48,-9,4183,ヅČƏβ/Ļӛ Ǧ工ĝăÑтĒ乌ҨǜҾSσĈίαL
00:09.15,4,D52tVWYuEsWuoY2JpuwRznaHN48,-9,542,ѕĸγ»МіǤ«ғฟ๏
00:09.19,5,D52tVWYuEsWuoY2JpuwRznaHN48,-9,300,Tres « т³
00:09.33,6,D52tVWYuEsWuoY2JpuwRznaHN48,-9,45,сав tekky.
00:09.34,7,D52tVWYuEsWuoY2JpuwRznaHN48,-9,2448,nonick
00:09.39,8,D52tVWYuEsWuoY2JpuwRznaHN48,-9,1127,Acer Spedrun
00:09.39,9,D52tVWYuEsWuoY2JpuwRznaHN48,-9,312,Blacki
00:09.40,10,D52tVWYuEsWuoY2JpuwRznaHN48,-9,3704,redank
00:11.93,1,abE2I3QeXeh2KNOov5DSINvCmwb,-10,4183,ヅČƏβ/Ļӛ Ǧ工ĝăÑтĒ乌ҨǜҾSσĈίαL
00:11.96,2,abE2I3QeXeh2KNOov5DSINvCmwb,-10,336,»ғฟ๏« Ŀιиκ.* Law
00:12.42,3,abE2I3QeXeh2KNOov5DSINvCmwb,-10,2011,ि७
00:12.90,4,abE2I3QeXeh2KNOov5DSINvCmwb,-10,57,i
00:13.35,5,abE2I3QeXeh2KNOov5DSINvCmwb,-10,139,ғฟ๏.dennis090
00:13.92,6,abE2I3QeXeh2KNOov5DSINvCmwb,-10,5752,zefi.
00:14.20,7,abE2I3QeXeh2KNOov5DSINvCmwb,-10,7,LeG〢ЈонаĿѕѕ »ғฟ๏«
00:14.65,8,abE2I3QeXeh2KNOov5DSINvCmwb,-10,101,Hèिést
00:15.30,9,abE2I3QeXeh2KNOov5DSINvCmwb,-10,3704,redank
00:15.74,10,abE2I3QeXeh2KNOov5DSINvCmwb,-10,963,lane
00:27.95,1,NiG5w2QsxGMwwCbgKE3dJmipn91,-11,1727,buzzy.
00:31.44,2,NiG5w2QsxGMwwCbgKE3dJmipn91,-11,1396,Lemon :) ᄓ boosт³
00:31.68,3,NiG5w2QsxGMwwCbgKE3dJmipn91,-11,4183,ヅČƏβ/Ļӛ Ǧ工ĝăÑтĒ乌ҨǜҾSσĈίαL
00:31.71,4,NiG5w2QsxGMwwCbgKE3dJmipn91,-11,7517,Bor
00:33.12,5,NiG5w2QsxGMwwCbgKE3dJmipn91,-11,120,мѕι mo
00:33.31,6,NiG5w2QsxGMwwCbgKE3dJmipn91,-11,1600,сав ¬ nellike
00:34.51,7,NiG5w2QsxGMwwCbgKE3dJmipn91,-11,336,»ғฟ๏« Ŀιиκ.* Law
00:34.86,8,NiG5w2QsxGMwwCbgKE3dJmipn91,-11,31,ғฟ๏.ins
00:35.27,9,NiG5w2QsxGMwwCbgKE3dJmipn91,-11,7,LeG〢ЈонаĿѕѕ »ғฟ๏«
00:35.61,10,NiG5w2QsxGMwwCbgKE3dJmipn91,-11,849,iklu
00:14.51,1,QvAaRZVejgPyLUVMFE10ne5zHbd,-12,2188,Sileenz
00:14.89,2,QvAaRZVejgPyLUVMFE10ne5zHbd,-12,1078,FALCON
00:15.12,3,QvAaRZVejgPyLUVMFE10ne5zHbd,-12,4183,ヅČƏβ/Ļӛ Ǧ工ĝăÑтĒ乌ҨǜҾSσĈίαL
00:15.20,4,QvAaRZVejgPyLUVMFE10ne5zHbd,-12,3546,Eмßαท « т³
00:16.06,5,QvAaRZVejgPyLUVMFE10ne5zHbd,-12,3704,redank
00:16.16,6,QvAaRZVejgPyLUVMFE10ne5zHbd,-12,149,Marmerladi
00:16.35,7,QvAaRZVejgPyLUVMFE10ne5zHbd,-12,3165,ғяσैѕѕ
00:16.46,8,QvAaRZVejgPyLUVMFE10ne5zHbd,-12,1396,Lemon :) ᄓ boosт³
00:16.55,9,QvAaRZVejgPyLUVMFE10ne5zHbd,-12,433,Ŀĸя ¬ Buch
00:18.54,10,QvAaRZVejgPyLUVMFE10ne5zHbd,-12,3092,hev
00:31.46,1,4VABIo6LfjbMqP56zMoySCPbie3,-13,3704,redank
00:33.16,2,4VABIo6LfjbMqP56zMoySCPbie3,-13,4183,ヅČƏβ/Ļӛ Ǧ工ĝăÑтĒ乌ҨǜҾSσĈίαL
00:35.78,3,4VABIo6LfjbMqP56zMoySCPbie3,-13,120,мѕι mo
00:39.14,4,4VABIo6LfjbMqP56zMoySCPbie3,-13,512,nexos
00:39.15,5,4VABIo6LfjbMqP56zMoySCPbie3,-13,401,ғฟ๏.Wirtual
00:39.92,6,4VABIo6LfjbMqP56zMoySCPbie3,-13,608,a
00:40.54,7,4VABIo6LfjbMqP56zMoySCPbie3,-13,1727,buzzy.
00:41.60,8,4VABIo6LfjbMqP56zMoySCPbie3,-13,2904,NoPro»Skyer03
00:42.08,9,4VABIo6LfjbMqP56zMoySCPbie3,-13,336,»ғฟ๏« Ŀιиκ.* Law
00:42.17,10,4VABIo6LfjbMqP56zMoySCPbie3,-13,399,Nawk 〆oach
00:25.31,1,aHtkpIepkE54RoE_FOr2LSk9GU0,-14,5696,CCC〢Lzaps
00:25.35,2,aHtkpIepkE54RoE_FOr2LSk9GU0,-14,1174,Нтм.Nad!
00:27.18,3,aHtkpIepkE54RoE_FOr2LSk9GU0,-14,4183,ヅČƏβ/Ļӛ Ǧ工ĝăÑтĒ乌ҨǜҾSσĈίαL
00:27.35,4,aHtkpIepkE54RoE_FOr2LSk9GU0,-14,3546,Eмßαท « т³
00:27.95,5,aHtkpIepkE54RoE_FOr2LSk9GU0,-14,2348,ѕняєк!ζємטѕч²
00:28.64,6,aHtkpIepkE54RoE_FOr2LSk9GU0,-14,2574,мѕι » Morale
00:28.95,7,aHtkpIepkE54RoE_FOr2LSk9GU0,-14,2243,sauucey
00:29.07,8,aHtkpIepkE54RoE_FOr2LSk9GU0,-14,3165,ғяσैѕѕ
00:29.21,9,aHtkpIepkE54RoE_FOr2LSk9GU0,-14,1835,hayes
00:29.87,10,aHtkpIepkE54RoE_FOr2LSk9GU0,-14,1727,buzzy.
00:09.46,1,MSMzMzqSVJhbH1Sg0DlJzDRQSFj,-15,975,ѕκγ. flex
00:09.52,2,MSMzMzqSVJhbH1Sg0DlJzDRQSFj,-15,101,Hèिést
00:09.52,3,MSMzMzqSVJhbH1Sg0DlJzDRQSFj,-15,4183,ヅČƏβ/Ļӛ Ǧ工ĝăÑтĒ乌ҨǜҾSσĈίαL
00:09.52,4,MSMzMzqSVJhbH1Sg0DlJzDRQSFj,-15,2236,Evozer
00:09.53,5,MSMzMzqSVJhbH1Sg0DlJzDRQSFj,-15,1818,Tsgaxz
00:09.53,6,MSMzMzqSVJhbH1Sg0DlJzDRQSFj,-15,4252,िα๓² ayeewake ๓ไ
00:09.54,7,MSMzMzqSVJhbH1Sg0DlJzDRQSFj,-15,2826,KŘOĄTĘ¬Thicc〢ѕІоώ»ЈŁ
00:09.55,8,MSMzMzqSVJhbH1Sg0DlJzDRQSFj,-15,542,ѕĸγ»МіǤ«ғฟ๏
00:09.60,9,MSMzMzqSVJhbH1Sg0DlJzDRQSFj,-15,42,aeैq«т³
00:09.61,10,MSMzMzqSVJhbH1Sg0DlJzDRQSFj,-15,800,»Ятλ«wally²
00:08.66,1,BLnNNGHmG318nK_Oy3k3WSnxwRm,-16,450,ImminentOmelet58
00:08.66,2,BLnNNGHmG318nK_Oy3k3WSnxwRm,-16,7515,spemeri
00:08.75,3,BLnNNGHmG318nK_Oy3k3WSnxwRm,-16,2867,aryorha
00:08.76,4,BLnNNGHmG318nK_Oy3k3WSnxwRm,-16,643,((( krstøf!''ヌ
00:08.76,5,BLnNNGHmG318nK_Oy3k3WSnxwRm,-16,3704,redank
00:08.77,6,BLnNNGHmG318nK_Oy3k3WSnxwRm,-16,7251,sussynatg
00:08.90,7,BLnNNGHmG318nK_Oy3k3WSnxwRm,-16,456,ѕωα〤 Cutterpillar
00:08.90,8,BLnNNGHmG318nK_Oy3k3WSnxwRm,-16,2826,KŘOĄTĘ¬Thicc〢ѕІоώ»ЈŁ
00:08.93,9,BLnNNGHmG318nK_Oy3k3WSnxwRm,-16,336,»ғฟ๏« Ŀιиκ.* Law
00:08.94,10,BLnNNGHmG318nK_Oy3k3WSnxwRm,-16,1078,FALCON
00:22.75,1,zfWfnJA1CziGUdbgU0Vbv3az4U8,-17,608,a
00:22.82,2,zfWfnJA1CziGUdbgU0Vbv3az4U8,-17,101,Hèिést
00:23.02,3,zfWfnJA1CziGUdbgU0Vbv3az4U8,-17,4183,ヅČƏβ/Ļӛ Ǧ工ĝăÑтĒ乌ҨǜҾSσĈίαL
00:23.07,4,zfWfnJA1CziGUdbgU0Vbv3az4U8,-17,2748,мѕι dzam мםя
00:23.27,5,zfWfnJA1CziGUdbgU0Vbv3az4U8,-17,3704,redank
00:23.31,6,zfWfnJA1CziGUdbgU0Vbv3az4U8,-17,542,ѕĸγ»МіǤ«ғฟ๏
00:23.33,7,zfWfnJA1CziGUdbgU0Vbv3az4U8,-17,2468,_
00:23.35,8,zfWfnJA1CziGUdbgU0Vbv3az4U8,-17,1788,Samurai
00:23.41,9,zfWfnJA1CziGUdbgU0Vbv3az4U8,-17,494,kamel
00:23.43,10,zfWfnJA1CziGUdbgU0Vbv3az4U8,-17,2114,凹 faiby ?
00:29.64,1,G0TeaIbn6QMtC4X8CPSnX3WZ5R9,-18,608,a
00:30.60,2,G0TeaIbn6QMtC4X8CPSnX3WZ5R9,-18,120,мѕι mo
00:32.63,3,G0TeaIbn6QMtC4X8CPSnX3WZ5R9,-18,620,Spam
00:33.05,4,G0TeaIbn6QMtC4X8CPSnX3WZ5R9,-18,2747,Golden « т³
00:34.30,5,G0TeaIbn6QMtC4X8CPSnX3WZ5R9,-18,1990,brego×
00:34.62,6,G0TeaIbn6QMtC4X8CPSnX3WZ5R9,-18,178,DWN.skandear
00:34.72,7,G0TeaIbn6QMtC4X8CPSnX3WZ5R9,-18,3360,xosar
00:34.85,8,G0TeaIbn6QMtC4X8CPSnX3WZ5R9,-18,3704,redank
00:35.23,9,G0TeaIbn6QMtC4X8CPSnX3WZ5R9,-18,101,Hèिést
00:35.27,10,G0TeaIbn6QMtC4X8CPSnX3WZ5R9,-18,1835,hayes
00:05.45,1,cgFr03gomNMT2MWSlIwA1UXdUe5,-19,2514,shen
00:05.49,2,cgFr03gomNMT2MWSlIwA1UXdUe5,-19,487,bPlayैērシmsi
00:05.49,3,cgFr03gomNMT2MWSlIwA1UXdUe5,-19,1013,Louffy.
00:05.49,4,cgFr03gomNMT2MWSlIwA1UXdUe5,-19,1329,STAMA
00:05.49,5,cgFr03gomNMT2MWSlIwA1UXdUe5,-19,1839,Ganderop
00:05.50,6,cgFr03gomNMT2MWSlIwA1UXdUe5,-19,300,Tres « т³
00:05.50,7,cgFr03gomNMT2MWSlIwA1UXdUe5,-19,542,ѕĸγ»МіǤ«ғฟ๏
00:05.51,8,cgFr03gomNMT2MWSlIwA1UXdUe5,-19,399,Nawk 〆oach
00:05.51,9,cgFr03gomNMT2MWSlIwA1UXdUe5,-19,1324,reasᄓnn
00:05.51,10,cgFr03gomNMT2MWSlIwA1UXdUe5,-19,655,мѕι¬δαġ॓ġ॔.мםя
00:12.71,1,5KBTQwX5gCOX_PJQz2MBCY_Kdrg,-20,608,a
00:12.85,2,5KBTQwX5gCOX_PJQz2MBCY_Kdrg,-20,120,мѕι mo
00:13.08,3,5KBTQwX5gCOX_PJQz2MBCY_Kdrg,-20,390,wikos2
00:13.19,4,5KBTQwX5gCOX_PJQz2MBCY_Kdrg,-20,3955,Nem #jome
00:13.42,5,5KBTQwX5gCOX_PJQz2MBCY_Kdrg,-20,43,ѕκy²oumol_«_т³
00:13.73,6,5KBTQwX5gCOX_PJQz2MBCY_Kdrg,-20,450,ImminentOmelet58
00:13.77,7,5KBTQwX5gCOX_PJQz2MBCY_Kdrg,-20,542,ѕĸγ»МіǤ«ғฟ๏
00:13.95,8,5KBTQwX5gCOX_PJQz2MBCY_Kdrg,-20,1798,byoš
00:14.38,9,5KBTQwX5gCOX_PJQz2MBCY_Kdrg,-20,1396,Lemon :) ᄓ boosт³
00:14.50,10,5KBTQwX5gCOX_PJQz2MBCY_Kdrg,-20,957,〔 niati 〕
00:07.07,1,M0g5CpvaIJHAyR03qi4jnxhS_F4,-21,399,Nawk 〆oach
00:07.16,2,M0g5CpvaIJHAyR03qi4jnxhS_F4,-21,442,ᄽҒŁγііהǥᄿTe๓קєroя
00:07.28,3,M0g5CpvaIJHAyR03qi4jnxhS_F4,-21,120,мѕι mo
00:07.29,4,M0g5CpvaIJHAyR03qi4jnxhS_F4,-21,149,Marmerladi
00:07.33,5,M0g5CpvaIJHAyR03qi4jnxhS_F4,-21,93,ғฟ๏〢alexx. infector
00:07.41,6,M0g5CpvaIJHAyR03qi4jnxhS_F4,-21,401,ғฟ๏.Wirtual
00:07.54,7,M0g5CpvaIJHAyR03qi4jnxhS_F4,-21,3704,redank
00:07.59,8,M0g5CpvaIJHAyR03qi4jnxhS_F4,-21,1396,Lemon :) ᄓ boosт³
00:07.62,9,M0g5CpvaIJHAyR03qi4jnxhS_F4,-21,2243,sauucey
00:07.64,10,M0g5CpvaIJHAyR03qi4jnxhS_F4,-21,54,ѕκγ | Flex
00:06.75,1,YsRNjX14mHIrujcTHP8hhhkUEDd,-22,2925,Hollow
00:06.83,2,YsRNjX14mHIrujcTHP8hhhkUEDd,-22,1008,Viski
00:06.88,3,YsRNjX14mHIrujcTHP8hhhkUEDd,-22,8280,pan
00:06.92,4,YsRNjX14mHIrujcTHP8hhhkUEDd,-22,4183,ヅČƏβ/Ļӛ Ǧ工ĝăÑтĒ乌ҨǜҾSσĈίαL
00:06.95,5,YsRNjX14mHIrujcTHP8hhhkUEDd,-22,5463,pastagrows
00:06.97,6,YsRNjX14mHIrujcTHP8hhhkUEDd,-22,6008,samuelhip
00:06.98,7,YsRNjX14mHIrujcTHP8hhhkUEDd,-22,606, ๓ђ קιέтoก
00:07.04,8,YsRNjX14mHIrujcTHP8hhhkUEDd,-22,2393,ĊĦ Bob
00:07.07,9,YsRNjX14mHIrujcTHP8hhhkUEDd,-22,5501,JoblessFlower
00:07.12,10,YsRNjX14mHIrujcTHP8hhhkUEDd,-22,1119,Meneme
00:24.40,1,66kz_d92tG1Fs4fTgiWPewjOErc,-23,542,ѕĸγ»МіǤ«ғฟ๏
00:24.60,2,66kz_d92tG1Fs4fTgiWPewjOErc,-23,4183,ヅČƏβ/Ļӛ Ǧ工ĝăÑтĒ乌ҨǜҾSσĈίαL
00:24.63,3,66kz_d92tG1Fs4fTgiWPewjOErc,-23,608,a
00:24.75,4,66kz_d92tG1Fs4fTgiWPewjOErc,-23,5696,CCC〢Lzaps
00:25.13,5,66kz_d92tG1Fs4fTgiWPewjOErc,-23,121,fwo |meh
00:25.21,6,66kz_d92tG1Fs4fTgiWPewjOErc,-23,2448,nonick
00:25.49,7,66kz_d92tG1Fs4fTgiWPewjOErc,-23,2515,omio〢๓ђ
00:25.76,8,66kz_d92tG1Fs4fTgiWPewjOErc,-23,3704,redank
00:25.77,9,66kz_d92tG1Fs4fTgiWPewjOErc,-23,957,〔 niati 〕
00:25.95,10,66kz_d92tG1Fs4fTgiWPewjOErc,-23,7,LeG〢ЈонаĿѕѕ »ғฟ๏«
00:20.55,1,TM7_UmzRl89gMFeA3nvexQNiO4d,-24,608,a
00:21.04,2,TM7_UmzRl89gMFeA3nvexQNiO4d,-24,542,ѕĸγ»МіǤ«ғฟ๏
00:22.20,3,TM7_UmzRl89gMFeA3nvexQNiO4d,-24,4183,ヅČƏβ/Ļӛ Ǧ工ĝăÑтĒ乌ҨǜҾSσĈίαL
00:22.21,4,TM7_UmzRl89gMFeA3nvexQNiO4d,-24,1798,byoš
00:22.75,5,TM7_UmzRl89gMFeA3nvexQNiO4d,-24,1078,FALCON
00:22.85,6,TM7_UmzRl89gMFeA3nvexQNiO4d,-24,1727,buzzy.
00:23.11,7,TM7_UmzRl89gMFeA3nvexQNiO4d,-24,1324,reasᄓnn
00:23.52,8,TM7_UmzRl89gMFeA3nvexQNiO4d,-24,1008,Viski
00:23.63,9,TM7_UmzRl89gMFeA3nvexQNiO4d,-24,101,Hèिést
00:23.65,10,TM7_UmzRl89gMFeA3nvexQNiO4d,-24,401,ғฟ๏.Wirtual
00:16.22,1,0L6Ua6swlk90qAkE15rRgYe3tG0,-25,957,〔 niati 〕
00:16.37,2,0L6Ua6swlk90qAkE15rRgYe3tG0,-25,450,ImminentOmelet58
00:16.69,3,0L6Ua6swlk90qAkE15rRgYe3tG0,-25,1797,ױρאωєя.т³
00:16.76,4,0L6Ua6swlk90qAkE15rRgYe3tG0,-25,1396,Lemon :) ᄓ boosт³
00:17.09,6,0L6Ua6swlk90qAkE15rRgYe3tG0,-25,5,nixion
00:17.18,7,0L6Ua6swlk90qAkE15rRgYe3tG0,-25,512,nexos
00:17.73,8,0L6Ua6swlk90qAkE15rRgYe3tG0,-25,2011,ि७
00:17.81,9,0L6Ua6swlk90qAkE15rRgYe3tG0,-25,120,мѕι mo
00:18.37,10,0L6Ua6swlk90qAkE15rRgYe3tG0,-25,3704,redank
00:10.34,1,EQriT4urIqFuY69vTNvLo5jzNV3,-26,450,ImminentOmelet58
00:10.34,2,EQriT4urIqFuY69vTNvLo5jzNV3,-26,4183,ヅČƏβ/Ļӛ Ǧ工ĝăÑтĒ乌ҨǜҾSσĈίαL
00:10.35,3,EQriT4urIqFuY69vTNvLo5jzNV3,-26,542,ѕĸγ»МіǤ«ғฟ๏
00:10.35,4,EQriT4urIqFuY69vTNvLo5jzNV3,-26,552,Fmc
00:10.35,5,EQriT4urIqFuY69vTNvLo5jzNV3,-26,2509,Clefde12
00:10.35,6,EQriT4urIqFuY69vTNvLo5jzNV3,-26,1390,betta
00:10.35,7,EQriT4urIqFuY69vTNvLo5jzNV3,-26,1992,Δ刀ζΐŏ
00:10.35,8,EQriT4urIqFuY69vTNvLo5jzNV3,-26,3153,whyt
00:10.35,9,EQriT4urIqFuY69vTNvLo5jzNV3,-26,2514,shen
00:10.35,10,EQriT4urIqFuY69vTNvLo5jzNV3,-26,8407,ңя ױ jarck.
00:14.39,1,PxgwFuviecnlVvFwVhEVkWYIxa2,-27,3165,ғяσैѕѕ
00:14.40,2,PxgwFuviecnlVvFwVhEVkWYIxa2,-27,324,Јғғ.- Trin.Law
00:14.43,3,PxgwFuviecnlVvFwVhEVkWYIxa2,-27,300,Tres « т³
00:14.43,4,PxgwFuviecnlVvFwVhEVkWYIxa2,-27,2901,qastef
00:14.51,5,PxgwFuviecnlVvFwVhEVkWYIxa2,-27,353,ғฟ๏.Drarker.Law
00:14.51,6,PxgwFuviecnlVvFwVhEVkWYIxa2,-27,1174,Нтм.Nad!
00:14.52,7,PxgwFuviecnlVvFwVhEVkWYIxa2,-27,542,ѕĸγ»МіǤ«ғฟ๏
00:14.53,8,PxgwFuviecnlVvFwVhEVkWYIxa2,-27,1078,FALCON
00:14.54,9,PxgwFuviecnlVvFwVhEVkWYIxa2,-27,101,Hèिést
00:14.54,10,PxgwFuviecnlVvFwVhEVkWYIxa2,-27,539,めeैlirium« ғѕт
00:15.01,1,d2o7q90JBah8uK_uWZ0uw_2byf6,-28,542,ѕĸγ»МіǤ«ғฟ๏
00:15.06,2,d2o7q90JBah8uK_uWZ0uw_2byf6,-28,101,Hèिést
00:15.09,3,d2o7q90JBah8uK_uWZ0uw_2byf6,-28,3704,redank
00:15.11,4,d2o7q90JBah8uK_uWZ0uw_2byf6,-28,2114,凹 faiby ?
00:15.11,5,d2o7q90JBah8uK_uWZ0uw_2byf6,-28,4183,ヅČƏβ/Ļӛ Ǧ工ĝăÑтĒ乌ҨǜҾSσĈίαL
00:15.12,6,d2o7q90JBah8uK_uWZ0uw_2byf6,-28,5274,VictorPro123
00:15.13,7,d2o7q90JBah8uK_uWZ0uw_2byf6,-28,450,ImminentOmelet58
00:15.16,8,d2o7q90JBah8uK_uWZ0uw_2byf6,-28,4354,「ιиғяα」
00:15.17,9,d2o7q90JBah8uK_uWZ0uw_2byf6,-28,3223,ŢȨҒᄽsyrx4ᄿ
00:15.17,10,d2o7q90JBah8uK_uWZ0uw_2byf6,-28,3955,Nem #jome
00:10.30,1,7IsErzrDaYr8thxrTY9r9tPLFI3,-29,608,a
00:15.73,2,7IsErzrDaYr8thxrTY9r9tPLFI3,-29,120,мѕι mo
00:16.74,3,7IsErzrDaYr8thxrTY9r9tPLFI3,-29,57,i
00:16.77,4,7IsErzrDaYr8thxrTY9r9tPLFI3,-29,4183,ヅČƏβ/Ļӛ Ǧ工ĝăÑтĒ乌ҨǜҾSσĈίαL
00:17.42,5,7IsErzrDaYr8thxrTY9r9tPLFI3,-29,5274,VictorPro123
00:17.75,6,7IsErzrDaYr8thxrTY9r9tPLFI3,-29,1396,Lemon :) ᄓ boosт³
00:17.82,7,7IsErzrDaYr8thxrTY9r9tPLFI3,-29,43,ѕκy²oumol_«_т³
00:18.75,8,7IsErzrDaYr8thxrTY9r9tPLFI3,-29,5696,CCC〢Lzaps
00:18.77,9,7IsErzrDaYr8thxrTY9r9tPLFI3,-29,1950,// fey « т³ //
00:18.89,10,7IsErzrDaYr8thxrTY9r9tPLFI3,-29,401,ғฟ๏.Wirtual
00:26.18,1,dHcK5J_3xOmvv27U1TPx71IZI32,-30,4183,ヅČƏβ/Ļӛ Ǧ工ĝăÑтĒ乌ҨǜҾSσĈίαL
00:27.27,2,dHcK5J_3xOmvv27U1TPx71IZI32,-30,2206,Luukasa123
00:35.80,3,dHcK5J_3xOmvv27U1TPx71IZI32,-30,120,мѕι mo
00:39.08,4,dHcK5J_3xOmvv27U1TPx71IZI32,-30,450,ImminentOmelet58
00:40.13,5,dHcK5J_3xOmvv27U1TPx71IZI32,-30,401,ғฟ๏.Wirtual
00:42.82,6,dHcK5J_3xOmvv27U1TPx71IZI32,-30,963,lane
00:46.03,7,dHcK5J_3xOmvv27U1TPx71IZI32,-30,300,Tres « т³
00:46.70,8,dHcK5J_3xOmvv27U1TPx71IZI32,-30,3704,redank
00:46.93,9,dHcK5J_3xOmvv27U1TPx71IZI32,-30,3474,๓ไ» βακεδ Δlαsκα « т³
00:51.50,10,dHcK5J_3xOmvv27U1TPx71IZI32,-30,43,ѕκy²oumol_«_т³
00:09.16,1,0P0lgquhSapeumrii6J0Bn0otnd,-31,1330,т๔н¬North!
00:09.23,2,0P0lgquhSapeumrii6J0Bn0otnd,-31,655,мѕι¬δαġ॓ġ॔.мםя
00:09.46,3,0P0lgquhSapeumrii6J0Bn0otnd,-31,280,flipping
00:09.46,4,0P0lgquhSapeumrii6J0Bn0otnd,-31,3704,redank
00:09.48,5,0P0lgquhSapeumrii6J0Bn0otnd,-31,1037,¬ ЈŁ〢ChoW «
00:09.50,6,0P0lgquhSapeumrii6J0Bn0otnd,-31,770,॰єосl|Ayॆnyx
00:09.51,7,0P0lgquhSapeumrii6J0Bn0otnd,-31,43,ѕκy²oumol_«_т³
00:09.55,8,0P0lgquhSapeumrii6J0Bn0otnd,-31,31,ғฟ๏.ins
00:09.58,9,0P0lgquhSapeumrii6J0Bn0otnd,-31,2504,ρσω«мя´ǥαω«т³
00:09.58,10,0P0lgquhSapeumrii6J0Bn0otnd,-31,2506,Rubbie
00:49.01,1,CSM0HD_9bDvmDHTuLAqvjRyE2e5,-32,336,»ғฟ๏« Ŀιиκ.* Law
00:49.72,2,CSM0HD_9bDvmDHTuLAqvjRyE2e5,-32,608,a
00:50.10,3,CSM0HD_9bDvmDHTuLAqvjRyE2e5,-32,4183,ヅČƏβ/Ļӛ Ǧ工ĝăÑтĒ乌ҨǜҾSσĈίαL
00:54.20,4,CSM0HD_9bDvmDHTuLAqvjRyE2e5,-32,6207,мэפаснолк
00:54.63,5,CSM0HD_9bDvmDHTuLAqvjRyE2e5,-32,101,Hèिést
00:55.12,6,CSM0HD_9bDvmDHTuLAqvjRyE2e5,-32,3704,redank
00:55.15,7,CSM0HD_9bDvmDHTuLAqvjRyE2e5,-32,139,ғฟ๏.dennis090
00:57.31,8,CSM0HD_9bDvmDHTuLAqvjRyE2e5,-32,390,wikos2
00:57.39,9,CSM0HD_9bDvmDHTuLAqvjRyE2e5,-32,43,ѕκy²oumol_«_т³
01:01.58,10,CSM0HD_9bDvmDHTuLAqvjRyE2e5,-32,178,DWN.skandear
00:32.59,1,TeR_uW_aRFWkJCFzZUZGPhEZWq,-33,336,»ғฟ๏« Ŀιиκ.* Law
00:33.33,2,TeR_uW_aRFWkJCFzZUZGPhEZWq,-33,542,ѕĸγ»МіǤ«ғฟ๏
00:33.35,3,TeR_uW_aRFWkJCFzZUZGPhEZWq,-33,178,DWN.skandear
00:33.61,4,TeR_uW_aRFWkJCFzZUZGPhEZWq,-33,512,nexos
00:33.62,5,TeR_uW_aRFWkJCFzZUZGPhEZWq,-33,45,сав tekky.
00:34.12,6,TeR_uW_aRFWkJCFzZUZGPhEZWq,-33,5274,VictorPro123
00:34.20,7,TeR_uW_aRFWkJCFzZUZGPhEZWq,-33,970,miau
00:34.21,8,TeR_uW_aRFWkJCFzZUZGPhEZWq,-33,4183,ヅČƏβ/Ļӛ Ǧ工ĝăÑтĒ乌ҨǜҾSσĈίαL
00:34.22,9,TeR_uW_aRFWkJCFzZUZGPhEZWq,-33,40,єосױנ๏κεг〆
00:34.29,10,TeR_uW_aRFWkJCFzZUZGPhEZWq,-33,101,Hèिést
00:08.04,1,3rSOTZWphyoPZ4fnJ59VGyatuD2,-34,7,LeG〢ЈонаĿѕѕ »ғฟ๏«
00:08.04,2,3rSOTZWphyoPZ4fnJ59VGyatuD2,-34,542,ѕĸγ»МіǤ«ғฟ๏
00:08.05,3,3rSOTZWphyoPZ4fnJ59VGyatuD2,-34,8322,~़Vוטה ๋:>
00:08.06,4,3rSOTZWphyoPZ4fnJ59VGyatuD2,-34,336,»ғฟ๏« Ŀιиκ.* Law
00:08.08,5,3rSOTZWphyoPZ4fnJ59VGyatuD2,-34,3215,syz « т³
00:08.10,6,3rSOTZWphyoPZ4fnJ59VGyatuD2,-34,943,ehkla.
00:08.10,7,3rSOTZWphyoPZ4fnJ59VGyatuD2,-34,552,Fmc
00:08.11,8,3rSOTZWphyoPZ4fnJ59VGyatuD2,-34,620,Spam
00:08.11,9,3rSOTZWphyoPZ4fnJ59VGyatuD2,-34,608,a
00:08.12,10,3rSOTZWphyoPZ4fnJ59VGyatuD2,-34,2114,凹 faiby ?
00:24.58,1,MlyMUuhmlTSoCUb2NVOgnu72an,-35,3704,redank
00:25.00,2,MlyMUuhmlTSoCUb2NVOgnu72an,-35,608,a
00:25.10,3,MlyMUuhmlTSoCUb2NVOgnu72an,-35,1042,×saiphyy×
00:25.27,4,MlyMUuhmlTSoCUb2NVOgnu72an,-35,101,Hèिést
00:25.28,5,MlyMUuhmlTSoCUb2NVOgnu72an,-35,31,ғฟ๏.ins
00:25.50,6,MlyMUuhmlTSoCUb2NVOgnu72an,-35,4183,ヅČƏβ/Ļӛ Ǧ工ĝăÑтĒ乌ҨǜҾSσĈίαL
00:25.77,7,MlyMUuhmlTSoCUb2NVOgnu72an,-35,45,сав tekky.
00:25.92,8,MlyMUuhmlTSoCUb2NVOgnu72an,-35,1977," ғฟ๏, LeG | Plast"
00:25.94,9,MlyMUuhmlTSoCUb2NVOgnu72an,-35,863,ηЬ » Gyrule_ « т³
00:26.38,10,MlyMUuhmlTSoCUb2NVOgnu72an,-35,1174,Нтм.Nad!
00:17.70,1,tZ6RItQuPe_i6oHljLK9mxEM2Ak,-36,336,»ғฟ๏« Ŀιиκ.* Law
00:17.85,2,tZ6RItQuPe_i6oHljLK9mxEM2Ak,-36,542,ѕĸγ»МіǤ«ғฟ๏
00:17.95,3,tZ6RItQuPe_i6oHljLK9mxEM2Ak,-36,450,ImminentOmelet58
00:18.02,4,tZ6RItQuPe_i6oHljLK9mxEM2Ak,-36,3704,redank
00:18.07,5,tZ6RItQuPe_i6oHljLK9mxEM2Ak,-36,987,Law¬rowy
00:18.12,6,tZ6RItQuPe_i6oHljLK9mxEM2Ak,-36,2187,zetos.
00:18.14,7,tZ6RItQuPe_i6oHljLK9mxEM2Ak,-36,4183,ヅČƏβ/Ļӛ Ǧ工ĝăÑтĒ乌ҨǜҾSσĈίαL
00:18.15,8,tZ6RItQuPe_i6oHljLK9mxEM2Ak,-36,2206,Luukasa123
00:18.15,9,tZ6RItQuPe_i6oHljLK9mxEM2Ak,-36,1174,Нтм.Nad!
00:18.17,10,tZ6RItQuPe_i6oHljLK9mxEM2Ak,-36,401,ғฟ๏.Wirtual
00:21.95,1,oVOcKZ4hMEbqIhf_caFK66Zj6Rd,-37,3165,ғяσैѕѕ
00:22.38,2,oVOcKZ4hMEbqIhf_caFK66Zj6Rd,-37,450,ImminentOmelet58
00:23.04,3,oVOcKZ4hMEbqIhf_caFK66Zj6Rd,-37,1396,Lemon :) ᄓ boosт³
00:23.66,4,oVOcKZ4hMEbqIhf_caFK66Zj6Rd,-37,93,ғฟ๏〢alexx. infector
00:29.41,5,oVOcKZ4hMEbqIhf_caFK66Zj6Rd,-37,3219,๓ไƒ¡ll¡pp_
00:30.93,6,oVOcKZ4hMEbqIhf_caFK66Zj6Rd,-37,7185,HELM | NorTax
00:31.31,7,oVOcKZ4hMEbqIhf_caFK66Zj6Rd,-37,4183,ヅČƏβ/Ļӛ Ǧ工ĝăÑтĒ乌ҨǜҾSσĈίαL
00:32.09,8,oVOcKZ4hMEbqIhf_caFK66Zj6Rd,-37,336,»ғฟ๏« Ŀιиκ.* Law
00:32.14,9,oVOcKZ4hMEbqIhf_caFK66Zj6Rd,-37,3704,redank
00:34.72,10,oVOcKZ4hMEbqIhf_caFK66Zj6Rd,-37,399,Nawk 〆oach
00:07.99,1,jVhjyt4BMhoqCgywePsVL2Vugn3,-38,542,ѕĸγ»МіǤ«ғฟ๏
00:08.00,2,jVhjyt4BMhoqCgywePsVL2Vugn3,-38,4183,ヅČƏβ/Ļӛ Ǧ工ĝăÑтĒ乌ҨǜҾSσĈίαL
00:08.01,3,jVhjyt4BMhoqCgywePsVL2Vugn3,-38,450,ImminentOmelet58
00:08.01,4,jVhjyt4BMhoqCgywePsVL2Vugn3,-38,552,Fmc
00:08.02,5,jVhjyt4BMhoqCgywePsVL2Vugn3,-38,1977," ғฟ๏, LeG | Plast"
00:08.05,6,jVhjyt4BMhoqCgywePsVL2Vugn3,-38,3704,redank
00:08.05,7,jVhjyt4BMhoqCgywePsVL2Vugn3,-38,1027,הѕс¬  bolleッ
00:08.05,8,jVhjyt4BMhoqCgywePsVL2Vugn3,-38,1324,reasᄓnn
00:08.05,9,jVhjyt4BMhoqCgywePsVL2Vugn3,-38,1174,Нтм.Nad!
00:08.06,10,jVhjyt4BMhoqCgywePsVL2Vugn3,-38,1556,mab
00:27.16,1,I0UrDj5gJW6zMwof2IqCgQmi79e,-39,93,ғฟ๏〢alexx. infector
00:27.79,2,I0UrDj5gJW6zMwof2IqCgQmi79e,-39,390,wikos2
00:28.52,3,I0UrDj5gJW6zMwof2IqCgQmi79e,-39,1798,byoš
00:28.93,4,I0UrDj5gJW6zMwof2IqCgQmi79e,-39,1174,Нтм.Nad!
00:29.06,5,I0UrDj5gJW6zMwof2IqCgQmi79e,-39,433,Ŀĸя ¬ Buch
00:29.08,6,I0UrDj5gJW6zMwof2IqCgQmi79e,-39,450,ImminentOmelet58
00:29.09,7,I0UrDj5gJW6zMwof2IqCgQmi79e,-39,436,helvete
00:29.09,8,I0UrDj5gJW6zMwof2IqCgQmi79e,-39,4252,िα๓² ayeewake ๓ไ
00:29.10,9,I0UrDj5gJW6zMwof2IqCgQmi79e,-39,2514,shen
00:29.19,10,I0UrDj5gJW6zMwof2IqCgQmi79e,-39,512,nexos
00:13.20,1,f3118ryXTHQOGO88aJ7OkDrxcuc,-40,3985,ңя ױ cam
00:13.26,2,f3118ryXTHQOGO88aJ7OkDrxcuc,-40,542,ѕĸγ»МіǤ«ғฟ๏
00:13.26,3,f3118ryXTHQOGO88aJ7OkDrxcuc,-40,7123,¿Μаחחмιτһаυѕ!ツ
00:13.29,4,f3118ryXTHQOGO88aJ7OkDrxcuc,-40,5018,ιģησяєвσ
00:13.36,5,f3118ryXTHQOGO88aJ7OkDrxcuc,-40,121,fwo |meh
00:13.36,6,f3118ryXTHQOGO88aJ7OkDrxcuc,-40,4183,ヅČƏβ/Ļӛ Ǧ工ĝăÑтĒ乌ҨǜҾSσĈίαL
00:13.37,7,f3118ryXTHQOGO88aJ7OkDrxcuc,-40,2206,Luukasa123
00:13.37,8,f3118ryXTHQOGO88aJ7OkDrxcuc,-40,315,ĊĦ Eror Ŀĸя
00:13.38,9,f3118ryXTHQOGO88aJ7OkDrxcuc,-40,31,ғฟ๏.ins
00:13.38,10,f3118ryXTHQOGO88aJ7OkDrxcuc,-40,353,ғฟ๏.Drarker.Law
00:34.59,1,ugvZqBAgfcWvUAE96_O_55K4hL6,-41,503,reden°ॆ८॒°ॅneon
00:36.03,2,ugvZqBAgfcWvUAE96_O_55K4hL6,-41,608,a
00:36.76,3,ugvZqBAgfcWvUAE96_O_55K4hL6,-41,4183,ヅČƏβ/Ļӛ Ǧ工ĝăÑтĒ乌ҨǜҾSσĈίαL
00:37.14,4,ugvZqBAgfcWvUAE96_O_55K4hL6,-41,835,Ŀĸя ¬Dvorky* ॢ
00:37.16,5,ugvZqBAgfcWvUAE96_O_55K4hL6,-41,139,ғฟ๏.dennis090
00:37.16,6,ugvZqBAgfcWvUAE96_O_55K4hL6,-41,390,wikos2
00:37.63,7,ugvZqBAgfcWvUAE96_O_55K4hL6,-41,2011,ि७
00:37.95,8,ugvZqBAgfcWvUAE96_O_55K4hL6,-41,401,ғฟ๏.Wirtual
00:38.10,9,ugvZqBAgfcWvUAE96_O_55K4hL6,-41,542,ѕĸγ»МіǤ«ғฟ๏
00:38.13,10,ugvZqBAgfcWvUAE96_O_55K4hL6,-41,450,ImminentOmelet58
00:07.13,1,U3juWs8PQ9jhj3ohiOg6CMZL354,-42,608,a
00:07.14,2,U3juWs8PQ9jhj3ohiOg6CMZL354,-42,542,ѕĸγ»МіǤ«ғฟ๏
00:07.16,3,U3juWs8PQ9jhj3ohiOg6CMZL354,-42,450,ImminentOmelet58
00:07.22,4,U3juWs8PQ9jhj3ohiOg6CMZL354,-42,4183,ヅČƏβ/Ļӛ Ǧ工ĝăÑтĒ乌ҨǜҾSσĈίαL
00:07.23,5,U3juWs8PQ9jhj3ohiOg6CMZL354,-42,1727,buzzy.
00:07.34,6,U3juWs8PQ9jhj3ohiOg6CMZL354,-42,1843,l|I ce|y获n|to I|l
00:07.38,7,U3juWs8PQ9jhj3ohiOg6CMZL354,-42,3505,bobo ᄓ boost
00:07.44,8,U3juWs8PQ9jhj3ohiOg6CMZL354,-42,620,Spam
00:07.44,9,U3juWs8PQ9jhj3ohiOg6CMZL354,-42,655,мѕι¬δαġ॓ġ॔.мםя
00:07.46,10,U3juWs8PQ9jhj3ohiOg6CMZL354,-42,835,Ŀĸя ¬Dvorky* ॢ
00:35.56,1,IwY54HZoYQPjxF3BPt0REu5M485,-43,608,a
00:35.76,2,IwY54HZoYQPjxF3BPt0REu5M485,-43,336,»ғฟ๏« Ŀιиκ.* Law
00:36.08,3,IwY54HZoYQPjxF3BPt0REu5M485,-43,101,Hèिést
00:37.81,4,IwY54HZoYQPjxF3BPt0REu5M485,-43,4183,ヅČƏβ/Ļӛ Ǧ工ĝăÑтĒ乌ҨǜҾSσĈίαL
00:38.25,5,IwY54HZoYQPjxF3BPt0REu5M485,-43,5706,Lilliana <3
00:39.16,6,IwY54HZoYQPjxF3BPt0REu5M485,-43,3955,Nem #jome
00:39.70,7,IwY54HZoYQPjxF3BPt0REu5M485,-43,181,ғฟ๏.Logic'
00:39.74,8,IwY54HZoYQPjxF3BPt0REu5M485,-43,745,my queen greta
00:39.83,9,IwY54HZoYQPjxF3BPt0REu5M485,-43,5696,CCC〢Lzaps
00:40.02,10,IwY54HZoYQPjxF3BPt0REu5M485,-43,450,ImminentOmelet58
00:40.92,1,yt9jWlaxwqADbI_CrFWExnzdoec,-44,2904,NoPro»Skyer03
00:46.26,2,yt9jWlaxwqADbI_CrFWExnzdoec,-44,181,ғฟ๏.Logic'
00:48.91,3,yt9jWlaxwqADbI_CrFWExnzdoec,-44,2894,michalo
00:55.89,4,yt9jWlaxwqADbI_CrFWExnzdoec,-44,4183,ヅČƏβ/Ļӛ Ǧ工ĝăÑтĒ乌ҨǜҾSσĈίαL
00:58.69,5,yt9jWlaxwqADbI_CrFWExnzdoec,-44,57,i
01:02.60,6,yt9jWlaxwqADbI_CrFWExnzdoec,-44,2448,nonick
01:05.84,7,yt9jWlaxwqADbI_CrFWExnzdoec,-44,101,Hèिést
01:08.55,8,yt9jWlaxwqADbI_CrFWExnzdoec,-44,3704,redank
01:10.01,9,yt9jWlaxwqADbI_CrFWExnzdoec,-44,542,ѕĸγ»МіǤ«ғฟ๏
01:12.53,10,yt9jWlaxwqADbI_CrFWExnzdoec,-44,45,сав tekky.
00:08.37,1,TrrIRMhYQ2hHKcZIqafInPbNEZd,-45,4839,Law*Trick.шгн
00:08.38,2,TrrIRMhYQ2hHKcZIqafInPbNEZd,-45,101,Hèिést
00:08.38,3,TrrIRMhYQ2hHKcZIqafInPbNEZd,-45,336,»ғฟ๏« Ŀιиκ.* Law
00:08.42,4,TrrIRMhYQ2hHKcZIqafInPbNEZd,-45,399,Nawk 〆oach
00:08.43,5,TrrIRMhYQ2hHKcZIqafInPbNEZd,-45,542,ѕĸγ»МіǤ«ғฟ๏
00:08.43,6,TrrIRMhYQ2hHKcZIqafInPbNEZd,-45,4183,ヅČƏβ/Ļӛ Ǧ工ĝăÑтĒ乌ҨǜҾSσĈίαL
00:08.43,7,TrrIRMhYQ2hHKcZIqafInPbNEZd,-45,1078,FALCON
00:08.44,8,TrrIRMhYQ2hHKcZIqafInPbNEZd,-45,2919,r4' « т³
00:08.46,9,TrrIRMhYQ2hHKcZIqafInPbNEZd,-45,353,ғฟ๏.Drarker.Law
00:08.46,10,TrrIRMhYQ2hHKcZIqafInPbNEZd,-45,540,Nordavind DNB | riolu!
00:14.97,1,ji1KiktC0NpoQ8H0Vog16bajzJm,-46,3515,ants
00:15.01,2,ji1KiktC0NpoQ8H0Vog16bajzJm,-46,139,ғฟ๏.dennis090
00:15.06,3,ji1KiktC0NpoQ8H0Vog16bajzJm,-46,28,ѕκγ | IuSkA
00:15.12,4,ji1KiktC0NpoQ8H0Vog16bajzJm,-46,433,Ŀĸя ¬ Buch
00:15.20,5,ji1KiktC0NpoQ8H0Vog16bajzJm,-46,863,ηЬ » Gyrule_ « т³
00:15.21,6,ji1KiktC0NpoQ8H0Vog16bajzJm,-46,2206,Luukasa123
00:15.23,7,ji1KiktC0NpoQ8H0Vog16bajzJm,-46,2236,Evozer
00:15.25,8,ji1KiktC0NpoQ8H0Vog16bajzJm,-46,1683,Eltev_X
00:15.26,9,ji1KiktC0NpoQ8H0Vog16bajzJm,-46,2901,qastef
00:15.27,10,ji1KiktC0NpoQ8H0Vog16bajzJm,-46,984,мѕι Sonix « т³ 
00:13.33,1,QHAe1m5_wIWVhGnlbmvsBVzM0Ji,-47,93,ғฟ๏〢alexx. infector
00:14.29,2,QHAe1m5_wIWVhGnlbmvsBVzM0Ji,-47,978,Terminator
00:15.05,3,QHAe1m5_wIWVhGnlbmvsBVzM0Ji,-47,2011,ि७
00:15.24,4,QHAe1m5_wIWVhGnlbmvsBVzM0Ji,-47,178,DWN.skandear
00:15.42,5,QHAe1m5_wIWVhGnlbmvsBVzM0Ji,-47,889,Ғαмоυѕ.Poufi॰сав
00:15.45,6,QHAe1m5_wIWVhGnlbmvsBVzM0Ji,-47,43,ѕκy²oumol_«_т³
00:15.45,7,QHAe1m5_wIWVhGnlbmvsBVzM0Ji,-47,282,¬  Šĸуяџŋŋ ッ «
00:15.50,8,QHAe1m5_wIWVhGnlbmvsBVzM0Ji,-47,542,ѕĸγ»МіǤ«ғฟ๏
00:15.50,9,QHAe1m5_wIWVhGnlbmvsBVzM0Ji,-47,8703,violynos
00:15.57,10,QHAe1m5_wIWVhGnlbmvsBVzM0Ji,-47,450,ImminentOmelet58
00:12.03,1,dj_6TQV9rhyUtuVMMfewKTK_xnc,-48,542,ѕĸγ»МіǤ«ғฟ๏
00:12.06,2,dj_6TQV9rhyUtuVMMfewKTK_xnc,-48,1977," ғฟ๏, LeG | Plast"
00:12.09,3,dj_6TQV9rhyUtuVMMfewKTK_xnc,-48,5,nixion
00:12.11,4,dj_6TQV9rhyUtuVMMfewKTK_xnc,-48,512,nexos
00:12.25,5,dj_6TQV9rhyUtuVMMfewKTK_xnc,-48,98,κondemot
00:12.49,6,dj_6TQV9rhyUtuVMMfewKTK_xnc,-48,4183,ヅČƏβ/Ļӛ Ǧ工ĝăÑтĒ乌ҨǜҾSσĈίαL
00:12.53,7,dj_6TQV9rhyUtuVMMfewKTK_xnc,-48,83,»єос.СΙем.сав
00:12.55,8,dj_6TQV9rhyUtuVMMfewKTK_xnc,-48,52,הѕс ¬ kidcasi
00:12.55,9,dj_6TQV9rhyUtuVMMfewKTK_xnc,-48,181,ғฟ๏.Logic'
00:12.57,10,dj_6TQV9rhyUtuVMMfewKTK_xnc,-48,101,Hèिést
02:32.57,1,88R74qm0T6oeCMQNMDfhmNtGcy6,-49,2549,Ісегॆॅ็
02:34.55,2,88R74qm0T6oeCMQNMDfhmNtGcy6,-49,1174,Нтм.Nad!
02:36.43,3,88R74qm0T6oeCMQNMDfhmNtGcy6,-49,1396,Lemon :) ᄓ boosт³
02:39.35,4,88R74qm0T6oeCMQNMDfhmNtGcy6,-49,450,ImminentOmelet58
02:40.70,5,88R74qm0T6oeCMQNMDfhmNtGcy6,-49,336,»ғฟ๏« Ŀιиκ.* Law
02:46.42,6,88R74qm0T6oeCMQNMDfhmNtGcy6,-49,4183,ヅČƏβ/Ļӛ Ǧ工ĝăÑтĒ乌ҨǜҾSσĈίαL
02:47.12,7,88R74qm0T6oeCMQNMDfhmNtGcy6,-49,390,wikos2
02:47.54,8,88R74qm0T6oeCMQNMDfhmNtGcy6,-49,2011,ि७
02:47.70,9,88R74qm0T6oeCMQNMDfhmNtGcy6,-49,542,ѕĸγ»МіǤ«ғฟ๏
02:48.18,10,88R74qm0T6oeCMQNMDfhmNtGcy6,-49,686,〩Sε๓¡Ґや
00:10.70,1,XiJw5J5zWlCy_5V8oX3sHb026Cg,-50,4183,ヅČƏβ/Ļӛ Ǧ工ĝăÑтĒ乌ҨǜҾSσĈίαL
00:10.96,2,XiJw5J5zWlCy_5V8oX3sHb026Cg,-50,542,ѕĸγ»МіǤ«ғฟ๏
00:11.04,3,XiJw5J5zWlCy_5V8oX3sHb026Cg,-50,159,LeG〢ςīмī
00:11.04,4,XiJw5J5zWlCy_5V8oX3sHb026Cg,-50,552,Fmc
00:11.11,5,XiJw5J5zWlCy_5V8oX3sHb026Cg,-50,608,a
00:11.19,6,XiJw5J5zWlCy_5V8oX3sHb026Cg,-50,24,¬l२eैahx« т³
00:11.20,7,XiJw5J5zWlCy_5V8oX3sHb026Cg,-50,2509,Clefde12
00:11.26,8,XiJw5J5zWlCy_5V8oX3sHb026Cg,-50,7,LeG〢ЈонаĿѕѕ »ғฟ๏«
00:11.27,9,XiJw5J5zWlCy_5V8oX3sHb026Cg,-50,390,wikos2
00:11.40,10,XiJw5J5zWlCy_5V8oX3sHb026Cg,-50,401,ғฟ๏.Wirtual
00:11.46,1,hCZhFfJTdKN_XzHuOc6CL01KGT6,-51,3219,๓ไƒ¡ll¡pp_
00:44.50,2,hCZhFfJTdKN_XzHuOc6CL01KGT6,-51,608,a
00:44.55,3,hCZhFfJTdKN_XzHuOc6CL01KGT6,-51,1727,buzzy.
00:44.96,4,hCZhFfJTdKN_XzHuOc6CL01KGT6,-51,336,»ғฟ๏« Ŀιиκ.* Law
00:45.00,5,hCZhFfJTdKN_XzHuOc6CL01KGT6,-51,1001,ЈŁ SÞlîŋt
00:45.13,6,hCZhFfJTdKN_XzHuOc6CL01KGT6,-51,5274,VictorPro123
00:45.17,7,hCZhFfJTdKN_XzHuOc6CL01KGT6,-51,4183,ヅČƏβ/Ļӛ Ǧ工ĝăÑтĒ乌ҨǜҾSσĈίαL
00:45.19,8,hCZhFfJTdKN_XzHuOc6CL01KGT6,-51,3505,bobo ᄓ boost
00:45.28,9,hCZhFfJTdKN_XzHuOc6CL01KGT6,-51,1396,Lemon :) ᄓ boosт³
00:45.29,10,hCZhFfJTdKN_XzHuOc6CL01KGT6,-51,31,ғฟ๏.ins
00:08.53,1,xDby1bfEn0FbEnuO3K5WRThrBpg,-52,943,ehkla.
00:08.54,2,xDby1bfEn0FbEnuO3K5WRThrBpg,-52,849,iklu
00:08.60,3,xDby1bfEn0FbEnuO3K5WRThrBpg,-52,3704,redank
00:08.61,4,xDby1bfEn0FbEnuO3K5WRThrBpg,-52,1042,×saiphyy×
00:08.62,5,xDby1bfEn0FbEnuO3K5WRThrBpg,-52,1727,buzzy.
00:08.63,6,xDby1bfEn0FbEnuO3K5WRThrBpg,-52,433,Ŀĸя ¬ Buch
00:08.66,7,xDby1bfEn0FbEnuO3K5WRThrBpg,-52,5696,CCC〢Lzaps
00:08.70,8,xDby1bfEn0FbEnuO3K5WRThrBpg,-52,1078,FALCON
00:08.73,9,xDby1bfEn0FbEnuO3K5WRThrBpg,-52,2574,мѕι » Morale
00:08.75,10,xDby1bfEn0FbEnuO3K5WRThrBpg,-52,6080,яτх¬ŋρя.ЈΛŦ
00:36.92,1,IboHGG7kGs0AjUYKmV0sVVmcTM0,-53,336,»ғฟ๏« Ŀιиκ.* Law
00:40.23,2,IboHGG7kGs0AjUYKmV0sVVmcTM0,-53,5463,pastagrows
00:40.68,3,IboHGG7kGs0AjUYKmV0sVVmcTM0,-53,1324,reasᄓnn
00:40.86,4,IboHGG7kGs0AjUYKmV0sVVmcTM0,-53,1727,buzzy.
00:42.43,5,IboHGG7kGs0AjUYKmV0sVVmcTM0,-53,2826,KŘOĄTĘ¬Thicc〢ѕІоώ»ЈŁ
00:42.78,6,IboHGG7kGs0AjUYKmV0sVVmcTM0,-53,1396,Lemon :) ᄓ boosт³
00:44.96,7,IboHGG7kGs0AjUYKmV0sVVmcTM0,-53,608,a
00:45.08,8,IboHGG7kGs0AjUYKmV0sVVmcTM0,-53,2243,sauucey
00:45.59,9,IboHGG7kGs0AjUYKmV0sVVmcTM0,-53,1119,Meneme
00:45.86,10,IboHGG7kGs0AjUYKmV0sVVmcTM0,-53,975,ѕκγ. flex
00:11.48,1,KauI92uaAghr0MIP2CeMWiuFxl2,-54,3225,Silliツ
00:11.49,2,KauI92uaAghr0MIP2CeMWiuFxl2,-54,811,Gawr Gura
00:11.50,3,KauI92uaAghr0MIP2CeMWiuFxl2,-54,3704,redank
00:11.50,4,KauI92uaAghr0MIP2CeMWiuFxl2,-54,6990,sticky balls
00:11.52,5,KauI92uaAghr0MIP2CeMWiuFxl2,-54,1520,old¹ Opreddo
00:11.52,6,KauI92uaAghr0MIP2CeMWiuFxl2,-54,2904,NoPro»Skyer03
00:11.55,7,KauI92uaAghr0MIP2CeMWiuFxl2,-54,1174,Нтм.Nad!
00:11.56,8,KauI92uaAghr0MIP2CeMWiuFxl2,-54,101,Hèिést
00:11.56,9,KauI92uaAghr0MIP2CeMWiuFxl2,-54,1727,buzzy.
00:11.58,10,KauI92uaAghr0MIP2CeMWiuFxl2,-54,178,DWN.skandear
00:17.56,1,3AfxFE4H6WQ6xTaOPHoIPLKWzAc,-55,4183,ヅČƏβ/Ļӛ Ǧ工ĝăÑтĒ乌ҨǜҾSσĈίαL
00:17.67,2,3AfxFE4H6WQ6xTaOPHoIPLKWzAc,-55,2249,KURĐE¬Assa〢ғаѕт»ЈŁ
00:17.84,3,3AfxFE4H6WQ6xTaOPHoIPLKWzAc,-55,4252,िα๓² ayeewake ๓ไ
00:17.84,4,3AfxFE4H6WQ6xTaOPHoIPLKWzAc,-55,608,a
00:17.87,5,3AfxFE4H6WQ6xTaOPHoIPLKWzAc,-55,1071,Wakkoe
00:17.87,6,3AfxFE4H6WQ6xTaOPHoIPLKWzAc,-55,542,ѕĸγ»МіǤ«ғฟ๏
00:17.88,7,3AfxFE4H6WQ6xTaOPHoIPLKWzAc,-55,3704,redank
00:17.92,8,3AfxFE4H6WQ6xTaOPHoIPLKWzAc,-55,2188,Sileenz
00:17.93,9,3AfxFE4H6WQ6xTaOPHoIPLKWzAc,-55,2826,KŘOĄTĘ¬Thicc〢ѕІоώ»ЈŁ
00:17.96,10,3AfxFE4H6WQ6xTaOPHoIPLKWzAc,-55,695,ѕωα〤Λѕѕ т³
00:15.82,1,lYFwn9ZkNWRYrKbwtU_6br6mFo9,-56,542,ѕĸγ»МіǤ«ғฟ๏
00:15.90,2,lYFwn9ZkNWRYrKbwtU_6br6mFo9,-56,1174,Нтм.Nad!
00:16.15,3,lYFwn9ZkNWRYrKbwtU_6br6mFo9,-56,608,a
00:16.20,4,lYFwn9ZkNWRYrKbwtU_6br6mFo9,-56,1727,buzzy.
00:16.28,5,lYFwn9ZkNWRYrKbwtU_6br6mFo9,-56,4183,ヅČƏβ/Ļӛ Ǧ工ĝăÑтĒ乌ҨǜҾSσĈίαL
00:16.30,6,lYFwn9ZkNWRYrKbwtU_6br6mFo9,-56,3704,redank
00:16.52,7,lYFwn9ZkNWRYrKbwtU_6br6mFo9,-56,101,Hèिést
00:16.66,8,lYFwn9ZkNWRYrKbwtU_6br6mFo9,-56,2873,웃laser웃
00:17.40,9,lYFwn9ZkNWRYrKbwtU_6br6mFo9,-56,120,мѕι mo
00:17.43,10,lYFwn9ZkNWRYrKbwtU_6br6mFo9,-56,1788,Samurai
00:55.95,1,BVTQ6O_D3dtlOB9rbWY2glApgK3,-57,4183,ヅČƏβ/Ļӛ Ǧ工ĝăÑтĒ乌ҨǜҾSσĈίαL
00:56.77,2,BVTQ6O_D3dtlOB9rbWY2glApgK3,-57,120,мѕι mo
00:56.84,3,BVTQ6O_D3dtlOB9rbWY2glApgK3,-57,3704,redank
00:57.13,4,BVTQ6O_D3dtlOB9rbWY2glApgK3,-57,336,»ғฟ๏« Ŀιиκ.* Law
00:58.94,5,BVTQ6O_D3dtlOB9rbWY2glApgK3,-57,4082,iiHugo « т³
00:58.94,6,BVTQ6O_D3dtlOB9rbWY2glApgK3,-57,2114,凹 faiby ?
00:59.38,7,BVTQ6O_D3dtlOB9rbWY2glApgK3,-57,2873,웃laser웃
00:59.40,8,BVTQ6O_D3dtlOB9rbWY2glApgK3,-57,1042,×saiphyy×
00:59.68,9,BVTQ6O_D3dtlOB9rbWY2glApgK3,-57,101,Hèिést
00:59.93,10,BVTQ6O_D3dtlOB9rbWY2glApgK3,-57,1977," ғฟ๏, LeG | Plast"
00:15.29,1,cH7BxeFYHgOKzsWXPhCcKRBTgoe,-58,5463,pastagrows
00:16.36,2,cH7BxeFYHgOKzsWXPhCcKRBTgoe,-58,4183,ヅČƏβ/Ļӛ Ǧ工ĝăÑтĒ乌ҨǜҾSσĈίαL
00:16.75,3,cH7BxeFYHgOKzsWXPhCcKRBTgoe,-58,2826,KŘOĄTĘ¬Thicc〢ѕІоώ»ЈŁ
00:16.83,4,cH7BxeFYHgOKzsWXPhCcKRBTgoe,-58,2206,Luukasa123
00:17.05,5,cH7BxeFYHgOKzsWXPhCcKRBTgoe,-58,1324,reasᄓnn
00:17.29,6,cH7BxeFYHgOKzsWXPhCcKRBTgoe,-58,542,ѕĸγ»МіǤ«ғฟ๏
00:17.30,7,cH7BxeFYHgOKzsWXPhCcKRBTgoe,-58,487,bPlayैērシmsi
00:17.37,8,cH7BxeFYHgOKzsWXPhCcKRBTgoe,-58,1878,Bambon
00:17.44,9,cH7BxeFYHgOKzsWXPhCcKRBTgoe,-58,3704,redank
00:18.28,10,cH7BxeFYHgOKzsWXPhCcKRBTgoe,-58,1037,¬ ЈŁ〢ChoW «
00:21.73,1,uWwpWaGtp7zb0zepl70RUPFNynf,-59,18,ѕκγ | Ζοםωιи
00:22.01,2,uWwpWaGtp7zb0zepl70RUPFNynf,-59,608,a
00:22.02,3,uWwpWaGtp7zb0zepl70RUPFNynf,-59,3474,๓ไ» βακεδ Δlαsκα « т³
00:22.09,4,uWwpWaGtp7zb0zepl70RUPFNynf,-59,1727,buzzy.
00:22.53,5,uWwpWaGtp7zb0zepl70RUPFNynf,-59,45,сав tekky.
00:22.60,6,uWwpWaGtp7zb0zepl70RUPFNynf,-59,336,»ғฟ๏« Ŀιиκ.* Law
00:22.74,7,uWwpWaGtp7zb0zepl70RUPFNynf,-59,3704,redank
00:22.75,8,uWwpWaGtp7zb0zepl70RUPFNynf,-59,31,ғฟ๏.ins
00:22.77,9,uWwpWaGtp7zb0zepl70RUPFNynf,-59,542,ѕĸγ»МіǤ«ғฟ๏
00:22.79,10,uWwpWaGtp7zb0zepl70RUPFNynf,-59,2514,shen
00:10.75,1,IFchPa_LF4fIb_upZk1XoLf6dMm,-60,2206,Luukasa123
00:10.88,2,IFchPa_LF4fIb_upZk1XoLf6dMm,-60,4183,ヅČƏβ/Ļӛ Ǧ工ĝăÑтĒ乌ҨǜҾSσĈίαL
00:10.94,3,IFchPa_LF4fIb_upZk1XoLf6dMm,-60,1561,ztafe
00:10.95,4,IFchPa_LF4fIb_upZk1XoLf6dMm,-60,725,solidtrees
00:10.97,5,IFchPa_LF4fIb_upZk1XoLf6dMm,-60,1798,byoš
00:10.99,6,IFchPa_LF4fIb_upZk1XoLf6dMm,-60,433,Ŀĸя ¬ Buch
00:10.99,7,IFchPa_LF4fIb_upZk1XoLf6dMm,-60,1727,buzzy.
00:10.99,8,IFchPa_LF4fIb_upZk1XoLf6dMm,-60,3704,redank
00:11.04,9,IFchPa_LF4fIb_upZk1XoLf6dMm,-60,542,ѕĸγ»МіǤ«ғฟ๏
00:11.05,10,IFchPa_LF4fIb_upZk1XoLf6dMm,-60,93,ғฟ๏〢alexx. infector
00:09.06,1,xVXQFKDlv1tIfL5sfpxEFb0EbQi,-61,120,мѕι mo
00:09.22,2,xVXQFKDlv1tIfL5sfpxEFb0EbQi,-61,608,a
00:09.35,3,xVXQFKDlv1tIfL5sfpxEFb0EbQi,-61,101,Hèिést
00:09.36,4,xVXQFKDlv1tIfL5sfpxEFb0EbQi,-61,975,ѕκγ. flex
00:09.40,5,xVXQFKDlv1tIfL5sfpxEFb0EbQi,-61,2114,凹 faiby ?
00:09.50,6,xVXQFKDlv1tIfL5sfpxEFb0EbQi,-61,3955,Nem #jome
00:09.53,7,xVXQFKDlv1tIfL5sfpxEFb0EbQi,-61,542,ѕĸγ»МіǤ«ғฟ๏
00:09.65,8,xVXQFKDlv1tIfL5sfpxEFb0EbQi,-61,1320,мѕι UrangWu-tang
00:09.69,9,xVXQFKDlv1tIfL5sfpxEFb0EbQi,-61,300,Tres « т³
00:09.76,10,xVXQFKDlv1tIfL5sfpxEFb0EbQi,-61,796,Eri
00:25.81,1,0pQsShUQOK8kxZg4AgCz4UU1Cl6,-62,3704,redank
00:26.02,2,0pQsShUQOK8kxZg4AgCz4UU1Cl6,-62,2011,ि७
00:26.43,3,0pQsShUQOK8kxZg4AgCz4UU1Cl6,-62,4183,ヅČƏβ/Ļӛ Ǧ工ĝăÑтĒ乌ҨǜҾSσĈίαL
00:26.53,4,0pQsShUQOK8kxZg4AgCz4UU1Cl6,-62,300,Tres « т³
00:26.90,5,0pQsShUQOK8kxZg4AgCz4UU1Cl6,-62,542,ѕĸγ»МіǤ«ғฟ๏
00:26.97,6,0pQsShUQOK8kxZg4AgCz4UU1Cl6,-62,1324,reasᄓnn
00:27.19,7,0pQsShUQOK8kxZg4AgCz4UU1Cl6,-62,2748,мѕι dzam мםя
00:27.44,8,0pQsShUQOK8kxZg4AgCz4UU1Cl6,-62,2114,凹 faiby ?
00:27.51,9,0pQsShUQOK8kxZg4AgCz4UU1Cl6,-62,101,Hèिést
00:27.57,10,0pQsShUQOK8kxZg4AgCz4UU1Cl6,-62,2873,웃laser웃
00:21.54,1,j0yGgWRp0EwfJ5FLl6KLerOVly9,-63,3704,redank
00:22.02,2,j0yGgWRp0EwfJ5FLl6KLerOVly9,-63,608,a
00:22.46,4,j0yGgWRp0EwfJ5FLl6KLerOVly9,-63,120,мѕι mo
00:22.78,5,j0yGgWRp0EwfJ5FLl6KLerOVly9,-63,2011,ि७
00:22.91,6,j0yGgWRp0EwfJ5FLl6KLerOVly9,-63,1727,buzzy.
00:22.98,7,j0yGgWRp0EwfJ5FLl6KLerOVly9,-63,695,ѕωα〤Λѕѕ т³
00:23.04,8,j0yGgWRp0EwfJ5FLl6KLerOVly9,-63,1208,pio c:
00:23.08,9,j0yGgWRp0EwfJ5FLl6KLerOVly9,-63,2747,Golden « т³
00:23.18,10,j0yGgWRp0EwfJ5FLl6KLerOVly9,-63,4183,ヅČƏβ/Ļӛ Ǧ工ĝăÑтĒ乌ҨǜҾSσĈίαL
00:16.13,1,jNa5On2VDhWqz6CM8B1_eTwETA,-64,2114,凹 faiby ?
00:19.71,2,jNa5On2VDhWqz6CM8B1_eTwETA,-64,1727,buzzy.
00:19.94,3,jNa5On2VDhWqz6CM8B1_eTwETA,-64,120,мѕι mo
00:25.22,4,jNa5On2VDhWqz6CM8B1_eTwETA,-64,282,¬  Šĸуяџŋŋ ッ «
00:25.95,5,jNa5On2VDhWqz6CM8B1_eTwETA,-64,6212,Loap « т³
00:26.03,6,jNa5On2VDhWqz6CM8B1_eTwETA,-64,57,i
00:26.08,7,jNa5On2VDhWqz6CM8B1_eTwETA,-64,18,ѕκγ | Ζοםωιи
00:26.14,8,jNa5On2VDhWqz6CM8B1_eTwETA,-64,4183,ヅČƏβ/Ļӛ Ǧ工ĝăÑтĒ乌ҨǜҾSσĈίαL
00:26.41,9,jNa5On2VDhWqz6CM8B1_eTwETA,-64,1396,Lemon :) ᄓ boosт³
00:26.56,10,jNa5On2VDhWqz6CM8B1_eTwETA,-64,3515,ants
00:35.05,1,E84MeeSmVBVmyWsZDiuNkVCwB84,-65,4183,ヅČƏβ/Ļӛ Ǧ工ĝăÑтĒ乌ҨǜҾSσĈίαL
00:35.85,2,E84MeeSmVBVmyWsZDiuNkVCwB84,-65,4082,iiHugo « т³
00:36.33,3,E84MeeSmVBVmyWsZDiuNkVCwB84,-65,5577,Geneяal є๏ยlίร ЈΛŦ
00:36.51,4,E84MeeSmVBVmyWsZDiuNkVCwB84,-65,3225,Silliツ
00:36.91,5,E84MeeSmVBVmyWsZDiuNkVCwB84,-65,7517,Bor
00:36.93,6,E84MeeSmVBVmyWsZDiuNkVCwB84,-65,238,のดωε
00:37.21,7,E84MeeSmVBVmyWsZDiuNkVCwB84,-65,1727,buzzy.
00:37.24,8,E84MeeSmVBVmyWsZDiuNkVCwB84,-65,1797,ױρאωєя.т³
00:37.48,9,E84MeeSmVBVmyWsZDiuNkVCwB84,-65,2549,Ісегॆॅ็
00:37.91,10,E84MeeSmVBVmyWsZDiuNkVCwB84,-65,3704,redank
00:25.86,1,ZI4eaPiCQKl_xIinAGIUGtvjMv,-66,4183,ヅČƏβ/Ļӛ Ǧ工ĝăÑтĒ乌ҨǜҾSσĈίαL
00:26.62,2,ZI4eaPiCQKl_xIinAGIUGtvjMv,-66,2114,凹 faiby ?
00:29.34,3,ZI4eaPiCQKl_xIinAGIUGtvjMv,-66,987,Law¬rowy
00:31.33,4,ZI4eaPiCQKl_xIinAGIUGtvjMv,-66,1727,buzzy.
00:31.91,5,ZI4eaPiCQKl_xIinAGIUGtvjMv,-66,1174,Нтм.Nad!
00:32.44,6,ZI4eaPiCQKl_xIinAGIUGtvjMv,-66,7517,Bor
00:36.15,7,ZI4eaPiCQKl_xIinAGIUGtvjMv,-66,3704,redank
00:39.89,8,ZI4eaPiCQKl_xIinAGIUGtvjMv,-66,336,»ғฟ๏« Ŀιиκ.* Law
00:40.91,9,ZI4eaPiCQKl_xIinAGIUGtvjMv,-66,1396,Lemon :) ᄓ boosт³
00:48.49,10,ZI4eaPiCQKl_xIinAGIUGtvjMv,-66,5463,pastagrows
00:36.67,1,AyqY_gZgKVn7xhA8iZ8k5HFe8Qe,-67,4183,ヅČƏβ/Ļӛ Ǧ工ĝăÑтĒ乌ҨǜҾSσĈίαL
00:38.29,2,AyqY_gZgKVn7xhA8iZ8k5HFe8Qe,-67,5274,VictorPro123
00:38.97,3,AyqY_gZgKVn7xhA8iZ8k5HFe8Qe,-67,2114,凹 faiby ?
00:39.90,4,AyqY_gZgKVn7xhA8iZ8k5HFe8Qe,-67,3704,redank
00:40.97,5,AyqY_gZgKVn7xhA8iZ8k5HFe8Qe,-67,2479,nut
00:42.80,6,AyqY_gZgKVn7xhA8iZ8k5HFe8Qe,-67,1798,byoš
00:44.32,7,AyqY_gZgKVn7xhA8iZ8k5HFe8Qe,-67,57,i
00:48.24,8,AyqY_gZgKVn7xhA8iZ8k5HFe8Qe,-67,4082,iiHugo « т³
00:48.95,9,AyqY_gZgKVn7xhA8iZ8k5HFe8Qe,-67,1950,// fey « т³ //
00:49.09,10,AyqY_gZgKVn7xhA8iZ8k5HFe8Qe,-67,120,мѕι mo
00:11.39,1,8AONJX02NhngJNRXYjiLg_p5zB2,-68,57,i
00:16.40,2,8AONJX02NhngJNRXYjiLg_p5zB2,-68,487,bPlayैērシmsi
00:18.63,3,8AONJX02NhngJNRXYjiLg_p5zB2,-68,3474,๓ไ» βακεδ Δlαsκα « т³
00:20.78,4,8AONJX02NhngJNRXYjiLg_p5zB2,-68,1727,buzzy.
00:20.80,5,8AONJX02NhngJNRXYjiLg_p5zB2,-68,45,сав tekky.
00:21.52,6,8AONJX02NhngJNRXYjiLg_p5zB2,-68,3760,еяаメjewlians_96(real) ๓ไ
00:21.57,7,8AONJX02NhngJNRXYjiLg_p5zB2,-68,401,ғฟ๏.Wirtual
00:22.67,8,8AONJX02NhngJNRXYjiLg_p5zB2,-68,4183,ヅČƏβ/Ļӛ Ǧ工ĝăÑтĒ乌ҨǜҾSσĈίαL
00:23.27,9,8AONJX02NhngJNRXYjiLg_p5zB2,-68,1396,Lemon :) ᄓ boosт³
00:23.99,10,8AONJX02NhngJNRXYjiLg_p5zB2,-68,120,мѕι mo
00:15.21,1,O_tSjH3Xuinuj49GmhOZuMBn7rk,-69,18,ѕκγ | Ζοםωιи
00:15.33,2,O_tSjH3Xuinuj49GmhOZuMBn7rk,-69,209,ツ]  kyafkyafkyafkyafkyafkyafk  [т³
00:16.18,3,O_tSjH3Xuinuj49GmhOZuMBn7rk,-69,860,ӡѻเӄФะ
00:16.55,4,O_tSjH3Xuinuj49GmhOZuMBn7rk,-69,433,Ŀĸя ¬ Buch
00:16.60,5,O_tSjH3Xuinuj49GmhOZuMBn7rk,-69,2873,웃laser웃
00:16.63,6,O_tSjH3Xuinuj49GmhOZuMBn7rk,-69,1627,bLex
00:16.69,7,O_tSjH3Xuinuj49GmhOZuMBn7rk,-69,45,сав tekky.
00:16.81,8,O_tSjH3Xuinuj49GmhOZuMBn7rk,-69,300,Tres « т³
00:16.86,9,O_tSjH3Xuinuj49GmhOZuMBn7rk,-69,1990,brego×
00:17.10,10,O_tSjH3Xuinuj49GmhOZuMBn7rk,-69,835,Ŀĸя ¬Dvorky* ॢ
00:24.95,1,vn2ytgus4UZJSVIO1ywyJoQ_AT5,-70,3704,redank
00:29.12,2,vn2ytgus4UZJSVIO1ywyJoQ_AT5,-70,608,a
00:29.82,3,vn2ytgus4UZJSVIO1ywyJoQ_AT5,-70,2514,shen
00:31.61,4,vn2ytgus4UZJSVIO1ywyJoQ_AT5,-70,512,nexos
00:33.06,5,vn2ytgus4UZJSVIO1ywyJoQ_AT5,-70,1727,buzzy.
00:33.83,6,vn2ytgus4UZJSVIO1ywyJoQ_AT5,-70,1644,ЈН ¬ bMagma « т³
00:34.11,7,vn2ytgus4UZJSVIO1ywyJoQ_AT5,-70,450,ImminentOmelet58
00:34.74,8,vn2ytgus4UZJSVIO1ywyJoQ_AT5,-70,2826,KŘOĄTĘ¬Thicc〢ѕІоώ»ЈŁ
00:34.87,9,vn2ytgus4UZJSVIO1ywyJoQ_AT5,-70,494,kamel
00:34.89,10,vn2ytgus4UZJSVIO1ywyJoQ_AT5,-70,2188,Sileenz
00:11.92,1,TSZgUxrJQQGwBRlVuWVL2H20ff1,-71,397,דс〤 Иα'ĠυυΙ
00:12.27,2,TSZgUxrJQQGwBRlVuWVL2H20ff1,-71,1324,reasᄓnn
00:12.29,3,TSZgUxrJQQGwBRlVuWVL2H20ff1,-71,8322,~़Vוטה ๋:>
00:12.56,4,TSZgUxrJQQGwBRlVuWVL2H20ff1,-71,2114,凹 faiby ?
00:12.65,5,TSZgUxrJQQGwBRlVuWVL2H20ff1,-71,120,мѕι mo
00:12.82,6,TSZgUxrJQQGwBRlVuWVL2H20ff1,-71,3704,redank
00:12.84,7,TSZgUxrJQQGwBRlVuWVL2H20ff1,-71,5506,ZΞpћЯ4モ
00:12.84,8,TSZgUxrJQQGwBRlVuWVL2H20ff1,-71,2448,nonick
00:12.86,9,TSZgUxrJQQGwBRlVuWVL2H20ff1,-71,1001,ЈŁ SÞlîŋt
00:12.90,10,TSZgUxrJQQGwBRlVuWVL2H20ff1,-71,401,ғฟ๏.Wirtual
00:23.93,1,2rQgWXkmTb4ANviQ7OOaFWH1ywb,-72,1977," ғฟ๏, LeG | Plast"
00:23.96,2,2rQgWXkmTb4ANviQ7OOaFWH1ywb,-72,101,Hèिést
00:23.99,3,2rQgWXkmTb4ANviQ7OOaFWH1ywb,-72,608,a
00:24.47,4,2rQgWXkmTb4ANviQ7OOaFWH1ywb,-72,401,ғฟ๏.Wirtual
00:25.15,5,2rQgWXkmTb4ANviQ7OOaFWH1ywb,-72,987,Law¬rowy
00:25.18,6,2rQgWXkmTb4ANviQ7OOaFWH1ywb,-72,3704,redank
00:25.21,7,2rQgWXkmTb4ANviQ7OOaFWH1ywb,-72,4183,ヅČƏβ/Ļӛ Ǧ工ĝăÑтĒ乌ҨǜҾSσĈίαL
00:25.25,8,2rQgWXkmTb4ANviQ7OOaFWH1ywb,-72,1798,byoš
00:25.32,9,2rQgWXkmTb4ANviQ7OOaFWH1ywb,-72,1797,ױρאωєя.т³
00:25.54,10,2rQgWXkmTb4ANviQ7OOaFWH1ywb,-72,1727,buzzy.
00:20.58,1,z_163veljjVoMRU4EzxqQ61ZR6j,-73,336,»ғฟ๏« Ŀιиκ.* Law
00:20.74,2,z_163veljjVoMRU4EzxqQ61ZR6j,-73,4183,ヅČƏβ/Ļӛ Ǧ工ĝăÑтĒ乌ҨǜҾSσĈίαL
00:20.89,3,z_163veljjVoMRU4EzxqQ61ZR6j,-73,608,a
00:20.93,4,z_163veljjVoMRU4EzxqQ61ZR6j,-73,101,Hèिést
00:21.07,5,z_163veljjVoMRU4EzxqQ61ZR6j,-73,120,мѕι mo
00:21.07,6,z_163veljjVoMRU4EzxqQ61ZR6j,-73,512,nexos
00:21.15,7,z_163veljjVoMRU4EzxqQ61ZR6j,-73,144,הѕс¬Ғеяяу | мр
00:21.16,8,z_163veljjVoMRU4EzxqQ61ZR6j,-73,1174,Нтм.Nad!
00:21.17,9,z_163veljjVoMRU4EzxqQ61ZR6j,-73,4252,िα๓² ayeewake ๓ไ
00:21.22,10,z_163veljjVoMRU4EzxqQ61ZR6j,-73,1727,buzzy.
00:31.97,1,vjzW7UbPC8NmDQM7JJqZTZU6a4m,-74,3704,redank
00:36.65,2,vjzW7UbPC8NmDQM7JJqZTZU6a4m,-74,1797,ױρאωєя.т³
00:37.92,3,vjzW7UbPC8NmDQM7JJqZTZU6a4m,-74,1396,Lemon :) ᄓ boosт³
00:40.18,4,vjzW7UbPC8NmDQM7JJqZTZU6a4m,-74,450,ImminentOmelet58
00:40.82,5,vjzW7UbPC8NmDQM7JJqZTZU6a4m,-74,796,Eri
00:42.52,6,vjzW7UbPC8NmDQM7JJqZTZU6a4m,-74,1727,buzzy.
00:43.31,7,vjzW7UbPC8NmDQM7JJqZTZU6a4m,-74,45,сав tekky.
00:43.62,8,vjzW7UbPC8NmDQM7JJqZTZU6a4m,-74,2011,ि७
00:47.83,9,vjzW7UbPC8NmDQM7JJqZTZU6a4m,-74,542,ѕĸγ»МіǤ«ғฟ๏
00:52.36,10,vjzW7UbPC8NmDQM7JJqZTZU6a4m,-74,31,ғฟ๏.ins
00:15.04,1,5mMjqs66kw6QTr0XxyPVmq72IS1,-75,542,ѕĸγ»МіǤ«ғฟ๏
00:15.62,2,5mMjqs66kw6QTr0XxyPVmq72IS1,-75,1127,Acer Spedrun
00:15.67,3,5mMjqs66kw6QTr0XxyPVmq72IS1,-75,336,»ғฟ๏« Ŀιиκ.* Law
00:15.70,4,5mMjqs66kw6QTr0XxyPVmq72IS1,-75,943,ehkla.
00:16.04,5,5mMjqs66kw6QTr0XxyPVmq72IS1,-75,1324,reasᄓnn
00:16.13,6,5mMjqs66kw6QTr0XxyPVmq72IS1,-75,1727,buzzy.
00:20.36,7,5mMjqs66kw6QTr0XxyPVmq72IS1,-75,3704,redank
01:22.40,8,5mMjqs66kw6QTr0XxyPVmq72IS1,-75,450,ImminentOmelet58
01:27.92,9,5mMjqs66kw6QTr0XxyPVmq72IS1,-75,1174,Нтм.Nad!
01:39.45,10,5mMjqs66kw6QTr0XxyPVmq72IS1,-75,2448,nonick
00:12.58,1,lGRp6M0btz9UoMh3XEs3V4txRYg,-76,3704,redank
00:17.21,2,lGRp6M0btz9UoMh3XEs3V4txRYg,-76,1042,×saiphyy×
00:17.44,3,lGRp6M0btz9UoMh3XEs3V4txRYg,-76,1396,Lemon :) ᄓ boosт³
00:17.97,4,lGRp6M0btz9UoMh3XEs3V4txRYg,-76,433,Ŀĸя ¬ Buch
00:21.39,5,lGRp6M0btz9UoMh3XEs3V4txRYg,-76,450,ImminentOmelet58
00:22.00,6,lGRp6M0btz9UoMh3XEs3V4txRYg,-76,542,ѕĸγ»МіǤ«ғฟ๏
00:22.40,7,lGRp6M0btz9UoMh3XEs3V4txRYg,-76,1950,// fey « т³ //
00:22.41,8,lGRp6M0btz9UoMh3XEs3V4txRYg,-76,93,ғฟ๏〢alexx. infector
00:22.59,9,lGRp6M0btz9UoMh3XEs3V4txRYg,-76,238,のดωε
00:22.85,10,lGRp6M0btz9UoMh3XEs3V4txRYg,-76,1600,сав ¬ nellike
00:15.16,1,zIcKlajb11AZ5KDjKEaUWTUhBMj,-77,4183,ヅČƏβ/Ļӛ Ǧ工ĝăÑтĒ乌ҨǜҾSσĈίαL
00:15.19,2,zIcKlajb11AZ5KDjKEaUWTUhBMj,-77,552,Fmc
00:15.55,3,zIcKlajb11AZ5KDjKEaUWTUhBMj,-77,3704,redank
00:15.67,4,zIcKlajb11AZ5KDjKEaUWTUhBMj,-77,608,a
00:15.74,5,zIcKlajb11AZ5KDjKEaUWTUhBMj,-77,1797,ױρאωєя.т³
00:15.83,6,zIcKlajb11AZ5KDjKEaUWTUhBMj,-77,101,Hèिést
00:16.12,7,zIcKlajb11AZ5KDjKEaUWTUhBMj,-77,1727,buzzy.
00:16.15,8,zIcKlajb11AZ5KDjKEaUWTUhBMj,-77,1977," ғฟ๏, LeG | Plast"
00:16.61,9,zIcKlajb11AZ5KDjKEaUWTUhBMj,-77,57,i
00:16.86,10,zIcKlajb11AZ5KDjKEaUWTUhBMj,-77,3165,ғяσैѕѕ
00:23.34,1,NPZVRzge3e4ZE5yRXnZxw2R9Jwk,-78,4183,ヅČƏβ/Ļӛ Ǧ工ĝăÑтĒ乌ҨǜҾSσĈίαL
00:23.50,2,NPZVRzge3e4ZE5yRXnZxw2R9Jwk,-78,1396,Lemon :) ᄓ boosт³
00:23.71,3,NPZVRzge3e4ZE5yRXnZxw2R9Jwk,-78,608,a
00:24.14,4,NPZVRzge3e4ZE5yRXnZxw2R9Jwk,-78,3704,redank
00:24.76,5,NPZVRzge3e4ZE5yRXnZxw2R9Jwk,-78,2243,sauucey
00:25.00,6,NPZVRzge3e4ZE5yRXnZxw2R9Jwk,-78,8407,ңя ױ jarck.
00:25.72,7,NPZVRzge3e4ZE5yRXnZxw2R9Jwk,-78,1174,Нтм.Nad!
00:25.82,8,NPZVRzge3e4ZE5yRXnZxw2R9Jwk,-78,120,мѕι mo
00:25.83,9,NPZVRzge3e4ZE5yRXnZxw2R9Jwk,-78,2826,KŘOĄTĘ¬Thicc〢ѕІоώ»ЈŁ
00:26.04,10,NPZVRzge3e4ZE5yRXnZxw2R9Jwk,-78,487,bPlayैērシmsi
00:09.94,1,oRjbmKj7VWOiAP3KND7Oz1DBRAb,-79,18,ѕκγ | Ζοםωιи
00:10.17,2,oRjbmKj7VWOiAP3KND7Oz1DBRAb,-79,120,мѕι mo
00:10.33,3,oRjbmKj7VWOiAP3KND7Oz1DBRAb,-79,2206,Luukasa123
00:10.35,4,oRjbmKj7VWOiAP3KND7Oz1DBRAb,-79,800,»Ятλ«wally²
00:10.35,5,oRjbmKj7VWOiAP3KND7Oz1DBRAb,-79,552,Fmc
00:10.36,6,oRjbmKj7VWOiAP3KND7Oz1DBRAb,-79,450,ImminentOmelet58
00:10.43,7,oRjbmKj7VWOiAP3KND7Oz1DBRAb,-79,1677,Eddy!
00:10.45,8,oRjbmKj7VWOiAP3KND7Oz1DBRAb,-79,149,Marmerladi
00:10.48,9,oRjbmKj7VWOiAP3KND7Oz1DBRAb,-79,2011,ि७
00:10.48,10,oRjbmKj7VWOiAP3KND7Oz1DBRAb,-79,975,ѕκγ. flex
00:37.05,1,IA4JrD5iMYqZl7TZXeu78j5KAxj,-80,1878,Bambon
00:39.28,2,IA4JrD5iMYqZl7TZXeu78j5KAxj,-80,849,iklu
00:39.83,3,IA4JrD5iMYqZl7TZXeu78j5KAxj,-80,3704,redank
00:42.25,4,IA4JrD5iMYqZl7TZXeu78j5KAxj,-80,1727,buzzy.
00:43.10,5,IA4JrD5iMYqZl7TZXeu78j5KAxj,-80,1396,Lemon :) ᄓ boosт³
00:43.38,6,IA4JrD5iMYqZl7TZXeu78j5KAxj,-80,2146,alecks〢ᄂᄆᄂ« т³
00:43.46,7,IA4JrD5iMYqZl7TZXeu78j5KAxj,-80,3955,Nem #jome
00:43.69,8,IA4JrD5iMYqZl7TZXeu78j5KAxj,-80,542,ѕĸγ»МіǤ«ғฟ๏
00:44.58,9,IA4JrD5iMYqZl7TZXeu78j5KAxj,-80,552,Fmc
00:45.12,10,IA4JrD5iMYqZl7TZXeu78j5KAxj,-80,2748,мѕι dzam мםя
00:12.38,1,3oGwjhnkLe8bnEVAdxMArPsRJT,-81,336,»ғฟ๏« Ŀιиκ.* Law
00:12.51,2,3oGwjhnkLe8bnEVAdxMArPsRJT,-81,825,הѕс ¬ 2KLO «厶ア»
00:12.68,3,3oGwjhnkLe8bnEVAdxMArPsRJT,-81,2514,shen
00:12.68,4,3oGwjhnkLe8bnEVAdxMArPsRJT,-81,2243,sauucey
00:12.70,5,3oGwjhnkLe8bnEVAdxMArPsRJT,-81,620,Spam
00:12.72,6,3oGwjhnkLe8bnEVAdxMArPsRJT,-81,1977," ғฟ๏, LeG | Plast"
00:12.72,7,3oGwjhnkLe8bnEVAdxMArPsRJT,-81,2188,Sileenz
00:12.72,8,3oGwjhnkLe8bnEVAdxMArPsRJT,-81,442,ᄽҒŁγііהǥᄿTe๓קєroя
00:12.72,9,3oGwjhnkLe8bnEVAdxMArPsRJT,-81,6207,мэפаснолк
00:12.73,10,3oGwjhnkLe8bnEVAdxMArPsRJT,-81,353,ғฟ๏.Drarker.Law
00:11.87,1,EiQ5T7IGaEETnUxbqTnSPuARMDg,-82,120,мѕι mo
00:12.17,2,EiQ5T7IGaEETnUxbqTnSPuARMDg,-82,1727,buzzy.
00:12.20,3,EiQ5T7IGaEETnUxbqTnSPuARMDg,-82,1037,¬ ЈŁ〢ChoW «
00:12.20,4,EiQ5T7IGaEETnUxbqTnSPuARMDg,-82,3909,lappen
00:12.25,5,EiQ5T7IGaEETnUxbqTnSPuARMDg,-82,450,ImminentOmelet58
00:12.27,6,EiQ5T7IGaEETnUxbqTnSPuARMDg,-82,943,ehkla.
00:12.31,7,EiQ5T7IGaEETnUxbqTnSPuARMDg,-82,4360,ν๑ท
00:12.42,8,EiQ5T7IGaEETnUxbqTnSPuARMDg,-82,487,bPlayैērシmsi
00:12.54,9,EiQ5T7IGaEETnUxbqTnSPuARMDg,-82,3453,िα๓² ҂ ぬEC! « т³
00:12.59,10,EiQ5T7IGaEETnUxbqTnSPuARMDg,-82,1324,reasᄓnn
00:23.95,1,KgoDspLb42CWCqKrM6cP1Ew8sr7,-83,3704,redank
00:26.54,2,KgoDspLb42CWCqKrM6cP1Ew8sr7,-83,120,мѕι mo
00:28.77,3,KgoDspLb42CWCqKrM6cP1Ew8sr7,-83,1727,buzzy.
00:29.58,4,KgoDspLb42CWCqKrM6cP1Ew8sr7,-83,57,i
00:30.96,5,KgoDspLb42CWCqKrM6cP1Ew8sr7,-83,3760,еяаメjewlians_96(real) ๓ไ
00:31.24,6,KgoDspLb42CWCqKrM6cP1Ew8sr7,-83,655,мѕι¬δαġ॓ġ॔.мםя
00:31.33,7,KgoDspLb42CWCqKrM6cP1Ew8sr7,-83,300,Tres « т³
00:31.35,8,KgoDspLb42CWCqKrM6cP1Ew8sr7,-83,401,ғฟ๏.Wirtual
00:31.86,9,KgoDspLb42CWCqKrM6cP1Ew8sr7,-83,1396,Lemon :) ᄓ boosт³
00:31.93,10,KgoDspLb42CWCqKrM6cP1Ew8sr7,-83,1065,¬ ЈŁ〢Ғоैявγ «
00:18.30,1,1cyXN1KCzxpOpjd0MhZxBIPcood,-84,3955,Nem #jome
00:18.83,2,1cyXN1KCzxpOpjd0MhZxBIPcood,-84,6207,мэפаснолк
00:19.04,3,1cyXN1KCzxpOpjd0MhZxBIPcood,-84,1559,zach
00:19.32,4,1cyXN1KCzxpOpjd0MhZxBIPcood,-84,101,Hèिést
00:19.79,5,1cyXN1KCzxpOpjd0MhZxBIPcood,-84,6673,ңя ױ adriaalv
00:19.88,6,1cyXN1KCzxpOpjd0MhZxBIPcood,-84,552,Fmc
00:19.90,7,1cyXN1KCzxpOpjd0MhZxBIPcood,-84,436,helvete
00:19.97,8,1cyXN1KCzxpOpjd0MhZxBIPcood,-84,1324,reasᄓnn
00:20.15,9,1cyXN1KCzxpOpjd0MhZxBIPcood,-84,1797,ױρאωєя.т³
00:20.19,10,1cyXN1KCzxpOpjd0MhZxBIPcood,-84,5498,िα๓ »aleckslolol〤ρเהĸ
00:36.64,1,elAOoYwlpwDXi2IYu2KMdM0Lczk,-85,3955,Nem #jome
00:37.26,2,elAOoYwlpwDXi2IYu2KMdM0Lczk,-85,450,ImminentOmelet58
00:40.26,3,elAOoYwlpwDXi2IYu2KMdM0Lczk,-85,487,bPlayैērシmsi
00:42.43,4,elAOoYwlpwDXi2IYu2KMdM0Lczk,-85,120,мѕι mo
00:42.77,5,elAOoYwlpwDXi2IYu2KMdM0Lczk,-85,4183,ヅČƏβ/Ļӛ Ǧ工ĝăÑтĒ乌ҨǜҾSσĈίαL
00:46.72,6,elAOoYwlpwDXi2IYu2KMdM0Lczk,-85,149,Marmerladi
00:46.73,7,elAOoYwlpwDXi2IYu2KMdM0Lczk,-85,1798,byoš
00:47.44,8,elAOoYwlpwDXi2IYu2KMdM0Lczk,-85,401,ғฟ๏.Wirtual
00:47.82,9,elAOoYwlpwDXi2IYu2KMdM0Lczk,-85,5070,deis
00:49.12,10,elAOoYwlpwDXi2IYu2KMdM0Lczk,-85,1727,buzzy.
00:10.21,1,NrvzQ2UkQa_4yDLSS5j2KMcCW10,-86,40,єосױנ๏κεг〆
00:10.22,2,NrvzQ2UkQa_4yDLSS5j2KMcCW10,-86,336,»ғฟ๏« Ŀιиκ.* Law
00:10.23,3,NrvzQ2UkQa_4yDLSS5j2KMcCW10,-86,2919,r4' « т³
00:10.24,4,NrvzQ2UkQa_4yDLSS5j2KMcCW10,-86,43,ѕκy²oumol_«_т³
00:10.25,5,NrvzQ2UkQa_4yDLSS5j2KMcCW10,-86,907,τєяα.
00:10.26,6,NrvzQ2UkQa_4yDLSS5j2KMcCW10,-86,620,Spam
00:10.26,7,NrvzQ2UkQa_4yDLSS5j2KMcCW10,-86,5070,deis
00:10.28,8,NrvzQ2UkQa_4yDLSS5j2KMcCW10,-86,83,»єос.СΙем.сав
00:10.29,9,NrvzQ2UkQa_4yDLSS5j2KMcCW10,-86,7517,Bor
00:10.32,10,NrvzQ2UkQa_4yDLSS5j2KMcCW10,-86,889,Ғαмоυѕ.Poufi॰сав
00:14.40,1,aAKJga5VrXKpvdqgRRovdta0Bg7,-87,4183,ヅČƏβ/Ļӛ Ǧ工ĝăÑтĒ乌ҨǜҾSσĈίαL
00:14.46,2,aAKJga5VrXKpvdqgRRovdta0Bg7,-87,7581,Kares
00:14.55,3,aAKJga5VrXKpvdqgRRovdta0Bg7,-87,2206,Luukasa123
00:14.57,4,aAKJga5VrXKpvdqgRRovdta0Bg7,-87,1727,buzzy.
00:14.71,5,aAKJga5VrXKpvdqgRRovdta0Bg7,-87,353,ғฟ๏.Drarker.Law
00:14.71,6,aAKJga5VrXKpvdqgRRovdta0Bg7,-87,336,»ғฟ๏« Ŀιиκ.* Law
00:14.83,7,aAKJga5VrXKpvdqgRRovdta0Bg7,-87,3704,redank
00:14.84,8,aAKJga5VrXKpvdqgRRovdta0Bg7,-87,943,ehkla.
00:14.84,9,aAKJga5VrXKpvdqgRRovdta0Bg7,-87,1627,bLex
00:14.90,10,aAKJga5VrXKpvdqgRRovdta0Bg7,-87,1977," ғฟ๏, LeG | Plast"
00:13.60,1,XpWiwxocnHQI63rtPKRIFus6y2d,-88,5463,pastagrows
00:13.88,2,XpWiwxocnHQI63rtPKRIFus6y2d,-88,433,Ŀĸя ¬ Buch
00:14.13,3,XpWiwxocnHQI63rtPKRIFus6y2d,-88,1600,сав ¬ nellike
00:14.35,4,XpWiwxocnHQI63rtPKRIFus6y2d,-88,93,ғฟ๏〢alexx. infector
00:14.43,5,XpWiwxocnHQI63rtPKRIFus6y2d,-88,7517,Bor
00:14.94,6,XpWiwxocnHQI63rtPKRIFus6y2d,-88,512,nexos
00:14.99,7,XpWiwxocnHQI63rtPKRIFus6y2d,-88,3165,ғяσैѕѕ
00:15.01,8,XpWiwxocnHQI63rtPKRIFus6y2d,-88,3704,redank
00:15.21,9,XpWiwxocnHQI63rtPKRIFus6y2d,-88,1677,Eddy!
00:15.56,10,XpWiwxocnHQI63rtPKRIFus6y2d,-88,1396,Lemon :) ᄓ boosт³
00:47.17,1,q34c5PiE5Q4t0umUvlzR5wUozG6,-89,2826,KŘOĄTĘ¬Thicc〢ѕІоώ»ЈŁ
01:07.79,2,q34c5PiE5Q4t0umUvlzR5wUozG6,-89,2894,michalo
01:09.37,3,q34c5PiE5Q4t0umUvlzR5wUozG6,-89,3704,redank
01:09.93,4,q34c5PiE5Q4t0umUvlzR5wUozG6,-89,4183,ヅČƏβ/Ļӛ Ǧ工ĝăÑтĒ乌ҨǜҾSσĈίαL
01:11.35,5,q34c5PiE5Q4t0umUvlzR5wUozG6,-89,238,のดωε
01:13.45,6,q34c5PiE5Q4t0umUvlzR5wUozG6,-89,433,Ŀĸя ¬ Buch
01:14.55,7,q34c5PiE5Q4t0umUvlzR5wUozG6,-89,1950,// fey « т³ //
01:17.05,8,q34c5PiE5Q4t0umUvlzR5wUozG6,-89,1396,Lemon :) ᄓ boosт³
01:24.15,9,q34c5PiE5Q4t0umUvlzR5wUozG6,-89,4082,iiHugo « т³
01:25.67,10,q34c5PiE5Q4t0umUvlzR5wUozG6,-89,2114,凹 faiby ?
00:24.33,1,7DCtOpar7Ka07i6plDXFz0WirSe,-90,4183,ヅČƏβ/Ļӛ Ǧ工ĝăÑтĒ乌ҨǜҾSσĈίαL
00:24.80,2,7DCtOpar7Ka07i6plDXFz0WirSe,-90,7517,Bor
00:25.22,3,7DCtOpar7Ka07i6plDXFz0WirSe,-90,3704,redank
00:25.34,4,7DCtOpar7Ka07i6plDXFz0WirSe,-90,2114,凹 faiby ?
00:26.57,5,7DCtOpar7Ka07i6plDXFz0WirSe,-90,608,a
00:26.65,6,7DCtOpar7Ka07i6plDXFz0WirSe,-90,3165,ғяσैѕѕ
00:27.75,7,7DCtOpar7Ka07i6plDXFz0WirSe,-90,5274,VictorPro123
00:27.99,8,7DCtOpar7Ka07i6plDXFz0WirSe,-90,1677,Eddy!
00:28.07,9,7DCtOpar7Ka07i6plDXFz0WirSe,-90,943,ehkla.
00:28.24,10,7DCtOpar7Ka07i6plDXFz0WirSe,-90,2873,웃laser웃
00:04.89,1,ALRfgC8AsFSMRY7KSOe4NRqC7Da,-91,5463,pastagrows
00:05.96,2,ALRfgC8AsFSMRY7KSOe4NRqC7Da,-91,336,»ғฟ๏« Ŀιиκ.* Law
00:06.26,3,ALRfgC8AsFSMRY7KSOe4NRqC7Da,-91,1127,Acer Spedrun
00:06.42,4,ALRfgC8AsFSMRY7KSOe4NRqC7Da,-91,608,a
00:06.61,5,ALRfgC8AsFSMRY7KSOe4NRqC7Da,-91,43,ѕκy²oumol_«_т³
00:06.63,6,ALRfgC8AsFSMRY7KSOe4NRqC7Da,-91,450,ImminentOmelet58
00:06.70,7,ALRfgC8AsFSMRY7KSOe4NRqC7Da,-91,3165,ғяσैѕѕ
00:06.86,8,ALRfgC8AsFSMRY7KSOe4NRqC7Da,-91,1008,Viski
00:06.87,9,ALRfgC8AsFSMRY7KSOe4NRqC7Da,-91,3023,ooFneses
00:06.92,10,ALRfgC8AsFSMRY7KSOe4NRqC7Da,-91,1025,arthy.
00:20.44,1,wFXzYR95d0wE9kvKP8Js1MNy9fk,-92,4183,ヅČƏβ/Ļӛ Ǧ工ĝăÑтĒ乌ҨǜҾSσĈίαL
00:20.81,2,wFXzYR95d0wE9kvKP8Js1MNy9fk,-92,608,a
00:21.26,3,wFXzYR95d0wE9kvKP8Js1MNy9fk,-92,5274,VictorPro123
00:22.32,4,wFXzYR95d0wE9kvKP8Js1MNy9fk,-92,1798,byoš
00:23.43,5,wFXzYR95d0wE9kvKP8Js1MNy9fk,-92,2826,KŘOĄTĘ¬Thicc〢ѕІоώ»ЈŁ
00:25.00,6,wFXzYR95d0wE9kvKP8Js1MNy9fk,-92,1727,buzzy.
00:25.39,7,wFXzYR95d0wE9kvKP8Js1MNy9fk,-92,943,ehkla.
00:25.50,8,wFXzYR95d0wE9kvKP8Js1MNy9fk,-92,3704,redank
00:25.95,9,wFXzYR95d0wE9kvKP8Js1MNy9fk,-92,2448,nonick
00:28.20,10,wFXzYR95d0wE9kvKP8Js1MNy9fk,-92,4082,iiHugo « т³
00:19.68,1,Nxodx8xcnTO4q2NFEwJYTCHBwr9,-93,1727,buzzy.
00:19.77,2,Nxodx8xcnTO4q2NFEwJYTCHBwr9,-93,1798,byoš
00:20.17,3,Nxodx8xcnTO4q2NFEwJYTCHBwr9,-93,1078,FALCON
00:20.60,4,Nxodx8xcnTO4q2NFEwJYTCHBwr9,-93,120,мѕι mo
00:20.79,5,Nxodx8xcnTO4q2NFEwJYTCHBwr9,-93,512,nexos
00:20.95,6,Nxodx8xcnTO4q2NFEwJYTCHBwr9,-93,811,Gawr Gura
00:21.25,7,Nxodx8xcnTO4q2NFEwJYTCHBwr9,-93,2826,KŘOĄTĘ¬Thicc〢ѕІоώ»ЈŁ
00:21.42,8,Nxodx8xcnTO4q2NFEwJYTCHBwr9,-93,2206,Luukasa123
00:21.74,9,Nxodx8xcnTO4q2NFEwJYTCHBwr9,-93,8407,ңя ױ jarck.
00:21.84,10,Nxodx8xcnTO4q2NFEwJYTCHBwr9,-93,1174,Нтм.Nad!
00:16.72,1,OzWFsy2kmfAKfyPOZaS5YmXXYMl,-94,336,»ғฟ๏« Ŀιиκ.* Law
00:17.91,2,OzWFsy2kmfAKfyPOZaS5YmXXYMl,-94,5274,VictorPro123
00:18.86,3,OzWFsy2kmfAKfyPOZaS5YmXXYMl,-94,608,a
00:20.48,4,OzWFsy2kmfAKfyPOZaS5YmXXYMl,-94,120,мѕι mo
00:21.14,5,OzWFsy2kmfAKfyPOZaS5YmXXYMl,-94,16,reden°ॆ८॒°ॅlevon
00:21.74,6,OzWFsy2kmfAKfyPOZaS5YmXXYMl,-94,1950,// fey « т³ //
00:24.94,7,OzWFsy2kmfAKfyPOZaS5YmXXYMl,-94,4183,ヅČƏβ/Ļӛ Ǧ工ĝăÑтĒ乌ҨǜҾSσĈίαL
00:25.86,8,OzWFsy2kmfAKfyPOZaS5YmXXYMl,-94,1727,buzzy.
00:26.51,9,OzWFsy2kmfAKfyPOZaS5YmXXYMl,-94,1677,Eddy!
00:26.52,10,OzWFsy2kmfAKfyPOZaS5YmXXYMl,-94,35,҂ғฟ๏〣ᄽDraggy.ᄿ
00:21.43,1,bYj29v7dF7TCWqVM0WMcat5VSt5,-95,4183,ヅČƏβ/Ļӛ Ǧ工ĝăÑтĒ乌ҨǜҾSσĈίαL
00:21.53,2,bYj29v7dF7TCWqVM0WMcat5VSt5,-95,450,ImminentOmelet58
00:21.60,3,bYj29v7dF7TCWqVM0WMcat5VSt5,-95,1798,byoš
00:21.76,4,bYj29v7dF7TCWqVM0WMcat5VSt5,-95,494,kamel
00:21.85,5,bYj29v7dF7TCWqVM0WMcat5VSt5,-95,4354,「ιиғяα」
00:21.94,6,bYj29v7dF7TCWqVM0WMcat5VSt5,-95,1727,buzzy.
00:21.98,7,bYj29v7dF7TCWqVM0WMcat5VSt5,-95,608,a
00:22.53,8,bYj29v7dF7TCWqVM0WMcat5VSt5,-95,120,мѕι mo
00:22.53,9,bYj29v7dF7TCWqVM0WMcat5VSt5,-95,1396,Lemon :) ᄓ boosт³
00:22.82,10,bYj29v7dF7TCWqVM0WMcat5VSt5,-95,16,reden°ॆ८॒°ॅlevon
00:12.75,1,aE4afBdIPQfU6tJoIxii2FcQvkc,-96,608,a
00:13.42,2,aE4afBdIPQfU6tJoIxii2FcQvkc,-96,3704,redank
00:13.54,3,aE4afBdIPQfU6tJoIxii2FcQvkc,-96,963,lane
00:15.37,4,aE4afBdIPQfU6tJoIxii2FcQvkc,-96,6035,.иѕғ҂Chrom :3
00:15.63,5,aE4afBdIPQfU6tJoIxii2FcQvkc,-96,1127,Acer Spedrun
00:15.67,6,aE4afBdIPQfU6tJoIxii2FcQvkc,-96,300,Tres « т³
00:16.11,7,aE4afBdIPQfU6tJoIxii2FcQvkc,-96,814,Lamp
00:16.13,8,aE4afBdIPQfU6tJoIxii2FcQvkc,-96,987,Law¬rowy
00:16.19,9,aE4afBdIPQfU6tJoIxii2FcQvkc,-96,2479,nut
00:16.46,10,aE4afBdIPQfU6tJoIxii2FcQvkc,-96,18,ѕκγ | Ζοםωιи
00:22.38,1,fgDRQAtoXnuXOLnccqMSeAFnNwc,-97,3704,redank
00:24.35,2,fgDRQAtoXnuXOLnccqMSeAFnNwc,-97,4183,ヅČƏβ/Ļӛ Ǧ工ĝăÑтĒ乌ҨǜҾSσĈίαL
00:25.26,3,fgDRQAtoXnuXOLnccqMSeAFnNwc,-97,1798,byoš
00:26.20,4,fgDRQAtoXnuXOLnccqMSeAFnNwc,-97,987,Law¬rowy
00:26.28,5,fgDRQAtoXnuXOLnccqMSeAFnNwc,-97,542,ѕĸγ»МіǤ«ғฟ๏
00:27.93,6,fgDRQAtoXnuXOLnccqMSeAFnNwc,-97,1174,Нтм.Nad!
00:28.70,7,fgDRQAtoXnuXOLnccqMSeAFnNwc,-97,1727,buzzy.
00:31.57,8,fgDRQAtoXnuXOLnccqMSeAFnNwc,-97,57,i
00:31.60,9,fgDRQAtoXnuXOLnccqMSeAFnNwc,-97,300,Tres « т³
00:31.62,10,fgDRQAtoXnuXOLnccqMSeAFnNwc,-97,4427,Kairoैs! « т³
00:39.91,1,xpmSMPPUmMxBX1LzcQ04jrwyEn9,-98,4183,ヅČƏβ/Ļӛ Ǧ工ĝăÑтĒ乌ҨǜҾSσĈίαL
00:40.40,2,xpmSMPPUmMxBX1LzcQ04jrwyEn9,-98,1396,Lemon :) ᄓ boosт³
00:42.47,3,xpmSMPPUmMxBX1LzcQ04jrwyEn9,-98,1788,Samurai
00:42.86,4,xpmSMPPUmMxBX1LzcQ04jrwyEn9,-98,5462,Lemonst
00:43.81,5,xpmSMPPUmMxBX1LzcQ04jrwyEn9,-98,3704,redank
00:44.15,6,xpmSMPPUmMxBX1LzcQ04jrwyEn9,-98,542,ѕĸγ»МіǤ«ғฟ๏
00:45.26,7,xpmSMPPUmMxBX1LzcQ04jrwyEn9,-98,45,сав tekky.
00:45.96,8,xpmSMPPUmMxBX1LzcQ04jrwyEn9,-98,57,i
00:47.08,9,xpmSMPPUmMxBX1LzcQ04jrwyEn9,-98,1174,Нтм.Nad!
00:47.16,10,xpmSMPPUmMxBX1LzcQ04jrwyEn9,-98,796,Eri
00:15.35,1,mHRnp9DLDsIEaHSRhH82YF4s0T0,-99,6008,samuelhip
00:15.36,2,mHRnp9DLDsIEaHSRhH82YF4s0T0,-99,336,»ғฟ๏« Ŀιиκ.* Law
00:15.46,3,mHRnp9DLDsIEaHSRhH82YF4s0T0,-99,1042,×saiphyy×
00:15.65,4,mHRnp9DLDsIEaHSRhH82YF4s0T0,-99,2243,sauucey
00:15.66,5,mHRnp9DLDsIEaHSRhH82YF4s0T0,-99,1127,Acer Spedrun
00:15.72,6,mHRnp9DLDsIEaHSRhH82YF4s0T0,-99,2826,KŘOĄTĘ¬Thicc〢ѕІоώ»ЈŁ
00:15.83,7,mHRnp9DLDsIEaHSRhH82YF4s0T0,-99,101,Hèिést
00:15.84,8,mHRnp9DLDsIEaHSRhH82YF4s0T0,-99,7517,Bor
00:15.94,9,mHRnp9DLDsIEaHSRhH82YF4s0T0,-99,2448,nonick
00:16.04,10,mHRnp9DLDsIEaHSRhH82YF4s0T0,-99,450,ImminentOmelet58
00:13.50,1,YhyjqNjdViaaHHYxzWLy90fGfM5,-100,3704,redank
00:13.88,2,YhyjqNjdViaaHHYxzWLy90fGfM5,-100,1727,buzzy.
00:14.56,3,YhyjqNjdViaaHHYxzWLy90fGfM5,-100,1788,Samurai
00:14.76,4,YhyjqNjdViaaHHYxzWLy90fGfM5,-100,353,ғฟ๏.Drarker.Law
00:14.86,5,YhyjqNjdViaaHHYxzWLy90fGfM5,-100,120,мѕι mo
00:14.89,6,YhyjqNjdViaaHHYxzWLy90fGfM5,-100,2243,sauucey
00:15.04,7,YhyjqNjdViaaHHYxzWLy90fGfM5,-100,2873,웃laser웃
00:15.24,8,YhyjqNjdViaaHHYxzWLy90fGfM5,-100,45,сав tekky.
00:15.30,9,YhyjqNjdViaaHHYxzWLy90fGfM5,-100,336,»ғฟ๏« Ŀιиκ.* Law
00:15.45,10,YhyjqNjdViaaHHYxzWLy90fGfM5,-100,7355,ϋ
00:15.52,1,GyfcAfar4K5I3DHpY1M5PyBG3Ym,-101,336,»ғฟ๏« Ŀιиκ.* Law
00:16.67,2,GyfcAfar4K5I3DHpY1M5PyBG3Ym,-101,542,ѕĸγ»МіǤ«ғฟ๏
00:16.85,3,GyfcAfar4K5I3DHpY1M5PyBG3Ym,-101,608,a
00:16.89,4,GyfcAfar4K5I3DHpY1M5PyBG3Ym,-101,31,ғฟ๏.ins
00:16.89,5,GyfcAfar4K5I3DHpY1M5PyBG3Ym,-101,1022,הѕс ¬ Ѕоғт.*
00:17.13,6,GyfcAfar4K5I3DHpY1M5PyBG3Ym,-101,101,Hèिést
00:17.16,7,GyfcAfar4K5I3DHpY1M5PyBG3Ym,-101,120,мѕι mo
00:17.31,8,GyfcAfar4K5I3DHpY1M5PyBG3Ym,-101,159,LeG〢ςīмī
00:17.52,9,GyfcAfar4K5I3DHpY1M5PyBG3Ym,-101,57,i
00:17.69,10,GyfcAfar4K5I3DHpY1M5PyBG3Ym,-101,2448,nonick
00:16.56,1,SRxMks5R6xFiUo19ezJ0MePOZgi,-102,1078,FALCON
00:16.62,2,SRxMks5R6xFiUo19ezJ0MePOZgi,-102,315,ĊĦ Eror Ŀĸя
00:16.64,3,SRxMks5R6xFiUo19ezJ0MePOZgi,-102,943,ehkla.
00:16.70,4,SRxMks5R6xFiUo19ezJ0MePOZgi,-102,1798,byoš
00:16.71,5,SRxMks5R6xFiUo19ezJ0MePOZgi,-102,57,i
00:16.71,6,SRxMks5R6xFiUo19ezJ0MePOZgi,-102,101,Hèिést
00:16.72,7,SRxMks5R6xFiUo19ezJ0MePOZgi,-102,4427,Kairoैs! « т³
00:16.72,8,SRxMks5R6xFiUo19ezJ0MePOZgi,-102,2361,AzYmuthS « т³
00:16.73,9,SRxMks5R6xFiUo19ezJ0MePOZgi,-102,2479,nut
00:16.73,10,SRxMks5R6xFiUo19ezJ0MePOZgi,-102,3546,Eмßαท « т³
00:14.51,1,71qdrxoQu2LUCQnRDcpYiBcsqDb,-103,552,Fmc
00:14.72,2,71qdrxoQu2LUCQnRDcpYiBcsqDb,-103,1644,ЈН ¬ bMagma « т³
00:14.76,3,71qdrxoQu2LUCQnRDcpYiBcsqDb,-103,7,LeG〢ЈонаĿѕѕ »ғฟ๏«
00:14.80,4,71qdrxoQu2LUCQnRDcpYiBcsqDb,-103,745,my queen greta
00:14.81,5,71qdrxoQu2LUCQnRDcpYiBcsqDb,-103,2206,Luukasa123
00:14.81,6,71qdrxoQu2LUCQnRDcpYiBcsqDb,-103,3704,redank
00:14.85,7,71qdrxoQu2LUCQnRDcpYiBcsqDb,-103,6022,ңя ױ mirbb.ѕהν
00:14.88,8,71qdrxoQu2LUCQnRDcpYiBcsqDb,-103,2748,мѕι dzam мםя
00:14.89,9,71qdrxoQu2LUCQnRDcpYiBcsqDb,-103,541,ғฟ๏ Bicou
00:14.91,10,71qdrxoQu2LUCQnRDcpYiBcsqDb,-103,120,мѕι mo
00:20.06,1,dCjfXICVEzZNQE6DFXFH_2Qs4lj,-104,1878,Bambon
00:20.87,2,dCjfXICVEzZNQE6DFXFH_2Qs4lj,-104,608,a
00:21.27,3,dCjfXICVEzZNQE6DFXFH_2Qs4lj,-104,1950,// fey « т³ //
00:21.85,4,dCjfXICVEzZNQE6DFXFH_2Qs4lj,-104,2826,KŘOĄTĘ¬Thicc〢ѕІоώ»ЈŁ
00:21.90,5,dCjfXICVEzZNQE6DFXFH_2Qs4lj,-104,3704,redank
00:21.90,6,dCjfXICVEzZNQE6DFXFH_2Qs4lj,-104,1396,Lemon :) ᄓ boosт³
00:22.00,7,dCjfXICVEzZNQE6DFXFH_2Qs4lj,-104,2209,twig
00:22.07,8,dCjfXICVEzZNQE6DFXFH_2Qs4lj,-104,512,nexos
00:22.36,9,dCjfXICVEzZNQE6DFXFH_2Qs4lj,-104,300,Tres « т³
00:22.73,10,dCjfXICVEzZNQE6DFXFH_2Qs4lj,-104,1977," ғฟ๏, LeG | Plast"
00:20.09,1,oOKIHpy2x8cDjnghKuChlNZsVXc,-105,608,a
00:21.63,2,oOKIHpy2x8cDjnghKuChlNZsVXc,-105,120,мѕι mo
00:22.18,3,oOKIHpy2x8cDjnghKuChlNZsVXc,-105,1174,Нтм.Nad!
00:22.59,4,oOKIHpy2x8cDjnghKuChlNZsVXc,-105,927,pawelek
00:22.67,5,oOKIHpy2x8cDjnghKuChlNZsVXc,-105,3704,redank
00:22.68,6,oOKIHpy2x8cDjnghKuChlNZsVXc,-105,907,τєяα.
00:23.39,7,oOKIHpy2x8cDjnghKuChlNZsVXc,-105,487,bPlayैērシmsi
00:23.40,8,oOKIHpy2x8cDjnghKuChlNZsVXc,-105,187,хеяох.
00:23.41,9,oOKIHpy2x8cDjnghKuChlNZsVXc,-105,3165,ғяσैѕѕ
00:23.54,10,oOKIHpy2x8cDjnghKuChlNZsVXc,-105,1798,byoš
00:19.13,1,LYbCsmLX1fCwuVatJnu7dSwfNU6,-106,1396,Lemon :) ᄓ boosт³
00:19.35,2,LYbCsmLX1fCwuVatJnu7dSwfNU6,-106,31,ғฟ๏.ins
00:19.57,3,LYbCsmLX1fCwuVatJnu7dSwfNU6,-106,300,Tres « т³
00:19.70,4,LYbCsmLX1fCwuVatJnu7dSwfNU6,-106,608,a
00:19.76,5,LYbCsmLX1fCwuVatJnu7dSwfNU6,-106,5462,Lemonst
00:19.82,6,LYbCsmLX1fCwuVatJnu7dSwfNU6,-106,1127,Acer Spedrun
00:19.83,7,LYbCsmLX1fCwuVatJnu7dSwfNU6,-106,1798,byoš
00:19.86,8,LYbCsmLX1fCwuVatJnu7dSwfNU6,-106,120,мѕι mo
00:19.89,9,LYbCsmLX1fCwuVatJnu7dSwfNU6,-106,3704,redank
00:19.90,10,LYbCsmLX1fCwuVatJnu7dSwfNU6,-106,390,wikos2
00:10.10,1,CN9w1yqziNpBnOpqCGBVTJcUcze,-107,6673,ңя ױ adriaalv
00:10.21,2,CN9w1yqziNpBnOpqCGBVTJcUcze,-107,907,τєяα.
00:10.23,3,CN9w1yqziNpBnOpqCGBVTJcUcze,-107,450,ImminentOmelet58
00:10.28,4,CN9w1yqziNpBnOpqCGBVTJcUcze,-107,3704,redank
00:10.29,5,CN9w1yqziNpBnOpqCGBVTJcUcze,-107,9315,ѧғ©«ηωο»
00:10.33,6,CN9w1yqziNpBnOpqCGBVTJcUcze,-107,1627,bLex
00:10.33,7,CN9w1yqziNpBnOpqCGBVTJcUcze,-107,1651,FOCAlonKe〤ρเהĸ
00:10.34,8,CN9w1yqziNpBnOpqCGBVTJcUcze,-107,433,Ŀĸя ¬ Buch
00:10.36,9,CN9w1yqziNpBnOpqCGBVTJcUcze,-107,282,¬  Šĸуяџŋŋ ッ «
00:10.41,10,CN9w1yqziNpBnOpqCGBVTJcUcze,-107,1396,Lemon :) ᄓ boosт³
00:22.38,1,NY20olt9GurWXyZoXXvMGbvwLc0,-108,2114,凹 faiby ?
00:22.52,2,NY20olt9GurWXyZoXXvMGbvwLc0,-108,442,ᄽҒŁγііהǥᄿTe๓קєroя
00:22.60,3,NY20olt9GurWXyZoXXvMGbvwLc0,-108,1396,Lemon :) ᄓ boosт³
00:22.63,4,NY20olt9GurWXyZoXXvMGbvwLc0,-108,120,мѕι mo
00:22.69,5,NY20olt9GurWXyZoXXvMGbvwLc0,-108,1683,Eltev_X
00:22.73,6,NY20olt9GurWXyZoXXvMGbvwLc0,-108,2361,AzYmuthS « т³
00:22.94,7,NY20olt9GurWXyZoXXvMGbvwLc0,-108,981,δэrΚrampuς 221/426
00:23.06,8,NY20olt9GurWXyZoXXvMGbvwLc0,-108,927,pawelek
00:23.22,9,NY20olt9GurWXyZoXXvMGbvwLc0,-108,542,ѕĸγ»МіǤ«ғฟ๏
00:23.28,10,NY20olt9GurWXyZoXXvMGbvwLc0,-108,3704,redank
00:09.09,1,p5cdd2NTNAAxJMlBHOM6whvoYW3,-109,597,ⓓⓐⓜⓔⓛ
00:09.46,2,p5cdd2NTNAAxJMlBHOM6whvoYW3,-109,3341,bazrzokh
00:09.47,3,p5cdd2NTNAAxJMlBHOM6whvoYW3,-109,45,сав tekky.
00:09.58,4,p5cdd2NTNAAxJMlBHOM6whvoYW3,-109,535,ғฟ๏.Hazard.
00:09.70,5,p5cdd2NTNAAxJMlBHOM6whvoYW3,-109,1990,brego×
00:09.71,6,p5cdd2NTNAAxJMlBHOM6whvoYW3,-109,5696,CCC〢Lzaps
00:09.75,7,p5cdd2NTNAAxJMlBHOM6whvoYW3,-109,1080,qmr333
00:09.79,8,p5cdd2NTNAAxJMlBHOM6whvoYW3,-109,930,ЈŁ〢ВסягιैѕĿĸя¬old¹
00:09.85,9,p5cdd2NTNAAxJMlBHOM6whvoYW3,-109,959,UNITED STATES OF DONALDTRUMPERICA
00:09.87,10,p5cdd2NTNAAxJMlBHOM6whvoYW3,-109,2197, Skelly
00:13.31,1,HAQ7K7mN2DV0PfZzcZAbLiVPvtg,-110,1030,pietrak.
00:13.80,2,HAQ7K7mN2DV0PfZzcZAbLiVPvtg,-110,1042,×saiphyy×
00:13.85,3,HAQ7K7mN2DV0PfZzcZAbLiVPvtg,-110,2204,τ๏ß » τ๏ß » Enma « τ๏ß
00:13.87,4,HAQ7K7mN2DV0PfZzcZAbLiVPvtg,-110,943,ehkla.
00:13.88,5,HAQ7K7mN2DV0PfZzcZAbLiVPvtg,-110,2375,ST0MPN
00:13.90,6,HAQ7K7mN2DV0PfZzcZAbLiVPvtg,-110,5585,mind
00:13.92,7,HAQ7K7mN2DV0PfZzcZAbLiVPvtg,-110,2048,Ғlynss.
00:13.99,8,HAQ7K7mN2DV0PfZzcZAbLiVPvtg,-110,495,chonk
00:14.00,9,HAQ7K7mN2DV0PfZzcZAbLiVPvtg,-110,975,ѕκγ. flex
00:14.01,10,HAQ7K7mN2DV0PfZzcZAbLiVPvtg,-110,8816,εωפ»ғәĿ«๓ђ〆ļนск
00:16.23,1,qHJwFfqlv9133CScvup9VgHqWQg,-111,450,ImminentOmelet58
00:17.91,2,qHJwFfqlv9133CScvup9VgHqWQg,-111,1022,הѕс ¬ Ѕоғт.*
00:18.00,3,qHJwFfqlv9133CScvup9VgHqWQg,-111,542,ѕĸγ»МіǤ«ғฟ๏
00:18.17,4,qHJwFfqlv9133CScvup9VgHqWQg,-111,1119,Meneme
00:18.20,5,qHJwFfqlv9133CScvup9VgHqWQg,-111,384,ғฟ๏.g
00:18.24,6,qHJwFfqlv9133CScvup9VgHqWQg,-111,2011,ि७
00:18.25,7,qHJwFfqlv9133CScvup9VgHqWQg,-111,101,Hèिést
00:18.25,8,qHJwFfqlv9133CScvup9VgHqWQg,-111,2620,bPOULE | Le Grand Dadet
00:18.43,9,qHJwFfqlv9133CScvup9VgHqWQg,-111,886,Akame'¬ѕаχ
00:18.46,10,qHJwFfqlv9133CScvup9VgHqWQg,-111,57,i
00:21.30,1,I0ZGoSmYFk5QIkZJNyYzXHzXv1,-112,120,мѕι mo
00:23.23,2,I0ZGoSmYFk5QIkZJNyYzXHzXv1,-112,336,»ғฟ๏« Ŀιиκ.* Law
00:23.38,3,I0ZGoSmYFk5QIkZJNyYzXHzXv1,-112,1600,сав ¬ nellike
00:23.41,4,I0ZGoSmYFk5QIkZJNyYzXHzXv1,-112,2574,мѕι » Morale
00:23.53,5,I0ZGoSmYFk5QIkZJNyYzXHzXv1,-112,31,ғฟ๏.ins
00:23.58,6,I0ZGoSmYFk5QIkZJNyYzXHzXv1,-112,7431,ฬคтт ζ Удהפдмεг
00:23.89,7,I0ZGoSmYFk5QIkZJNyYzXHzXv1,-112,1798,byoš
00:23.92,8,I0ZGoSmYFk5QIkZJNyYzXHzXv1,-112,1126,Łץםκ〤koôsk'ad.
00:23.97,9,I0ZGoSmYFk5QIkZJNyYzXHzXv1,-112,835,Ŀĸя ¬Dvorky* ॢ
00:23.98,10,I0ZGoSmYFk5QIkZJNyYzXHzXv1,-112,433,Ŀĸя ¬ Buch
00:22.19,1,10WohJh_BvJNcDC3Ucb_th57e51,-113,5463,pastagrows
00:23.15,2,10WohJh_BvJNcDC3Ucb_th57e51,-113,1078,FALCON
00:23.84,3,10WohJh_BvJNcDC3Ucb_th57e51,-113,1727,buzzy.
00:24.73,4,10WohJh_BvJNcDC3Ucb_th57e51,-113,1696,яхнzै
00:25.25,5,10WohJh_BvJNcDC3Ucb_th57e51,-113,336,»ғฟ๏« Ŀιиκ.* Law
00:26.58,6,10WohJh_BvJNcDC3Ucb_th57e51,-113,120,мѕι mo
00:26.92,7,10WohJh_BvJNcDC3Ucb_th57e51,-113,1950,// fey « т³ //
00:27.05,8,10WohJh_BvJNcDC3Ucb_th57e51,-113,187,хеяох.
00:27.13,9,10WohJh_BvJNcDC3Ucb_th57e51,-113,4183,ヅČƏβ/Ļӛ Ǧ工ĝăÑтĒ乌ҨǜҾSσĈίαL
00:27.13,10,10WohJh_BvJNcDC3Ucb_th57e51,-113,1324,reasᄓnn
00:17.50,1,j4MlBtsnunMuLxHYWZSdlDADb9l,-114,1878,Bambon
00:17.53,2,j4MlBtsnunMuLxHYWZSdlDADb9l,-114,336,»ғฟ๏« Ŀιиκ.* Law
00:17.86,3,j4MlBtsnunMuLxHYWZSdlDADb9l,-114,2146,alecks〢ᄂᄆᄂ« т³
00:17.87,4,j4MlBtsnunMuLxHYWZSdlDADb9l,-114,3704,redank
00:18.00,5,j4MlBtsnunMuLxHYWZSdlDADb9l,-114,2029,ѕהνぬѕресטねНтм
00:18.08,6,j4MlBtsnunMuLxHYWZSdlDADb9l,-114,835,Ŀĸя ¬Dvorky* ॢ
00:18.12,7,j4MlBtsnunMuLxHYWZSdlDADb9l,-114,267,иċ!〒〇〒〇
00:18.19,8,j4MlBtsnunMuLxHYWZSdlDADb9l,-114,1025,arthy.
00:18.32,9,j4MlBtsnunMuLxHYWZSdlDADb9l,-114,8322,~़Vוטה ๋:>
00:18.39,10,j4MlBtsnunMuLxHYWZSdlDADb9l,-114,1798,byoš
00:14.61,1,B_MYTlbH6dSV27b2YqypiNBzDFi,-115,181,ғฟ๏.Logic'
00:14.84,2,B_MYTlbH6dSV27b2YqypiNBzDFi,-115,1977," ғฟ๏, LeG | Plast"
00:14.87,3,B_MYTlbH6dSV27b2YqypiNBzDFi,-115,2620,bPOULE | Le Grand Dadet
00:14.90,4,B_MYTlbH6dSV27b2YqypiNBzDFi,-115,1,gargı
00:14.92,5,B_MYTlbH6dSV27b2YqypiNBzDFi,-115,987,Law¬rowy
00:14.99,6,B_MYTlbH6dSV27b2YqypiNBzDFi,-115,5,nixion
00:14.99,7,B_MYTlbH6dSV27b2YqypiNBzDFi,-115,545,«厶ア» Tormod
00:15.04,8,B_MYTlbH6dSV27b2YqypiNBzDFi,-115,7517,Bor
00:15.12,9,B_MYTlbH6dSV27b2YqypiNBzDFi,-115,542,ѕĸγ»МіǤ«ғฟ๏
00:15.15,10,B_MYTlbH6dSV27b2YqypiNBzDFi,-115,2029,ѕהνぬѕресטねНтм
00:16.86,1,iU6wnLFL4Lf1VrkLpkY3bIkJGr0,-116,433,Ŀĸя ¬ Buch
00:16.99,2,iU6wnLFL4Lf1VrkLpkY3bIkJGr0,-116,552,Fmc
00:17.05,3,iU6wnLFL4Lf1VrkLpkY3bIkJGr0,-116,1324,reasᄓnn
00:17.11,4,iU6wnLFL4Lf1VrkLpkY3bIkJGr0,-116,1071,Wakkoe
00:17.11,5,iU6wnLFL4Lf1VrkLpkY3bIkJGr0,-116,1127,Acer Spedrun
00:17.13,6,iU6wnLFL4Lf1VrkLpkY3bIkJGr0,-116,3704,redank
00:17.17,7,iU6wnLFL4Lf1VrkLpkY3bIkJGr0,-116,975,ѕκγ. flex
00:17.27,8,iU6wnLFL4Lf1VrkLpkY3bIkJGr0,-116,1002,H1. Яoм
00:17.29,9,iU6wnLFL4Lf1VrkLpkY3bIkJGr0,-116,3546,Eмßαท « т³
00:17.33,10,iU6wnLFL4Lf1VrkLpkY3bIkJGr0,-116,1037,¬ ЈŁ〢ChoW «
00:25.26,1,jS9CPfbJvcCHeI5f8MoVX2vMewb,-117,336,»ғฟ๏« Ŀιиκ.* Law
00:25.31,2,jS9CPfbJvcCHeI5f8MoVX2vMewb,-117,542,ѕĸγ»МіǤ«ғฟ๏
00:25.31,3,jS9CPfbJvcCHeI5f8MoVX2vMewb,-117,1042,×saiphyy×
00:25.31,4,jS9CPfbJvcCHeI5f8MoVX2vMewb,-117,4183,ヅČƏβ/Ļӛ Ǧ工ĝăÑтĒ乌ҨǜҾSσĈίαL
00:25.34,5,jS9CPfbJvcCHeI5f8MoVX2vMewb,-117,552,Fmc
00:25.34,6,jS9CPfbJvcCHeI5f8MoVX2vMewb,-117,5274,VictorPro123
00:25.35,7,jS9CPfbJvcCHeI5f8MoVX2vMewb,-117,3165,ғяσैѕѕ
00:25.37,8,jS9CPfbJvcCHeI5f8MoVX2vMewb,-117,101,Hèिést
00:25.37,9,jS9CPfbJvcCHeI5f8MoVX2vMewb,-117,5752,zefi.
00:25.37,10,jS9CPfbJvcCHeI5f8MoVX2vMewb,-117,4354,「ιиғяα」
00:15.26,1,a7M8kXKMUjTJwHo1AjzYDbXh9i9,-118,3704,redank
00:16.01,2,a7M8kXKMUjTJwHo1AjzYDbXh9i9,-118,5274,VictorPro123
00:16.04,3,a7M8kXKMUjTJwHo1AjzYDbXh9i9,-118,1042,×saiphyy×
00:16.15,4,a7M8kXKMUjTJwHo1AjzYDbXh9i9,-118,3223,ŢȨҒᄽsyrx4ᄿ
00:16.17,5,a7M8kXKMUjTJwHo1AjzYDbXh9i9,-118,2006,nejcig
00:16.25,6,a7M8kXKMUjTJwHo1AjzYDbXh9i9,-118,1396,Lemon :) ᄓ boosт³
00:16.26,7,a7M8kXKMUjTJwHo1AjzYDbXh9i9,-118,2873,웃laser웃
00:16.34,8,a7M8kXKMUjTJwHo1AjzYDbXh9i9,-118,2114,凹 faiby ?
00:16.40,9,a7M8kXKMUjTJwHo1AjzYDbXh9i9,-118,1025,arthy.
00:16.50,10,a7M8kXKMUjTJwHo1AjzYDbXh9i9,-118,2901,qastef
00:25.67,1,3ffZ1YYbIvoKjB7bbmnh7yUELpg,-119,3704,redank
00:27.89,2,3ffZ1YYbIvoKjB7bbmnh7yUELpg,-119,57,i
00:28.33,3,3ffZ1YYbIvoKjB7bbmnh7yUELpg,-119,4183,ヅČƏβ/Ļӛ Ǧ工ĝăÑтĒ乌ҨǜҾSσĈίαL
00:28.34,4,3ffZ1YYbIvoKjB7bbmnh7yUELpg,-119,101,Hèिést
00:28.34,5,3ffZ1YYbIvoKjB7bbmnh7yUELpg,-119,542,ѕĸγ»МіǤ«ғฟ๏
00:28.63,6,3ffZ1YYbIvoKjB7bbmnh7yUELpg,-119,823,Buuurd
00:28.78,7,3ffZ1YYbIvoKjB7bbmnh7yUELpg,-119,1727,buzzy.
00:30.02,8,3ffZ1YYbIvoKjB7bbmnh7yUELpg,-119,608,a
00:30.37,9,3ffZ1YYbIvoKjB7bbmnh7yUELpg,-119,2826,KŘOĄTĘ¬Thicc〢ѕІоώ»ЈŁ
00:30.53,10,3ffZ1YYbIvoKjB7bbmnh7yUELpg,-119,1174,Нтм.Nad!
00:11.91,1,tUgTFsCtt5e_cj7JDszIw9XJZx5,-120,5274,VictorPro123
00:11.92,2,tUgTFsCtt5e_cj7JDszIw9XJZx5,-120,1324,reasᄓnn
00:11.94,3,tUgTFsCtt5e_cj7JDszIw9XJZx5,-120,943,ehkla.
00:11.97,4,tUgTFsCtt5e_cj7JDszIw9XJZx5,-120,353,ғฟ๏.Drarker.Law
00:12.01,5,tUgTFsCtt5e_cj7JDszIw9XJZx5,-120,2448,nonick
00:12.01,6,tUgTFsCtt5e_cj7JDszIw9XJZx5,-120,2873,웃laser웃
00:12.04,7,tUgTFsCtt5e_cj7JDszIw9XJZx5,-120,3080,|meg|
00:12.06,8,tUgTFsCtt5e_cj7JDszIw9XJZx5,-120,1361,Revan
00:12.08,9,tUgTFsCtt5e_cj7JDszIw9XJZx5,-120,1119,Meneme
00:12.10,10,tUgTFsCtt5e_cj7JDszIw9XJZx5,-120,2468,_
00:17.22,1,PdljMuyBpPvY4ek_kOto5ssqJ2k,-121,2243,sauucey
00:17.35,2,PdljMuyBpPvY4ek_kOto5ssqJ2k,-121,5274,VictorPro123
00:17.39,3,PdljMuyBpPvY4ek_kOto5ssqJ2k,-121,6035,.иѕғ҂Chrom :3
00:17.47,4,PdljMuyBpPvY4ek_kOto5ssqJ2k,-121,31,ғฟ๏.ins
00:17.58,5,PdljMuyBpPvY4ek_kOto5ssqJ2k,-121,1174,Нтм.Nad!
00:17.63,6,PdljMuyBpPvY4ek_kOto5ssqJ2k,-121,2873,웃laser웃
00:17.66,7,PdljMuyBpPvY4ek_kOto5ssqJ2k,-121,1249,PAY Daanke
00:17.77,8,PdljMuyBpPvY4ek_kOto5ssqJ2k,-121,1025,arthy.
00:17.82,9,PdljMuyBpPvY4ek_kOto5ssqJ2k,-121,1797,ױρאωєя.т³
00:17.88,10,PdljMuyBpPvY4ek_kOto5ssqJ2k,-121,390,wikos2
00:12.11,1,dQwiDpOEazjH2NJ3TRldCadAjo2,-122,120,мѕι mo
00:12.14,2,dQwiDpOEazjH2NJ3TRldCadAjo2,-122,433,Ŀĸя ¬ Buch
00:13.12,3,dQwiDpOEazjH2NJ3TRldCadAjo2,-122,2867,aryorha
00:13.53,4,dQwiDpOEazjH2NJ3TRldCadAjo2,-122,1127,Acer Spedrun
00:13.55,5,dQwiDpOEazjH2NJ3TRldCadAjo2,-122,5696,CCC〢Lzaps
00:13.65,6,dQwiDpOEazjH2NJ3TRldCadAjo2,-122,2919,r4' « т³
00:14.17,7,dQwiDpOEazjH2NJ3TRldCadAjo2,-122,3704,redank
00:14.23,8,dQwiDpOEazjH2NJ3TRldCadAjo2,-122,336,»ғฟ๏« Ŀιиκ.* Law
00:14.31,9,dQwiDpOEazjH2NJ3TRldCadAjo2,-122,487,bPlayैērシmsi
00:14.32,10,dQwiDpOEazjH2NJ3TRldCadAjo2,-122,149,Marmerladi
00:12.89,1,lOuEL_Xl6eEuFpGVdlxRcegHB3i,-123,434,öti
00:12.90,2,lOuEL_Xl6eEuFpGVdlxRcegHB3i,-123,2240, POULE »アrin¢ess
00:12.98,3,lOuEL_Xl6eEuFpGVdlxRcegHB3i,-123,1950,// fey « т³ //
00:13.06,4,lOuEL_Xl6eEuFpGVdlxRcegHB3i,-123,1024,ЈŁ〢SKush13〢яτх
00:13.08,5,lOuEL_Xl6eEuFpGVdlxRcegHB3i,-123,2826,KŘOĄTĘ¬Thicc〢ѕІоώ»ЈŁ
00:13.08,6,lOuEL_Xl6eEuFpGVdlxRcegHB3i,-123,8322,~़Vוטה ๋:>
00:13.09,7,lOuEL_Xl6eEuFpGVdlxRcegHB3i,-123,599,forg
00:13.19,8,lOuEL_Xl6eEuFpGVdlxRcegHB3i,-123,494,kamel
00:13.19,9,lOuEL_Xl6eEuFpGVdlxRcegHB3i,-123,2243,sauucey
00:13.21,10,lOuEL_Xl6eEuFpGVdlxRcegHB3i,-123,3474,๓ไ» βακεδ Δlαsκα « т³
00:18.96,1,7AP6iGYHoDbfG3yYdUdSJRX5xR2,-124,3955,Nem #jome
00:19.16,2,7AP6iGYHoDbfG3yYdUdSJRX5xR2,-124,608,a
00:19.50,3,7AP6iGYHoDbfG3yYdUdSJRX5xR2,-124,1797,ױρאωєя.т³
00:19.64,4,7AP6iGYHoDbfG3yYdUdSJRX5xR2,-124,187,хеяох.
00:19.74,5,7AP6iGYHoDbfG3yYdUdSJRX5xR2,-124,1798,byoš
00:19.75,6,7AP6iGYHoDbfG3yYdUdSJRX5xR2,-124,1396,Lemon :) ᄓ boosт³
00:19.80,7,7AP6iGYHoDbfG3yYdUdSJRX5xR2,-124,353,ғฟ๏.Drarker.Law
00:19.85,8,7AP6iGYHoDbfG3yYdUdSJRX5xR2,-124,6760,Lucin
00:19.94,9,7AP6iGYHoDbfG3yYdUdSJRX5xR2,-124,4183,ヅČƏβ/Ļӛ Ǧ工ĝăÑтĒ乌ҨǜҾSσĈίαL
00:20.04,10,7AP6iGYHoDbfG3yYdUdSJRX5xR2,-124,552,Fmc
00:21.73,1,_DEqPWypqZ7jhrv3YbvVT65PEgk,-125,2114,凹 faiby ?
00:22.32,2,_DEqPWypqZ7jhrv3YbvVT65PEgk,-125,963,lane
00:22.37,3,_DEqPWypqZ7jhrv3YbvVT65PEgk,-125,1071,Wakkoe
00:22.54,4,_DEqPWypqZ7jhrv3YbvVT65PEgk,-125,3704,redank
00:22.58,5,_DEqPWypqZ7jhrv3YbvVT65PEgk,-125,2243,sauucey
00:22.74,6,_DEqPWypqZ7jhrv3YbvVT65PEgk,-125,1396,Lemon :) ᄓ boosт³
00:22.75,7,_DEqPWypqZ7jhrv3YbvVT65PEgk,-125,800,»Ятλ«wally²
00:22.77,8,_DEqPWypqZ7jhrv3YbvVT65PEgk,-125,542,ѕĸγ»МіǤ«ғฟ๏
00:22.88,9,_DEqPWypqZ7jhrv3YbvVT65PEgk,-125,450,ImminentOmelet58
00:22.88,10,_DEqPWypqZ7jhrv3YbvVT65PEgk,-125,2479,nut
00:16.67,1,OduQtZtiQ7IlMrtOJCOp2tAiMRj,-126,4183,ヅČƏβ/Ļӛ Ǧ工ĝăÑтĒ乌ҨǜҾSσĈίαL
00:16.73,2,OduQtZtiQ7IlMrtOJCOp2tAiMRj,-126,542,ѕĸγ»МіǤ«ғฟ๏
00:16.73,3,OduQtZtiQ7IlMrtOJCOp2tAiMRj,-126,1324,reasᄓnn
00:17.00,4,OduQtZtiQ7IlMrtOJCOp2tAiMRj,-126,336,»ғฟ๏« Ŀιиκ.* Law
00:17.11,5,OduQtZtiQ7IlMrtOJCOp2tAiMRj,-126,943,ehkla.
00:17.14,6,OduQtZtiQ7IlMrtOJCOp2tAiMRj,-126,2146,alecks〢ᄂᄆᄂ« т³
00:31.11,7,OduQtZtiQ7IlMrtOJCOp2tAiMRj,-126,1727,buzzy.
00:32.42,8,OduQtZtiQ7IlMrtOJCOp2tAiMRj,-126,3704,redank
00:35.28,9,OduQtZtiQ7IlMrtOJCOp2tAiMRj,-126,2873,웃laser웃
00:37.15,10,OduQtZtiQ7IlMrtOJCOp2tAiMRj,-126,1396,Lemon :) ᄓ boosт³
00:34.62,1,psfiJwEmqYcoKxTFNRr1JLlC8vb,-127,336,»ғฟ๏« Ŀιиκ.* Law
00:34.97,2,psfiJwEmqYcoKxTFNRr1JLlC8vb,-127,450,ImminentOmelet58
00:58.55,3,psfiJwEmqYcoKxTFNRr1JLlC8vb,-127,1812,FIREFIGHTER
01:12.91,4,psfiJwEmqYcoKxTFNRr1JLlC8vb,-127,7581,Kares
01:13.17,5,psfiJwEmqYcoKxTFNRr1JLlC8vb,-127,1324,reasᄓnn
01:13.39,6,psfiJwEmqYcoKxTFNRr1JLlC8vb,-127,282,¬  Šĸуяџŋŋ ッ «
01:13.68,7,psfiJwEmqYcoKxTFNRr1JLlC8vb,-127,187,хеяох.
01:14.37,8,psfiJwEmqYcoKxTFNRr1JLlC8vb,-127,31,ғฟ๏.ins
01:15.20,9,psfiJwEmqYcoKxTFNRr1JLlC8vb,-127,42,aeैq«т³
01:15.89,10,psfiJwEmqYcoKxTFNRr1JLlC8vb,-127,43,ѕκy²oumol_«_т³
00:17.69,1,OI1JueyC_HhU5GC6XvWdpPZ6Kea,-128,1797,ױρאωєя.т³
00:17.81,2,OI1JueyC_HhU5GC6XvWdpPZ6Kea,-128,3704,redank
00:18.07,3,OI1JueyC_HhU5GC6XvWdpPZ6Kea,-128,43,ѕκy²oumol_«_т³
00:18.21,4,OI1JueyC_HhU5GC6XvWdpPZ6Kea,-128,1396,Lemon :) ᄓ boosт³
00:18.52,5,OI1JueyC_HhU5GC6XvWdpPZ6Kea,-128,2243,sauucey
00:18.53,6,OI1JueyC_HhU5GC6XvWdpPZ6Kea,-128,1798,byoš
00:18.76,7,OI1JueyC_HhU5GC6XvWdpPZ6Kea,-128,1644,ЈН ¬ bMagma « т³
00:18.79,8,OI1JueyC_HhU5GC6XvWdpPZ6Kea,-128,57,i
00:18.82,9,OI1JueyC_HhU5GC6XvWdpPZ6Kea,-128,5752,zefi.
00:18.84,10,OI1JueyC_HhU5GC6XvWdpPZ6Kea,-128,608,a
00:20.70,1,_nf5euhzN9UiASO6DTXZna6Fxfh,-129,1013,Louffy.
00:21.26,2,_nf5euhzN9UiASO6DTXZna6Fxfh,-129,3704,redank
00:21.35,3,_nf5euhzN9UiASO6DTXZna6Fxfh,-129,4183,ヅČƏβ/Ļӛ Ǧ工ĝăÑтĒ乌ҨǜҾSσĈίαL
00:21.47,4,_nf5euhzN9UiASO6DTXZna6Fxfh,-129,16,reden°ॆ८॒°ॅlevon
00:21.64,5,_nf5euhzN9UiASO6DTXZna6Fxfh,-129,2243,sauucey
00:21.74,6,_nf5euhzN9UiASO6DTXZna6Fxfh,-129,390,wikos2
00:21.89,7,_nf5euhzN9UiASO6DTXZna6Fxfh,-129,2479,nut
00:21.96,8,_nf5euhzN9UiASO6DTXZna6Fxfh,-129,3165,ғяσैѕѕ
00:21.99,9,_nf5euhzN9UiASO6DTXZna6Fxfh,-129,3515,ants
00:22.03,10,_nf5euhzN9UiASO6DTXZna6Fxfh,-129,2448,nonick
00:21.69,1,7cUcSKDGqMS08SQJcbUl7AkwaB9,-130,608,a
00:21.77,2,7cUcSKDGqMS08SQJcbUl7AkwaB9,-130,1174,Нтм.Nad!
00:21.84,3,7cUcSKDGqMS08SQJcbUl7AkwaB9,-130,4183,ヅČƏβ/Ļӛ Ǧ工ĝăÑтĒ乌ҨǜҾSσĈίαL
00:22.08,4,7cUcSKDGqMS08SQJcbUl7AkwaB9,-130,3704,redank
00:22.19,5,7cUcSKDGqMS08SQJcbUl7AkwaB9,-130,494,kamel
00:22.21,6,7cUcSKDGqMS08SQJcbUl7AkwaB9,-130,9377,Diaz
00:22.31,7,7cUcSKDGqMS08SQJcbUl7AkwaB9,-130,181,ғฟ๏.Logic'
00:22.34,8,7cUcSKDGqMS08SQJcbUl7AkwaB9,-130,987,Law¬rowy
00:22.63,9,7cUcSKDGqMS08SQJcbUl7AkwaB9,-130,336,»ғฟ๏« Ŀιиκ.* Law
00:22.63,10,7cUcSKDGqMS08SQJcbUl7AkwaB9,-130,1042,×saiphyy×
00:15.11,1,5jxwsF2W3dmVI95gGiPKJeYm_8d,-131,1174,Нтм.Nad!
00:15.20,2,5jxwsF2W3dmVI95gGiPKJeYm_8d,-131,353,ғฟ๏.Drarker.Law
00:15.20,3,5jxwsF2W3dmVI95gGiPKJeYm_8d,-131,7517,Bor
00:15.25,4,5jxwsF2W3dmVI95gGiPKJeYm_8d,-131,580,τιחє
00:15.27,5,5jxwsF2W3dmVI95gGiPKJeYm_8d,-131,600,LeG〢dev
00:15.31,6,5jxwsF2W3dmVI95gGiPKJeYm_8d,-131,835,Ŀĸя ¬Dvorky* ॢ
00:15.35,7,5jxwsF2W3dmVI95gGiPKJeYm_8d,-131,120,мѕι mo
00:15.36,8,5jxwsF2W3dmVI95gGiPKJeYm_8d,-131,552,Fmc
00:15.54,9,5jxwsF2W3dmVI95gGiPKJeYm_8d,-131,1950,// fey « т³ //
00:15.55,10,5jxwsF2W3dmVI95gGiPKJeYm_8d,-131,1042,×saiphyy×
00:17.49,1,GQOQPH3aw0C6kMcEPCbTid2cPUe,-132,4183,ヅČƏβ/Ļӛ Ǧ工ĝăÑтĒ乌ҨǜҾSσĈίαL
00:18.16,2,GQOQPH3aw0C6kMcEPCbTid2cPUe,-132,608,a
00:19.34,3,GQOQPH3aw0C6kMcEPCbTid2cPUe,-132,3955,Nem #jome
00:19.43,4,GQOQPH3aw0C6kMcEPCbTid2cPUe,-132,57,i
00:19.53,5,GQOQPH3aw0C6kMcEPCbTid2cPUe,-132,336,»ғฟ๏« Ŀιиκ.* Law
00:19.99,6,GQOQPH3aw0C6kMcEPCbTid2cPUe,-132,2514,shen
00:20.04,7,GQOQPH3aw0C6kMcEPCbTid2cPUe,-132,450,ImminentOmelet58
00:20.24,8,GQOQPH3aw0C6kMcEPCbTid2cPUe,-132,101,Hèिést
00:20.97,9,GQOQPH3aw0C6kMcEPCbTid2cPUe,-132,18,ѕκγ | Ζοםωιи
00:21.09,10,GQOQPH3aw0C6kMcEPCbTid2cPUe,-132,1022,הѕс ¬ Ѕоғт.*
00:28.71,1,jtZ4YsI9yBx1fTzWuNaQva6fwVd,-133,336,»ғฟ๏« Ŀιиκ.* Law
00:28.77,2,jtZ4YsI9yBx1fTzWuNaQva6fwVd,-133,4183,ヅČƏβ/Ļӛ Ǧ工ĝăÑтĒ乌ҨǜҾSσĈίαL
00:29.46,3,jtZ4YsI9yBx1fTzWuNaQva6fwVd,-133,987,Law¬rowy
00:29.77,4,jtZ4YsI9yBx1fTzWuNaQva6fwVd,-133,3704,redank
00:30.03,5,jtZ4YsI9yBx1fTzWuNaQva6fwVd,-133,608,a
00:30.31,6,jtZ4YsI9yBx1fTzWuNaQva6fwVd,-133,101,Hèिést
00:30.46,7,jtZ4YsI9yBx1fTzWuNaQva6fwVd,-133,1396,Lemon :) ᄓ boosт³
00:30.85,8,jtZ4YsI9yBx1fTzWuNaQva6fwVd,-133,120,мѕι mo
00:31.29,9,jtZ4YsI9yBx1fTzWuNaQva6fwVd,-133,8322,~़Vוטה ๋:>
00:31.65,10,jtZ4YsI9yBx1fTzWuNaQva6fwVd,-133,487,bPlayैērシmsi
00:13.76,1,VSGHX5EkrnOq2MtBDsvLc0446T3,-134,608,a
00:13.84,2,VSGHX5EkrnOq2MtBDsvLc0446T3,-134,1119,Meneme
00:13.88,3,VSGHX5EkrnOq2MtBDsvLc0446T3,-134,1174,Нтм.Nad!
00:14.03,4,VSGHX5EkrnOq2MtBDsvLc0446T3,-134,120,мѕι mo
00:14.14,5,VSGHX5EkrnOq2MtBDsvLc0446T3,-134,390,wikos2
00:14.16,6,VSGHX5EkrnOq2MtBDsvLc0446T3,-134,4183,ヅČƏβ/Ļӛ Ǧ工ĝăÑтĒ乌ҨǜҾSσĈίαL
00:14.23,7,VSGHX5EkrnOq2MtBDsvLc0446T3,-134,542,ѕĸγ»МіǤ«ғฟ๏
00:14.27,8,VSGHX5EkrnOq2MtBDsvLc0446T3,-134,93,ғฟ๏〢alexx. infector
00:14.34,9,VSGHX5EkrnOq2MtBDsvLc0446T3,-134,5752,zefi.
00:14.35,10,VSGHX5EkrnOq2MtBDsvLc0446T3,-134,336,»ғฟ๏« Ŀιиκ.* Law
00:21.47,1,53WtGbSdK2wn0CUDxnVt6bBRmta,-135,1588,мםя»Fabi.¹
00:21.79,2,53WtGbSdK2wn0CUDxnVt6bBRmta,-135,3165,ғяσैѕѕ
00:24.22,3,53WtGbSdK2wn0CUDxnVt6bBRmta,-135,2514,shen
00:24.47,4,53WtGbSdK2wn0CUDxnVt6bBRmta,-135,1683,Eltev_X
00:24.53,5,53WtGbSdK2wn0CUDxnVt6bBRmta,-135,3546,Eмßαท « т³
00:24.87,6,53WtGbSdK2wn0CUDxnVt6bBRmta,-135,1324,reasᄓnn
00:24.94,7,53WtGbSdK2wn0CUDxnVt6bBRmta,-135,1798,byoš
00:25.21,8,53WtGbSdK2wn0CUDxnVt6bBRmta,-135,1119,Meneme
00:25.94,9,53WtGbSdK2wn0CUDxnVt6bBRmta,-135,5,nixion
00:26.00,10,53WtGbSdK2wn0CUDxnVt6bBRmta,-135,487,bPlayैērシmsi
00:28.61,1,DOYITgyTeml8iuyLeG9WHwzwtyb,-136,608,a
00:28.98,2,DOYITgyTeml8iuyLeG9WHwzwtyb,-136,552,Fmc
00:29.12,3,DOYITgyTeml8iuyLeG9WHwzwtyb,-136,4183,ヅČƏβ/Ļӛ Ǧ工ĝăÑтĒ乌ҨǜҾSσĈίαL
00:29.23,4,DOYITgyTeml8iuyLeG9WHwzwtyb,-136,336,»ғฟ๏« Ŀιиκ.* Law
00:29.30,5,DOYITgyTeml8iuyLeG9WHwzwtyb,-136,120,мѕι mo
00:29.34,6,DOYITgyTeml8iuyLeG9WHwzwtyb,-136,1002,H1. Яoм
00:29.60,7,DOYITgyTeml8iuyLeG9WHwzwtyb,-136,1022,הѕс ¬ Ѕоғт.*
00:29.77,8,DOYITgyTeml8iuyLeG9WHwzwtyb,-136,3704,redank
00:29.85,9,DOYITgyTeml8iuyLeG9WHwzwtyb,-136,1798,byoš
00:29.90,10,DOYITgyTeml8iuyLeG9WHwzwtyb,-136,3892,THE PÒLLA FEELING
00:16.67,1,Ep0pH3pn45RxF4jPu5BVqFskDFe,-137,336,»ғฟ๏« Ŀιиκ.* Law
00:21.55,2,Ep0pH3pn45RxF4jPu5BVqFskDFe,-137,3704,redank
00:23.45,3,Ep0pH3pn45RxF4jPu5BVqFskDFe,-137,31,ғฟ๏.ins
00:24.09,4,Ep0pH3pn45RxF4jPu5BVqFskDFe,-137,4183,ヅČƏβ/Ļӛ Ǧ工ĝăÑтĒ乌ҨǜҾSσĈίαL
00:24.24,5,Ep0pH3pn45RxF4jPu5BVqFskDFe,-137,1013,Louffy.
00:24.29,6,Ep0pH3pn45RxF4jPu5BVqFskDFe,-137,3360,xosar
00:24.39,7,Ep0pH3pn45RxF4jPu5BVqFskDFe,-137,120,мѕι mo
00:24.40,8,Ep0pH3pn45RxF4jPu5BVqFskDFe,-137,943,ehkla.
00:24.45,9,Ep0pH3pn45RxF4jPu5BVqFskDFe,-137,57,i
00:24.61,10,Ep0pH3pn45RxF4jPu5BVqFskDFe,-137,608,a
00:10.98,1,oAOAeBfRisFyMGqobZvH9eeiXdh,-138,608,a
00:11.00,2,oAOAeBfRisFyMGqobZvH9eeiXdh,-138,542,ѕĸγ»МіǤ«ғฟ๏
00:11.00,3,oAOAeBfRisFyMGqobZvH9eeiXdh,-138,1174,Нтм.Nad!
00:11.06,4,oAOAeBfRisFyMGqobZvH9eeiXdh,-138,1039,le_duc44
00:11.12,5,oAOAeBfRisFyMGqobZvH9eeiXdh,-138,5039,Billboard ЈЄҒҒ
00:11.13,6,oAOAeBfRisFyMGqobZvH9eeiXdh,-138,955,MĄROĆ¬Drei〢ѕІоώ»ЈŁ
00:11.14,7,oAOAeBfRisFyMGqobZvH9eeiXdh,-138,1734,ƒun תeяѵ Lƒs
00:11.22,8,oAOAeBfRisFyMGqobZvH9eeiXdh,-138,552,Fmc
00:11.22,9,oAOAeBfRisFyMGqobZvH9eeiXdh,-138,3505,bobo ᄓ boost
00:11.23,10,oAOAeBfRisFyMGqobZvH9eeiXdh,-138,1644,ЈН ¬ bMagma « т³
00:10.99,1,2jTsavCVMcwc37wi_ffoC4Fj5Mg,-139,4183,ヅČƏβ/Ļӛ Ǧ工ĝăÑтĒ乌ҨǜҾSσĈίαL
00:11.81,2,2jTsavCVMcwc37wi_ffoC4Fj5Mg,-139,1396,Lemon :) ᄓ boosт³
00:14.40,3,2jTsavCVMcwc37wi_ffoC4Fj5Mg,-139,3704,redank
00:23.27,4,2jTsavCVMcwc37wi_ffoC4Fj5Mg,-139,336,»ғฟ๏« Ŀιиκ.* Law
00:23.85,5,2jTsavCVMcwc37wi_ffoC4Fj5Mg,-139,1174,Нтм.Nad!
00:24.63,6,2jTsavCVMcwc37wi_ffoC4Fj5Mg,-139,2243,sauucey
00:25.16,7,2jTsavCVMcwc37wi_ffoC4Fj5Mg,-139,1798,byoš
00:25.68,8,2jTsavCVMcwc37wi_ffoC4Fj5Mg,-139,101,Hèिést
00:26.15,9,2jTsavCVMcwc37wi_ffoC4Fj5Mg,-139,57,i
00:26.47,10,2jTsavCVMcwc37wi_ffoC4Fj5Mg,-139,450,ImminentOmelet58
00:10.66,1,bXmHvCUro_xLlViaADQu86Xvqpf,-140,5274,VictorPro123
00:11.00,2,bXmHvCUro_xLlViaADQu86Xvqpf,-140,487,bPlayैērシmsi
00:11.33,3,bXmHvCUro_xLlViaADQu86Xvqpf,-140,545,«厶ア» Tormod
00:11.43,4,bXmHvCUro_xLlViaADQu86Xvqpf,-140,384,ғฟ๏.g
00:11.55,5,bXmHvCUro_xLlViaADQu86Xvqpf,-140,608,a
00:11.82,6,bXmHvCUro_xLlViaADQu86Xvqpf,-140,943,ehkla.
00:11.87,7,bXmHvCUro_xLlViaADQu86Xvqpf,-140,552,Fmc
00:12.09,8,bXmHvCUro_xLlViaADQu86Xvqpf,-140,8322,~़Vוטה ๋:>
00:12.13,9,bXmHvCUro_xLlViaADQu86Xvqpf,-140,1977," ғฟ๏, LeG | Plast"
00:12.22,10,bXmHvCUro_xLlViaADQu86Xvqpf,-140,450,ImminentOmelet58
00:17.21,1,rj2ouqsmjyMqsTwpmO7tPZLF1H0,-141,5463,pastagrows
00:21.96,2,rj2ouqsmjyMqsTwpmO7tPZLF1H0,-141,608,a
00:23.14,3,rj2ouqsmjyMqsTwpmO7tPZLF1H0,-141,2011,ि७
00:24.36,4,rj2ouqsmjyMqsTwpmO7tPZLF1H0,-141,101,Hèिést
00:24.58,5,rj2ouqsmjyMqsTwpmO7tPZLF1H0,-141,2873,웃laser웃
00:24.61,6,rj2ouqsmjyMqsTwpmO7tPZLF1H0,-141,2448,nonick
00:24.64,7,rj2ouqsmjyMqsTwpmO7tPZLF1H0,-141,1324,reasᄓnn
00:24.67,8,rj2ouqsmjyMqsTwpmO7tPZLF1H0,-141,336,»ғฟ๏« Ŀιиκ.* Law
00:24.90,9,rj2ouqsmjyMqsTwpmO7tPZLF1H0,-141,2826,KŘOĄTĘ¬Thicc〢ѕІоώ»ЈŁ
00:24.99,10,rj2ouqsmjyMqsTwpmO7tPZLF1H0,-141,1037,¬ ЈŁ〢ChoW «
00:16.11,1,xjO0E1KePPzxrbAGoCu3LvyEzpj,-142,3704,redank
00:16.25,2,xjO0E1KePPzxrbAGoCu3LvyEzpj,-142,975,ѕκγ. flex
00:16.30,3,xjO0E1KePPzxrbAGoCu3LvyEzpj,-142,3223,ŢȨҒᄽsyrx4ᄿ
00:16.32,4,xjO0E1KePPzxrbAGoCu3LvyEzpj,-142,187,хеяох.
00:16.35,6,xjO0E1KePPzxrbAGoCu3LvyEzpj,-142,2747,Golden « т³
00:16.36,7,xjO0E1KePPzxrbAGoCu3LvyEzpj,-142,390,wikos2
00:16.38,8,xjO0E1KePPzxrbAGoCu3LvyEzpj,-142,181,ғฟ๏.Logic'
00:16.43,9,xjO0E1KePPzxrbAGoCu3LvyEzpj,-142,6662,υѕα » ฬเll
00:16.44,10,xjO0E1KePPzxrbAGoCu3LvyEzpj,-142,1014, Nexogger I| GF
00:20.56,1,8q0HmJzd7IHM6mlVo3t1J5kQZ5m,-143,512,nexos
00:20.57,2,8q0HmJzd7IHM6mlVo3t1J5kQZ5m,-143,1174,Нтм.Nad!
00:20.61,3,8q0HmJzd7IHM6mlVo3t1J5kQZ5m,-143,1977," ғฟ๏, LeG | Plast"
00:20.62,4,8q0HmJzd7IHM6mlVo3t1J5kQZ5m,-143,390,wikos2
00:20.63,5,8q0HmJzd7IHM6mlVo3t1J5kQZ5m,-143,1527,Rakas
00:20.70,6,8q0HmJzd7IHM6mlVo3t1J5kQZ5m,-143,745,my queen greta
00:20.74,7,8q0HmJzd7IHM6mlVo3t1J5kQZ5m,-143,1022,הѕс ¬ Ѕоғт.*
00:20.76,8,8q0HmJzd7IHM6mlVo3t1J5kQZ5m,-143,1127,Acer Spedrun
00:20.76,9,8q0HmJzd7IHM6mlVo3t1J5kQZ5m,-143,1396,Lemon :) ᄓ boosт³
00:20.77,10,8q0HmJzd7IHM6mlVo3t1J5kQZ5m,-143,45,сав tekky.
00:11.17,1,OHjrq62JPQw010RIqyB1pUj1Xrk,-144,1078,FALCON
00:11.24,2,OHjrq62JPQw010RIqyB1pUj1Xrk,-144,835,Ŀĸя ¬Dvorky* ॢ
00:11.25,3,OHjrq62JPQw010RIqyB1pUj1Xrk,-144,718,Kubas« т³
00:11.25,4,OHjrq62JPQw010RIqyB1pUj1Xrk,-144,1030,pietrak.
00:11.26,5,OHjrq62JPQw010RIqyB1pUj1Xrk,-144,433,Ŀĸя ¬ Buch
00:11.26,6,OHjrq62JPQw010RIqyB1pUj1Xrk,-144,960,cptsalmon
00:11.27,7,OHjrq62JPQw010RIqyB1pUj1Xrk,-144,2011,ि७
00:11.27,8,OHjrq62JPQw010RIqyB1pUj1Xrk,-144,5329,мιкєηZe
00:11.29,9,OHjrq62JPQw010RIqyB1pUj1Xrk,-144,993,〶ฝ¹  Gοैατ ツ
00:11.29,10,OHjrq62JPQw010RIqyB1pUj1Xrk,-144,761,ᄀT.Dire!
00:13.85,1,WYXKutysRBnC6Bvy1tNaXPRCtEi,-145,3165,ғяσैѕѕ
00:14.00,3,WYXKutysRBnC6Bvy1tNaXPRCtEi,-145,927,pawelek
00:14.01,4,WYXKutysRBnC6Bvy1tNaXPRCtEi,-145,1037,¬ ЈŁ〢ChoW «
00:14.02,5,WYXKutysRBnC6Bvy1tNaXPRCtEi,-145,1396,Lemon :) ᄓ boosт³
00:14.03,6,WYXKutysRBnC6Bvy1tNaXPRCtEi,-145,3225,Silliツ
00:14.06,7,WYXKutysRBnC6Bvy1tNaXPRCtEi,-145,1781,ғихᆢGeko | мр
00:14.08,8,WYXKutysRBnC6Bvy1tNaXPRCtEi,-145,2141,kawati
00:14.08,9,WYXKutysRBnC6Bvy1tNaXPRCtEi,-145,1001,ЈŁ SÞlîŋt
00:14.09,10,WYXKutysRBnC6Bvy1tNaXPRCtEi,-145,5752,zefi.
00:07.29,1,3VKlbNMqnzR1t2Jg0mTo2PsPAL2,-146,2393,ĊĦ Bob
00:07.41,2,3VKlbNMqnzR1t2Jg0mTo2PsPAL2,-146,2433,happyy
00:07.42,3,3VKlbNMqnzR1t2Jg0mTo2PsPAL2,-146,1396,Lemon :) ᄓ boosт³
00:07.52,4,3VKlbNMqnzR1t2Jg0mTo2PsPAL2,-146,209,ツ]  kyafkyafkyafkyafkyafkyafk  [т³
00:07.60,5,3VKlbNMqnzR1t2Jg0mTo2PsPAL2,-146,2904,NoPro»Skyer03
00:07.65,6,3VKlbNMqnzR1t2Jg0mTo2PsPAL2,-146,1247,hurbanova 37
00:07.74,7,3VKlbNMqnzR1t2Jg0mTo2PsPAL2,-146,1243,NoPro»Bouter
00:07.88,8,3VKlbNMqnzR1t2Jg0mTo2PsPAL2,-146,8632,car driver
00:07.90,9,3VKlbNMqnzR1t2Jg0mTo2PsPAL2,-146,7581,Kares
00:08.28,10,3VKlbNMqnzR1t2Jg0mTo2PsPAL2,-146,7431,ฬคтт ζ Удהפдмεг
00:11.22,1,xaOVOFZqwdPdDw_cbFSquLWojHe,-147,1,gargı
00:11.24,2,xaOVOFZqwdPdDw_cbFSquLWojHe,-147,2504,ρσω«мя´ǥαω«т³
00:11.28,3,xaOVOFZqwdPdDw_cbFSquLWojHe,-147,2904,NoPro»Skyer03
00:11.35,4,xaOVOFZqwdPdDw_cbFSquLWojHe,-147,1727,buzzy.
00:11.49,5,xaOVOFZqwdPdDw_cbFSquLWojHe,-147,1535,rkgk
00:11.49,6,xaOVOFZqwdPdDw_cbFSquLWojHe,-147,8632,car driver
00:11.54,7,xaOVOFZqwdPdDw_cbFSquLWojHe,-147,239,ゝsentinel
00:11.54,8,xaOVOFZqwdPdDw_cbFSquLWojHe,-147,3341,bazrzokh
00:11.56,9,xaOVOFZqwdPdDw_cbFSquLWojHe,-147,5018,ιģησяєвσ
00:13.88,2,WYXKutysRBnC6Bvy1tNaXPRCtEi,-145,3704,redank
00:11.58,10,xaOVOFZqwdPdDw_cbFSquLWojHe,-147,1780,メŠҝĬĹŁε〒
00:19.63,1,QH14v0Y6_x0VSreIDT7saGfpoP5,-148,336,»ғฟ๏« Ŀιиκ.* Law
00:19.69,2,QH14v0Y6_x0VSreIDT7saGfpoP5,-148,2188,Sileenz
00:19.69,3,QH14v0Y6_x0VSreIDT7saGfpoP5,-148,1174,Нтм.Nad!
00:19.77,4,QH14v0Y6_x0VSreIDT7saGfpoP5,-148,608,a
00:19.82,5,QH14v0Y6_x0VSreIDT7saGfpoP5,-148,433,Ŀĸя ¬ Buch
00:19.86,6,QH14v0Y6_x0VSreIDT7saGfpoP5,-148,5274,VictorPro123
00:19.87,7,QH14v0Y6_x0VSreIDT7saGfpoP5,-148,1042,×saiphyy×
00:19.89,8,QH14v0Y6_x0VSreIDT7saGfpoP5,-148,1127,Acer Spedrun
00:19.97,9,QH14v0Y6_x0VSreIDT7saGfpoP5,-148,943,ehkla.
00:19.98,10,QH14v0Y6_x0VSreIDT7saGfpoP5,-148,2826,KŘOĄTĘ¬Thicc〢ѕІоώ»ЈŁ
00:12.79,1,Y0Vu_7fE9VCSBDuNWtaHWr4R_N4,-149,487,bPlayैērシmsi
00:13.01,2,Y0Vu_7fE9VCSBDuNWtaHWr4R_N4,-149,4427,Kairoैs! « т³
00:13.13,3,Y0Vu_7fE9VCSBDuNWtaHWr4R_N4,-149,3909,lappen
00:13.23,4,Y0Vu_7fE9VCSBDuNWtaHWr4R_N4,-149,3704,redank
00:13.27,5,Y0Vu_7fE9VCSBDuNWtaHWr4R_N4,-149,149,Marmerladi
00:13.29,6,Y0Vu_7fE9VCSBDuNWtaHWr4R_N4,-149,1174,Нтм.Nad!
00:13.33,7,Y0Vu_7fE9VCSBDuNWtaHWr4R_N4,-149,975,ѕκγ. flex
00:13.35,8,Y0Vu_7fE9VCSBDuNWtaHWr4R_N4,-149,542,ѕĸγ»МіǤ«ғฟ๏
00:13.37,9,Y0Vu_7fE9VCSBDuNWtaHWr4R_N4,-149,3215,syz « т³
00:13.39,10,Y0Vu_7fE9VCSBDuNWtaHWr4R_N4,-149,353,ғฟ๏.Drarker.Law
00:10.20,1,LQDjcEZvTyJSUTi7aAGjxz1_dkl,-150,1551,ML¬ I'm happy <3
00:10.66,2,LQDjcEZvTyJSUTi7aAGjxz1_dkl,-150,5274,VictorPro123
00:10.66,3,LQDjcEZvTyJSUTi7aAGjxz1_dkl,-150,2348,ѕняєк!ζємטѕч²
00:10.66,4,LQDjcEZvTyJSUTi7aAGjxz1_dkl,-150,487,bPlayैērシmsi
00:10.66,5,LQDjcEZvTyJSUTi7aAGjxz1_dkl,-150,3341,bazrzokh
00:10.66,6,LQDjcEZvTyJSUTi7aAGjxz1_dkl,-150,1025,arthy.
00:10.66,7,LQDjcEZvTyJSUTi7aAGjxz1_dkl,-150,336,»ғฟ๏« Ŀιиκ.* Law
00:10.66,8,LQDjcEZvTyJSUTi7aAGjxz1_dkl,-150,2873,웃laser웃
00:10.66,9,LQDjcEZvTyJSUTi7aAGjxz1_dkl,-150,2553,Unknown >.<
00:10.66,10,LQDjcEZvTyJSUTi7aAGjxz1_dkl,-150,8280,pan
00:17.81,1,r5ggc5paQnQoeWD_yyLSQp9YHf6,-151,3704,redank
00:17.81,2,r5ggc5paQnQoeWD_yyLSQp9YHf6,-151,336,»ғฟ๏« Ŀιиκ.* Law
00:17.87,3,r5ggc5paQnQoeWD_yyLSQp9YHf6,-151,800,»Ятλ«wally²
00:17.88,4,r5ggc5paQnQoeWD_yyLSQp9YHf6,-151,1174,Нтм.Nad!
00:17.90,5,r5ggc5paQnQoeWD_yyLSQp9YHf6,-151,2574,мѕι » Morale
00:17.91,6,r5ggc5paQnQoeWD_yyLSQp9YHf6,-151,1797,ױρאωєя.т³
00:17.91,7,r5ggc5paQnQoeWD_yyLSQp9YHf6,-151,823,Buuurd
00:17.92,8,r5ggc5paQnQoeWD_yyLSQp9YHf6,-151,8322,~़Vוטה ๋:>
00:17.93,9,r5ggc5paQnQoeWD_yyLSQp9YHf6,-151,101,Hèिést
00:17.94,10,r5ggc5paQnQoeWD_yyLSQp9YHf6,-151,3546,Eмßαท « т³
00:25.62,1,3z0OsWlPOc3FzJe0m8wKJtsfY65,-152,3704,redank
00:25.66,2,3z0OsWlPOc3FzJe0m8wKJtsfY65,-152,1174,Нтм.Nad!
00:26.06,3,3z0OsWlPOc3FzJe0m8wKJtsfY65,-152,3515,ants
00:26.15,4,3z0OsWlPOc3FzJe0m8wKJtsfY65,-152,120,мѕι mo
00:26.15,5,3z0OsWlPOc3FzJe0m8wKJtsfY65,-152,4183,ヅČƏβ/Ļӛ Ǧ工ĝăÑтĒ乌ҨǜҾSσĈίαL
00:26.20,6,3z0OsWlPOc3FzJe0m8wKJtsfY65,-152,2515,omio〢๓ђ
00:26.49,7,3z0OsWlPOc3FzJe0m8wKJtsfY65,-152,101,Hèिést
00:26.56,8,3z0OsWlPOc3FzJe0m8wKJtsfY65,-152,2652,Wikky69
00:26.88,9,3z0OsWlPOc3FzJe0m8wKJtsfY65,-152,1677,Eddy!
00:26.93,10,3z0OsWlPOc3FzJe0m8wKJtsfY65,-152,336,»ғฟ๏« Ŀιиκ.* Law
00:11.41,1,9PFzPNMzaC4tK6vZhlyhE2DK4q,-153,1174,Нтм.Nad!
00:11.81,2,9PFzPNMzaC4tK6vZhlyhE2DK4q,-153,1042,×saiphyy×
00:12.02,3,9PFzPNMzaC4tK6vZhlyhE2DK4q,-153,608,a
00:12.28,4,9PFzPNMzaC4tK6vZhlyhE2DK4q,-153,2574,мѕι » Morale
00:12.48,5,9PFzPNMzaC4tK6vZhlyhE2DK4q,-153,2025,bijan
00:12.81,6,9PFzPNMzaC4tK6vZhlyhE2DK4q,-153,1677,Eddy!
00:12.97,7,9PFzPNMzaC4tK6vZhlyhE2DK4q,-153,2892,HELM | Koalashakira
00:13.12,8,9PFzPNMzaC4tK6vZhlyhE2DK4q,-153,542,ѕĸγ»МіǤ«ғฟ๏
00:13.23,9,9PFzPNMzaC4tK6vZhlyhE2DK4q,-153,336,»ғฟ๏« Ŀιиκ.* Law
00:13.33,10,9PFzPNMzaC4tK6vZhlyhE2DK4q,-153,1024,ЈŁ〢SKush13〢яτх
00:10.82,1,aQI3yrL3LVcvuqeVjkUOiNg6BFf,-154,3955,Nem #jome
00:11.40,2,aQI3yrL3LVcvuqeVjkUOiNg6BFf,-154,4183,ヅČƏβ/Ļӛ Ǧ工ĝăÑтĒ乌ҨǜҾSσĈίαL
00:11.90,3,aQI3yrL3LVcvuqeVjkUOiNg6BFf,-154,3704,redank
00:12.06,4,aQI3yrL3LVcvuqeVjkUOiNg6BFf,-154,1797,ױρאωєя.т³
00:12.54,5,aQI3yrL3LVcvuqeVjkUOiNg6BFf,-154,8234,nem..
00:13.15,6,aQI3yrL3LVcvuqeVjkUOiNg6BFf,-154,1174,Нтм.Nad!
00:13.39,7,aQI3yrL3LVcvuqeVjkUOiNg6BFf,-154,336,»ғฟ๏« Ŀιиκ.* Law
00:13.63,8,aQI3yrL3LVcvuqeVjkUOiNg6BFf,-154,2243,sauucey
00:13.72,9,aQI3yrL3LVcvuqeVjkUOiNg6BFf,-154,823,Buuurd
00:14.09,10,aQI3yrL3LVcvuqeVjkUOiNg6BFf,-154,4354,「ιиғяα」
00:17.57,1,JsR49y2aRyG2zkz7NU8XtH6EZzd,-155,3704,redank
00:17.66,2,JsR49y2aRyG2zkz7NU8XtH6EZzd,-155,2826,KŘOĄTĘ¬Thicc〢ѕІоώ»ЈŁ
00:17.78,3,JsR49y2aRyG2zkz7NU8XtH6EZzd,-155,1174,Нтм.Nad!
00:17.82,4,JsR49y2aRyG2zkz7NU8XtH6EZzd,-155,336,»ғฟ๏« Ŀιиκ.* Law
00:17.83,5,JsR49y2aRyG2zkz7NU8XtH6EZzd,-155,1727,buzzy.
00:17.85,6,JsR49y2aRyG2zkz7NU8XtH6EZzd,-155,608,a
00:17.89,7,JsR49y2aRyG2zkz7NU8XtH6EZzd,-155,8323,CarroT
00:17.89,8,JsR49y2aRyG2zkz7NU8XtH6EZzd,-155,1071,Wakkoe
00:17.91,9,JsR49y2aRyG2zkz7NU8XtH6EZzd,-155,2873,웃laser웃
00:17.91,10,JsR49y2aRyG2zkz7NU8XtH6EZzd,-155,943,ehkla.
00:18.11,1,jDyru99Hh6YYNyzGbXKfwmBHgn7,-156,608,a
00:18.45,2,jDyru99Hh6YYNyzGbXKfwmBHgn7,-156,1174,Нтм.Nad!
00:18.53,3,jDyru99Hh6YYNyzGbXKfwmBHgn7,-156,943,ehkla.
00:18.64,4,jDyru99Hh6YYNyzGbXKfwmBHgn7,-156,336,»ғฟ๏« Ŀιиκ.* Law
00:18.65,5,jDyru99Hh6YYNyzGbXKfwmBHgn7,-156,1324,reasᄓnn
00:18.66,6,jDyru99Hh6YYNyzGbXKfwmBHgn7,-156,2479,nut
00:18.70,7,jDyru99Hh6YYNyzGbXKfwmBHgn7,-156,5274,VictorPro123
00:19.01,8,jDyru99Hh6YYNyzGbXKfwmBHgn7,-156,1078,FALCON
00:19.08,9,jDyru99Hh6YYNyzGbXKfwmBHgn7,-156,1798,byoš
00:19.17,10,jDyru99Hh6YYNyzGbXKfwmBHgn7,-156,57,i
00:14.06,1,Rhocx_3SVayQ3F4fAQd51gwULI7,-157,2873,웃laser웃
00:14.35,2,Rhocx_3SVayQ3F4fAQd51gwULI7,-157,2209,twig
00:14.35,3,Rhocx_3SVayQ3F4fAQd51gwULI7,-157,1683,Eltev_X
00:14.36,4,Rhocx_3SVayQ3F4fAQd51gwULI7,-157,1174,Нтм.Nad!
00:14.42,5,Rhocx_3SVayQ3F4fAQd51gwULI7,-157,1324,reasᄓnn
00:14.48,6,Rhocx_3SVayQ3F4fAQd51gwULI7,-157,3704,redank
00:14.48,7,Rhocx_3SVayQ3F4fAQd51gwULI7,-157,5070,deis
00:14.51,8,Rhocx_3SVayQ3F4fAQd51gwULI7,-157,8037,akif713
00:14.52,9,Rhocx_3SVayQ3F4fAQd51gwULI7,-157,2919,r4' « т³
00:14.53,10,Rhocx_3SVayQ3F4fAQd51gwULI7,-157,42,aeैq«т³
00:17.62,1,Ec1lzJVfWySO3Zh6uR8vtt4YOZf,-158,1396,Lemon :) ᄓ boosт³
00:17.94,2,Ec1lzJVfWySO3Zh6uR8vtt4YOZf,-158,1174,Нтм.Nad!
00:17.97,3,Ec1lzJVfWySO3Zh6uR8vtt4YOZf,-158,3165,ғяσैѕѕ
00:18.01,4,Ec1lzJVfWySO3Zh6uR8vtt4YOZf,-158,4183,ヅČƏβ/Ļӛ Ǧ工ĝăÑтĒ乌ҨǜҾSσĈίαL
00:18.10,5,Ec1lzJVfWySO3Zh6uR8vtt4YOZf,-158,2448,nonick
00:18.16,6,Ec1lzJVfWySO3Zh6uR8vtt4YOZf,-158,823,Buuurd
00:18.22,7,Ec1lzJVfWySO3Zh6uR8vtt4YOZf,-158,777,Jere
00:18.26,8,Ec1lzJVfWySO3Zh6uR8vtt4YOZf,-158,2904,NoPro»Skyer03
00:18.52,9,Ec1lzJVfWySO3Zh6uR8vtt4YOZf,-158,8322,~़Vוטה ๋:>
00:18.72,10,Ec1lzJVfWySO3Zh6uR8vtt4YOZf,-158,120,мѕι mo
00:23.42,1,pZD4AYyq38Nc7mteK9IoymonVe3,-159,3704,redank
00:23.50,2,pZD4AYyq38Nc7mteK9IoymonVe3,-159,336,»ғฟ๏« Ŀιиκ.* Law
00:23.74,3,pZD4AYyq38Nc7mteK9IoymonVe3,-159,120,мѕι mo
00:23.82,4,pZD4AYyq38Nc7mteK9IoymonVe3,-159,608,a
00:23.87,5,pZD4AYyq38Nc7mteK9IoymonVe3,-159,1174,Нтм.Nad!
00:24.07,6,pZD4AYyq38Nc7mteK9IoymonVe3,-159,1024,ЈŁ〢SKush13〢яτх
00:24.10,7,pZD4AYyq38Nc7mteK9IoymonVe3,-159,2243,sauucey
00:24.13,8,pZD4AYyq38Nc7mteK9IoymonVe3,-159,101,Hèिést
00:24.19,9,pZD4AYyq38Nc7mteK9IoymonVe3,-159,1835,hayes
00:24.22,10,pZD4AYyq38Nc7mteK9IoymonVe3,-159,487,bPlayैērシmsi
00:22.38,1,Lj1hWJMIigQB_5vpXomjBDlzUL1,-160,1174,Нтм.Nad!
00:22.68,2,Lj1hWJMIigQB_5vpXomjBDlzUL1,-160,4183,ヅČƏβ/Ļӛ Ǧ工ĝăÑтĒ乌ҨǜҾSσĈίαL
00:22.94,3,Lj1hWJMIigQB_5vpXomjBDlzUL1,-160,1042,×saiphyy×
00:22.96,4,Lj1hWJMIigQB_5vpXomjBDlzUL1,-160,800,»Ятλ«wally²
00:23.09,5,Lj1hWJMIigQB_5vpXomjBDlzUL1,-160,1396,Lemon :) ᄓ boosт³
00:23.15,6,Lj1hWJMIigQB_5vpXomjBDlzUL1,-160,8322,~़Vוטה ๋:>
00:23.17,7,Lj1hWJMIigQB_5vpXomjBDlzUL1,-160,7517,Bor
00:23.26,8,Lj1hWJMIigQB_5vpXomjBDlzUL1,-160,2249,KURĐE¬Assa〢ғаѕт»ЈŁ
00:23.31,9,Lj1hWJMIigQB_5vpXomjBDlzUL1,-160,101,Hèिést
00:23.32,10,Lj1hWJMIigQB_5vpXomjBDlzUL1,-160,1727,buzzy.
00:22.00,1,kh88qhyrcDlzJiI19JE2baqvBu3,-161,4183,ヅČƏβ/Ļӛ Ǧ工ĝăÑтĒ乌ҨǜҾSσĈίαL
00:22.30,2,kh88qhyrcDlzJiI19JE2baqvBu3,-161,1174,Нтм.Nad!
00:22.42,3,kh88qhyrcDlzJiI19JE2baqvBu3,-161,3704,redank
00:22.54,4,kh88qhyrcDlzJiI19JE2baqvBu3,-161,987,Law¬rowy
00:22.58,5,kh88qhyrcDlzJiI19JE2baqvBu3,-161,745,my queen greta
00:22.61,6,kh88qhyrcDlzJiI19JE2baqvBu3,-161,542,ѕĸγ»МіǤ«ғฟ๏
00:22.61,7,kh88qhyrcDlzJiI19JE2baqvBu3,-161,5274,VictorPro123
00:22.68,8,kh88qhyrcDlzJiI19JE2baqvBu3,-161,1396,Lemon :) ᄓ boosт³
00:22.72,9,kh88qhyrcDlzJiI19JE2baqvBu3,-161,943,ehkla.
00:22.74,10,kh88qhyrcDlzJiI19JE2baqvBu3,-161,120,мѕι mo
00:30.29,1,R8QW5JUlh7Z9KX2GAFf_yh9MDHl,-162,4183,ヅČƏβ/Ļӛ Ǧ工ĝăÑтĒ乌ҨǜҾSσĈίαL
00:30.35,2,R8QW5JUlh7Z9KX2GAFf_yh9MDHl,-162,1174,Нтм.Nad!
00:30.86,3,R8QW5JUlh7Z9KX2GAFf_yh9MDHl,-162,3704,redank
00:30.93,4,R8QW5JUlh7Z9KX2GAFf_yh9MDHl,-162,5,nixion
00:31.21,5,R8QW5JUlh7Z9KX2GAFf_yh9MDHl,-162,336,»ғฟ๏« Ŀιиκ.* Law
00:31.51,6,R8QW5JUlh7Z9KX2GAFf_yh9MDHl,-162,1324,reasᄓnn
00:31.59,7,R8QW5JUlh7Z9KX2GAFf_yh9MDHl,-162,120,мѕι mo
00:31.69,8,R8QW5JUlh7Z9KX2GAFf_yh9MDHl,-162,353,ғฟ๏.Drarker.Law
00:32.10,9,R8QW5JUlh7Z9KX2GAFf_yh9MDHl,-162,777,Jere
00:32.17,10,R8QW5JUlh7Z9KX2GAFf_yh9MDHl,-162,2006,nejcig
00:17.28,1,N8qKyD3uMnhKj5JpbCxW0QLWTgb,-163,5955,mikmos
00:17.36,2,N8qKyD3uMnhKj5JpbCxW0QLWTgb,-163,2209,twig
00:17.36,3,N8qKyD3uMnhKj5JpbCxW0QLWTgb,-163,1174,Нтм.Nad!
00:17.42,4,N8qKyD3uMnhKj5JpbCxW0QLWTgb,-163,120,мѕι mo
00:17.45,5,N8qKyD3uMnhKj5JpbCxW0QLWTgb,-163,2435,eprotizuu
00:17.45,6,N8qKyD3uMnhKj5JpbCxW0QLWTgb,-163,18,ѕκγ | Ζοםωιи
00:17.50,7,N8qKyD3uMnhKj5JpbCxW0QLWTgb,-163,1797,ױρאωєя.т³
00:17.52,8,N8qKyD3uMnhKj5JpbCxW0QLWTgb,-163,2894,michalo
00:17.53,9,N8qKyD3uMnhKj5JpbCxW0QLWTgb,-163,2187,zetos.
00:17.54,10,N8qKyD3uMnhKj5JpbCxW0QLWTgb,-163,2236,Evozer
00:17.02,1,Gj1rdFxqBsAJYBRZEZkGegQgeq2,-164,178,DWN.skandear
00:17.07,2,Gj1rdFxqBsAJYBRZEZkGegQgeq2,-164,5,nixion
00:17.11,3,Gj1rdFxqBsAJYBRZEZkGegQgeq2,-164,1324,reasᄓnn
00:17.12,4,Gj1rdFxqBsAJYBRZEZkGegQgeq2,-164,1174,Нтм.Nad!
00:17.13,5,Gj1rdFxqBsAJYBRZEZkGegQgeq2,-164,2493,jedrzej700
00:17.13,6,Gj1rdFxqBsAJYBRZEZkGegQgeq2,-164,5758,Ruhtr4_011
00:17.15,7,Gj1rdFxqBsAJYBRZEZkGegQgeq2,-164,3165,ғяσैѕѕ
00:17.18,8,Gj1rdFxqBsAJYBRZEZkGegQgeq2,-164,2712,Whiмѕιcal«т³
00:17.19,9,Gj1rdFxqBsAJYBRZEZkGegQgeq2,-164,120,мѕι mo
00:17.21,10,Gj1rdFxqBsAJYBRZEZkGegQgeq2,-164,580,τιחє
00:19.66,1,98V_6iihMD3mo0xlqfmKAZH0oT5,-165,3704,redank
00:19.75,2,98V_6iihMD3mo0xlqfmKAZH0oT5,-165,608,a
00:20.55,3,98V_6iihMD3mo0xlqfmKAZH0oT5,-165,4183,ヅČƏβ/Ļӛ Ǧ工ĝăÑтĒ乌ҨǜҾSσĈίαL
00:21.21,4,98V_6iihMD3mo0xlqfmKAZH0oT5,-165,336,»ғฟ๏« Ŀιиκ.* Law
00:21.36,5,98V_6iihMD3mo0xlqfmKAZH0oT5,-165,1174,Нтм.Nad!
00:22.07,6,98V_6iihMD3mo0xlqfmKAZH0oT5,-165,120,мѕι mo
00:22.11,7,98V_6iihMD3mo0xlqfmKAZH0oT5,-165,523,Нтм.Cheetek
00:22.69,8,98V_6iihMD3mo0xlqfmKAZH0oT5,-165,823,Buuurd
00:22.88,9,98V_6iihMD3mo0xlqfmKAZH0oT5,-165,3707,SEA
00:22.96,10,98V_6iihMD3mo0xlqfmKAZH0oT5,-165,2187,zetos.
00:14.34,1,qtLK4stbdTIZrfUqwCfVJb1Rgxg,-166,4183,ヅČƏβ/Ļӛ Ǧ工ĝăÑтĒ乌ҨǜҾSσĈίαL
00:14.36,2,qtLK4stbdTIZrfUqwCfVJb1Rgxg,-166,975,ѕκγ. flex
00:14.43,3,qtLK4stbdTIZrfUqwCfVJb1Rgxg,-166,1174,Нтм.Nad!
00:14.43,4,qtLK4stbdTIZrfUqwCfVJb1Rgxg,-166,1990,brego×
00:14.48,5,qtLK4stbdTIZrfUqwCfVJb1Rgxg,-166,4082,iiHugo « т³
00:14.50,6,qtLK4stbdTIZrfUqwCfVJb1Rgxg,-166,2650,HELM | Mud
00:14.56,7,qtLK4stbdTIZrfUqwCfVJb1Rgxg,-166,3360,xosar
00:14.57,8,qtLK4stbdTIZrfUqwCfVJb1Rgxg,-166,4427,Kairoैs! « т³
00:14.59,9,qtLK4stbdTIZrfUqwCfVJb1Rgxg,-166,718,Kubas« т³
00:14.60,10,qtLK4stbdTIZrfUqwCfVJb1Rgxg,-166,943,ehkla.
00:13.46,1,sZDJjw1U6NHdX7f32RjtazYvcvi,-167,3704,redank
00:13.51,2,sZDJjw1U6NHdX7f32RjtazYvcvi,-167,554,ρυІѕе.エce
00:13.51,3,sZDJjw1U6NHdX7f32RjtazYvcvi,-167,1174,Нтм.Nad!
00:13.52,4,sZDJjw1U6NHdX7f32RjtazYvcvi,-167,2873,웃laser웃
00:13.54,5,sZDJjw1U6NHdX7f32RjtazYvcvi,-167,4354,「ιиғяα」
00:13.57,6,sZDJjw1U6NHdX7f32RjtazYvcvi,-167,4183,ヅČƏβ/Ļӛ Ǧ工ĝăÑтĒ乌ҨǜҾSσĈίαL
00:13.60,7,sZDJjw1U6NHdX7f32RjtazYvcvi,-167,5,nixion
00:13.60,8,sZDJjw1U6NHdX7f32RjtazYvcvi,-167,1071,Wakkoe
00:13.62,9,sZDJjw1U6NHdX7f32RjtazYvcvi,-167,580,τιחє
00:13.64,10,sZDJjw1U6NHdX7f32RjtazYvcvi,-167,442,ᄽҒŁγііהǥᄿTe๓קєroя
00:18.00,1,dEy1th3VC_ie27_ssVrJaSPv_Oj,-168,1174,Нтм.Nad!
00:18.01,2,dEy1th3VC_ie27_ssVrJaSPv_Oj,-168,1396,Lemon :) ᄓ boosт³
00:18.01,3,dEy1th3VC_ie27_ssVrJaSPv_Oj,-168,4797,ңя ױ נסנס
00:18.14,4,dEy1th3VC_ie27_ssVrJaSPv_Oj,-168,745,my queen greta
00:18.17,5,dEy1th3VC_ie27_ssVrJaSPv_Oj,-168,2904,NoPro»Skyer03
00:18.20,6,dEy1th3VC_ie27_ssVrJaSPv_Oj,-168,101,Hèिést
00:18.20,7,dEy1th3VC_ie27_ssVrJaSPv_Oj,-168,3704,redank
00:18.25,8,dEy1th3VC_ie27_ssVrJaSPv_Oj,-168,336,»ғฟ๏« Ŀιиκ.* Law
00:18.26,9,dEy1th3VC_ie27_ssVrJaSPv_Oj,-168,777,Jere
00:18.34,10,dEy1th3VC_ie27_ssVrJaSPv_Oj,-168,5329,мιкєηZe
00:23.98,1,usSOEQM8zfBktmWOlGzG4FF6kDe,-169,5274,VictorPro123
00:24.11,2,usSOEQM8zfBktmWOlGzG4FF6kDe,-169,3704,redank
00:24.11,3,usSOEQM8zfBktmWOlGzG4FF6kDe,-169,1174,Нтм.Nad!
00:24.37,4,usSOEQM8zfBktmWOlGzG4FF6kDe,-169,7517,Bor
00:24.41,5,usSOEQM8zfBktmWOlGzG4FF6kDe,-169,4183,ヅČƏβ/Ļӛ Ǧ工ĝăÑтĒ乌ҨǜҾSσĈίαL
00:24.54,6,usSOEQM8zfBktmWOlGzG4FF6kDe,-169,8407,ңя ױ jarck.
00:24.60,7,usSOEQM8zfBktmWOlGzG4FF6kDe,-169,336,»ғฟ๏« Ŀιиκ.* Law
00:24.64,8,usSOEQM8zfBktmWOlGzG4FF6kDe,-169,8322,~़Vוטה ๋:>
00:24.65,9,usSOEQM8zfBktmWOlGzG4FF6kDe,-169,4104,andrew
00:24.69,10,usSOEQM8zfBktmWOlGzG4FF6kDe,-169,2243,sauucey
00:12.88,1,wjvq_LvNPHvVDi_nIw1MUNas_4c,-170,3704,redank
00:12.96,2,wjvq_LvNPHvVDi_nIw1MUNas_4c,-170,336,»ғฟ๏« Ŀιиκ.* Law
00:13.06,3,wjvq_LvNPHvVDi_nIw1MUNas_4c,-170,1174,Нтм.Nad!
00:13.08,4,wjvq_LvNPHvVDi_nIw1MUNas_4c,-170,5274,VictorPro123
00:13.10,5,wjvq_LvNPHvVDi_nIw1MUNas_4c,-170,608,a
00:13.14,6,wjvq_LvNPHvVDi_nIw1MUNas_4c,-170,31,ғฟ๏.ins
00:13.14,7,wjvq_LvNPHvVDi_nIw1MUNas_4c,-170,542,ѕĸγ»МіǤ«ғฟ๏
00:13.16,8,wjvq_LvNPHvVDi_nIw1MUNas_4c,-170,120,мѕι mo
00:13.23,9,wjvq_LvNPHvVDi_nIw1MUNas_4c,-170,2114,凹 faiby ?
00:13.23,10,wjvq_LvNPHvVDi_nIw1MUNas_4c,-170,1042,×saiphyy×
00:17.27,1,pv63FRlfvRvXagNp6T_f2vWFRk9,-171,1174,Нтм.Nad!
00:17.56,2,pv63FRlfvRvXagNp6T_f2vWFRk9,-171,3704,redank
00:18.46,3,pv63FRlfvRvXagNp6T_f2vWFRk9,-171,2114,凹 faiby ?
00:18.52,4,pv63FRlfvRvXagNp6T_f2vWFRk9,-171,2188,Sileenz
00:18.63,5,pv63FRlfvRvXagNp6T_f2vWFRk9,-171,120,мѕι mo
00:18.95,6,pv63FRlfvRvXagNp6T_f2vWFRk9,-171,3341,bazrzokh
00:20.03,7,pv63FRlfvRvXagNp6T_f2vWFRk9,-171,5274,VictorPro123
00:20.05,8,pv63FRlfvRvXagNp6T_f2vWFRk9,-171,943,ehkla.
00:20.08,9,pv63FRlfvRvXagNp6T_f2vWFRk9,-171,8322,~़Vוטה ๋:>
00:20.18,10,pv63FRlfvRvXagNp6T_f2vWFRk9,-171,2873,웃laser웃
00:21.40,1,ZpqlcQBOM5qswnYLxKtc77SqY98,-172,1174,Нтм.Nad!
00:21.69,2,ZpqlcQBOM5qswnYLxKtc77SqY98,-172,8322,~़Vוטה ๋:>
00:21.71,3,ZpqlcQBOM5qswnYLxKtc77SqY98,-172,2873,웃laser웃
00:21.75,4,ZpqlcQBOM5qswnYLxKtc77SqY98,-172,3704,redank
00:21.76,5,ZpqlcQBOM5qswnYLxKtc77SqY98,-172,2826,KŘOĄTĘ¬Thicc〢ѕІоώ»ЈŁ
00:22.03,6,ZpqlcQBOM5qswnYLxKtc77SqY98,-172,4104,andrew
00:22.10,7,ZpqlcQBOM5qswnYLxKtc77SqY98,-172,8323,CarroT
00:22.41,8,ZpqlcQBOM5qswnYLxKtc77SqY98,-172,57,i
00:22.43,9,ZpqlcQBOM5qswnYLxKtc77SqY98,-172,2479,nut
00:22.44,10,ZpqlcQBOM5qswnYLxKtc77SqY98,-172,4183,ヅČƏβ/Ļӛ Ǧ工ĝăÑтĒ乌ҨǜҾSσĈίαL
00:13.13,1,s7BWOQqNDFljNWI7BX2QVOf0Tp,-173,4183,ヅČƏβ/Ļӛ Ǧ工ĝăÑтĒ乌ҨǜҾSσĈίαL
00:13.14,2,s7BWOQqNDFljNWI7BX2QVOf0Tp,-173,2873,웃laser웃
00:14.28,3,s7BWOQqNDFljNWI7BX2QVOf0Tp,-173,5463,pastagrows
00:16.90,4,s7BWOQqNDFljNWI7BX2QVOf0Tp,-173,1950,// fey « т³ //
00:16.91,5,s7BWOQqNDFljNWI7BX2QVOf0Tp,-173,2514,shen
00:17.75,6,s7BWOQqNDFljNWI7BX2QVOf0Tp,-173,2114,凹 faiby ?
00:17.83,7,s7BWOQqNDFljNWI7BX2QVOf0Tp,-173,3704,redank
00:17.98,8,s7BWOQqNDFljNWI7BX2QVOf0Tp,-173,163,₿ᴇᴀᴛᴙᴉᴄᴇ
00:18.31,9,s7BWOQqNDFljNWI7BX2QVOf0Tp,-173,1174,Нтм.Nad!
00:18.45,10,s7BWOQqNDFljNWI7BX2QVOf0Tp,-173,1798,byoš
00:12.98,1,9Lr0yrZAeAwSDvOtZLBkp_wVpBi,-174,2435,eprotizuu
00:13.24,2,9Lr0yrZAeAwSDvOtZLBkp_wVpBi,-174,3341,bazrzokh
00:13.36,3,9Lr0yrZAeAwSDvOtZLBkp_wVpBi,-174,1324,reasᄓnn
00:13.38,4,9Lr0yrZAeAwSDvOtZLBkp_wVpBi,-174,2484,Roa〆
00:13.39,5,9Lr0yrZAeAwSDvOtZLBkp_wVpBi,-174,2025,bijan
00:13.40,6,9Lr0yrZAeAwSDvOtZLBkp_wVpBi,-174,1174,Нтм.Nad!
00:13.40,7,9Lr0yrZAeAwSDvOtZLBkp_wVpBi,-174,1797,ױρאωєя.т³
00:13.42,8,9Lr0yrZAeAwSDvOtZLBkp_wVpBi,-174,3165,ғяσैѕѕ
00:13.42,9,9Lr0yrZAeAwSDvOtZLBkp_wVpBi,-174,7517,Bor
00:13.43,10,9Lr0yrZAeAwSDvOtZLBkp_wVpBi,-174,1396,Lemon :) ᄓ boosт³
00:19.90,1,NVKA0cDHCekq4Y8mwReD8sUF7f8,-175,4183,ヅČƏβ/Ļӛ Ǧ工ĝăÑтĒ乌ҨǜҾSσĈίαL
00:19.91,2,NVKA0cDHCekq4Y8mwReD8sUF7f8,-175,3704,redank
00:19.97,3,NVKA0cDHCekq4Y8mwReD8sUF7f8,-175,5274,VictorPro123
00:20.01,4,NVKA0cDHCekq4Y8mwReD8sUF7f8,-175,1174,Нтм.Nad!
00:20.07,5,NVKA0cDHCekq4Y8mwReD8sUF7f8,-175,2479,nut
00:20.07,6,NVKA0cDHCekq4Y8mwReD8sUF7f8,-175,1798,byoš
00:20.11,7,NVKA0cDHCekq4Y8mwReD8sUF7f8,-175,1078,FALCON
00:20.12,8,NVKA0cDHCekq4Y8mwReD8sUF7f8,-175,5955,mikmos
00:20.12,9,NVKA0cDHCekq4Y8mwReD8sUF7f8,-175,2025,bijan
00:20.13,10,NVKA0cDHCekq4Y8mwReD8sUF7f8,-175,959,UNITED STATES OF DONALDTRUMPERICA
00:42.33,1,ZN7IJqCHQ9JZQlt6RK0Zpnij6p,-176,3704,redank
00:44.47,2,ZN7IJqCHQ9JZQlt6RK0Zpnij6p,-176,1174,Нтм.Nad!
00:45.17,3,ZN7IJqCHQ9JZQlt6RK0Zpnij6p,-176,1977," ғฟ๏, LeG | Plast"
00:45.84,4,ZN7IJqCHQ9JZQlt6RK0Zpnij6p,-176,2243,sauucey
00:47.43,5,ZN7IJqCHQ9JZQlt6RK0Zpnij6p,-176,2114,凹 faiby ?
00:47.62,6,ZN7IJqCHQ9JZQlt6RK0Zpnij6p,-176,3653,kzm.т³
00:47.63,7,ZN7IJqCHQ9JZQlt6RK0Zpnij6p,-176,1042,×saiphyy×
00:48.08,8,ZN7IJqCHQ9JZQlt6RK0Zpnij6p,-176,1797,ױρאωєя.т³
00:48.82,9,ZN7IJqCHQ9JZQlt6RK0Zpnij6p,-176,18,ѕκγ | Ζοםωιи
00:49.53,10,ZN7IJqCHQ9JZQlt6RK0Zpnij6p,-176,120,мѕι mo
00:15.30,1,b77w81lHSNdCJAfYMeQ1bA_g0ym,-177,1174,Нтм.Nad!
00:16.31,2,b77w81lHSNdCJAfYMeQ1bA_g0ym,-177,120,мѕι mo
00:16.70,3,b77w81lHSNdCJAfYMeQ1bA_g0ym,-177,823,Buuurd
00:18.98,4,b77w81lHSNdCJAfYMeQ1bA_g0ym,-177,2484,Roa〆
00:19.14,5,b77w81lHSNdCJAfYMeQ1bA_g0ym,-177,433,Ŀĸя ¬ Buch
00:19.19,6,b77w81lHSNdCJAfYMeQ1bA_g0ym,-177,31,ғฟ๏.ins
00:19.22,7,b77w81lHSNdCJAfYMeQ1bA_g0ym,-177,2249,KURĐE¬Assa〢ғаѕт»ЈŁ
00:19.28,8,b77w81lHSNdCJAfYMeQ1bA_g0ym,-177,975,ѕκγ. flex
00:19.28,9,b77w81lHSNdCJAfYMeQ1bA_g0ym,-177,608,a
00:19.66,10,b77w81lHSNdCJAfYMeQ1bA_g0ym,-177,4104,andrew
00:20.63,1,Qm5aZi7Bg3gWx2xb2UqIRRW3Y6l,-178,1174,Нтм.Nad!
00:20.79,2,Qm5aZi7Bg3gWx2xb2UqIRRW3Y6l,-178,3704,redank
00:20.81,3,Qm5aZi7Bg3gWx2xb2UqIRRW3Y6l,-178,7517,Bor
00:20.83,4,Qm5aZi7Bg3gWx2xb2UqIRRW3Y6l,-178,282,¬  Šĸуяџŋŋ ッ «
00:21.28,5,Qm5aZi7Bg3gWx2xb2UqIRRW3Y6l,-178,2243,sauucey
00:21.32,6,Qm5aZi7Bg3gWx2xb2UqIRRW3Y6l,-178,336,»ғฟ๏« Ŀιиκ.* Law
00:21.33,7,Qm5aZi7Bg3gWx2xb2UqIRRW3Y6l,-178,18,ѕκγ | Ζοםωιи
00:21.38,8,Qm5aZi7Bg3gWx2xb2UqIRRW3Y6l,-178,3909,lappen
00:21.40,9,Qm5aZi7Bg3gWx2xb2UqIRRW3Y6l,-178,8323,CarroT
00:21.56,10,Qm5aZi7Bg3gWx2xb2UqIRRW3Y6l,-178,3360,xosar
00:27.11,1,Fp2FFBhfNa4lS9MrXtrjwiS2J2h,-179,4183,ヅČƏβ/Ļӛ Ǧ工ĝăÑтĒ乌ҨǜҾSσĈίαL
00:27.15,2,Fp2FFBhfNa4lS9MrXtrjwiS2J2h,-179,2114,凹 faiby ?
00:27.24,3,Fp2FFBhfNa4lS9MrXtrjwiS2J2h,-179,1174,Нтм.Nad!
00:27.32,4,Fp2FFBhfNa4lS9MrXtrjwiS2J2h,-179,31,ғฟ๏.ins
00:27.39,5,Fp2FFBhfNa4lS9MrXtrjwiS2J2h,-179,1396,Lemon :) ᄓ boosт³
00:27.40,6,Fp2FFBhfNa4lS9MrXtrjwiS2J2h,-179,8322,~़Vוטה ๋:>
00:27.44,7,Fp2FFBhfNa4lS9MrXtrjwiS2J2h,-179,120,мѕι mo
00:27.44,8,Fp2FFBhfNa4lS9MrXtrjwiS2J2h,-179,1950,// fey « т³ //
00:27.45,9,Fp2FFBhfNa4lS9MrXtrjwiS2J2h,-179,823,Buuurd
00:27.49,10,Fp2FFBhfNa4lS9MrXtrjwiS2J2h,-179,336,»ғฟ๏« Ŀιиκ.* Law
00:21.27,1,bROammK9mpDaqHsUcuE8R_jqfc1,-180,4183,ヅČƏβ/Ļӛ Ǧ工ĝăÑтĒ乌ҨǜҾSσĈίαL
00:21.45,2,bROammK9mpDaqHsUcuE8R_jqfc1,-180,1174,Нтм.Nad!
00:21.54,3,bROammK9mpDaqHsUcuE8R_jqfc1,-180,3704,redank
00:21.63,4,bROammK9mpDaqHsUcuE8R_jqfc1,-180,57,i
00:21.80,5,bROammK9mpDaqHsUcuE8R_jqfc1,-180,336,»ғฟ๏« Ŀιиκ.* Law
00:21.82,6,bROammK9mpDaqHsUcuE8R_jqfc1,-180,390,wikos2
00:21.85,7,bROammK9mpDaqHsUcuE8R_jqfc1,-180,120,мѕι mo
00:21.86,8,bROammK9mpDaqHsUcuE8R_jqfc1,-180,5274,VictorPro123
00:21.88,9,bROammK9mpDaqHsUcuE8R_jqfc1,-180,3165,ғяσैѕѕ
00:21.93,10,bROammK9mpDaqHsUcuE8R_jqfc1,-180,1950,// fey « т³ //
00:12.39,1,t2AkQPcSpSn8maPjBwRpYsvbuTc,-181,1174,Нтм.Nad!
00:12.51,2,t2AkQPcSpSn8maPjBwRpYsvbuTc,-181,18,ѕκγ | Ζοםωιи
00:12.52,3,t2AkQPcSpSn8maPjBwRpYsvbuTc,-181,1042,×saiphyy×
00:12.69,4,t2AkQPcSpSn8maPjBwRpYsvbuTc,-181,3165,ғяσैѕѕ
00:12.69,5,t2AkQPcSpSn8maPjBwRpYsvbuTc,-181,1797,ױρאωєя.т³
00:12.79,6,t2AkQPcSpSn8maPjBwRpYsvbuTc,-181,390,wikos2
00:12.88,7,t2AkQPcSpSn8maPjBwRpYsvbuTc,-181,2243,sauucey
00:12.98,8,t2AkQPcSpSn8maPjBwRpYsvbuTc,-181,542,ѕĸγ»МіǤ«ғฟ๏
00:12.99,9,t2AkQPcSpSn8maPjBwRpYsvbuTc,-181,1025,arthy.
00:13.01,10,t2AkQPcSpSn8maPjBwRpYsvbuTc,-181,6008,samuelhip
00:11.94,1,qdrEbK7HHLnoAXsikI1keG8y68m,-182,5955,mikmos
00:12.44,2,qdrEbK7HHLnoAXsikI1keG8y68m,-182,3909,lappen
00:12.66,3,qdrEbK7HHLnoAXsikI1keG8y68m,-182,433,Ŀĸя ¬ Buch
00:12.70,4,qdrEbK7HHLnoAXsikI1keG8y68m,-182,1835,hayes
00:12.71,5,qdrEbK7HHLnoAXsikI1keG8y68m,-182,1174,Нтм.Nad!
00:12.73,6,qdrEbK7HHLnoAXsikI1keG8y68m,-182,5463,pastagrows
00:12.79,7,qdrEbK7HHLnoAXsikI1keG8y68m,-182,2114,凹 faiby ?
00:12.92,8,qdrEbK7HHLnoAXsikI1keG8y68m,-182,300,Tres « т³
00:13.02,9,qdrEbK7HHLnoAXsikI1keG8y68m,-182,4183,ヅČƏβ/Ļӛ Ǧ工ĝăÑтĒ乌ҨǜҾSσĈίαL
00:13.05,10,qdrEbK7HHLnoAXsikI1keG8y68m,-182,336,»ғฟ๏« Ŀιиκ.* Law
00:17.29,1,yOc4JGkc6askSK3YpQrugMd_eH9,-183,1683,Eltev_X
00:17.32,2,yOc4JGkc6askSK3YpQrugMd_eH9,-183,1174,Нтм.Nad!
00:17.33,3,yOc4JGkc6askSK3YpQrugMd_eH9,-183,3704,redank
00:17.37,4,yOc4JGkc6askSK3YpQrugMd_eH9,-183,120,мѕι mo
00:17.53,5,yOc4JGkc6askSK3YpQrugMd_eH9,-183,336,»ғฟ๏« Ŀιиκ.* Law
00:17.56,6,yOc4JGkc6askSK3YpQrugMd_eH9,-183,1025,arthy.
00:17.65,7,yOc4JGkc6askSK3YpQrugMd_eH9,-183,608,a
00:17.65,8,yOc4JGkc6askSK3YpQrugMd_eH9,-183,2826,KŘOĄTĘ¬Thicc〢ѕІоώ»ЈŁ
00:17.65,9,yOc4JGkc6askSK3YpQrugMd_eH9,-183,5,nixion
00:17.67,10,yOc4JGkc6askSK3YpQrugMd_eH9,-183,487,bPlayैērシmsi
00:09.58,1,vXmD3MiOmFsNh6vKuxsamzCGPv5,-184,5274,VictorPro123
00:09.64,2,vXmD3MiOmFsNh6vKuxsamzCGPv5,-184,608,a
00:09.83,3,vXmD3MiOmFsNh6vKuxsamzCGPv5,-184,2243,sauucey
00:09.85,4,vXmD3MiOmFsNh6vKuxsamzCGPv5,-184,1174,Нтм.Nad!
00:10.19,6,vXmD3MiOmFsNh6vKuxsamzCGPv5,-184,1042,×saiphyy×
00:10.43,7,vXmD3MiOmFsNh6vKuxsamzCGPv5,-184,5,nixion
00:15.03,1,ispWF5eVh5bDXi1Mrnsoi5JRVIl,-185,336,»ғฟ๏« Ŀιиκ.* Law
00:15.13,2,ispWF5eVh5bDXi1Mrnsoi5JRVIl,-185,120,мѕι mo
00:15.25,3,ispWF5eVh5bDXi1Mrnsoi5JRVIl,-185,1174,Нтм.Nad!
00:15.30,6,ispWF5eVh5bDXi1Mrnsoi5JRVIl,-185,2460, POULE |  Gowin
00:15.34,7,ispWF5eVh5bDXi1Mrnsoi5JRVIl,-185,999,iris
00:15.35,8,ispWF5eVh5bDXi1Mrnsoi5JRVIl,-185,401,ғฟ๏.Wirtual
00:15.36,9,ispWF5eVh5bDXi1Mrnsoi5JRVIl,-185,390,wikos2
00:15.37,10,ispWF5eVh5bDXi1Mrnsoi5JRVIl,-185,695,ѕωα〤Λѕѕ т³
00:32.21,1,wYFr2F2CmkhXXy1U1aVp8o1K3G7,-186,1174,Нтм.Nad!
00:38.16,8,wYFr2F2CmkhXXy1U1aVp8o1K3G7,-186,2114,凹 faiby ?
00:40.64,9,wYFr2F2CmkhXXy1U1aVp8o1K3G7,-186,2187,zetos.
00:41.45,10,wYFr2F2CmkhXXy1U1aVp8o1K3G7,-186,975,ѕκγ. flex
00:17.19,1,cDI6saavJYJES04plzEMrAg0i1g,-187,1174,Нтм.Nad!
00:17.51,2,cDI6saavJYJES04plzEMrAg0i1g,-187,3704,redank
00:18.65,3,cDI6saavJYJES04plzEMrAg0i1g,-187,1812,FIREFIGHTER
00:19.93,10,cDI6saavJYJES04plzEMrAg0i1g,-187,823,Buuurd
00:18.49,1,O5s1_Qg9hrArOIJiJOr5MpryFdj,-188,1797,ױρאωєя.т³
00:18.95,2,O5s1_Qg9hrArOIJiJOr5MpryFdj,-188,1174,Нтм.Nad!
00:18.99,3,O5s1_Qg9hrArOIJiJOr5MpryFdj,-188,4183,ヅČƏβ/Ļӛ Ǧ工ĝăÑтĒ乌ҨǜҾSσĈίαL
00:19.55,8,O5s1_Qg9hrArOIJiJOr5MpryFdj,-188,336,»ғฟ๏« Ŀιиκ.* Law
00:19.64,9,O5s1_Qg9hrArOIJiJOr5MpryFdj,-188,2435,eprotizuu
00:19.74,10,O5s1_Qg9hrArOIJiJOr5MpryFdj,-188,975,ѕκγ. flex
00:18.86,1,RimJkaeyimzH9qJPjLQ7zt8aQk4,-189,1174,Нтм.Nad!
00:18.88,2,RimJkaeyimzH9qJPjLQ7zt8aQk4,-189,3704,redank
00:18.94,3,RimJkaeyimzH9qJPjLQ7zt8aQk4,-189,336,»ғฟ๏« Ŀιиκ.* Law
00:19.03,4,RimJkaeyimzH9qJPjLQ7zt8aQk4,-189,2873,웃laser웃
00:19.04,5,RimJkaeyimzH9qJPjLQ7zt8aQk4,-189,5274,VictorPro123
00:12.05,3,MDC84Fp8uOTlQ9MQXv6XbIbadum,-190,336,»ғฟ๏« Ŀιиκ.* Law
00:12.08,4,MDC84Fp8uOTlQ9MQXv6XbIbadum,-190,5955,mikmos
00:12.08,5,MDC84Fp8uOTlQ9MQXv6XbIbadum,-190,5463,pastagrows
00:12.13,6,MDC84Fp8uOTlQ9MQXv6XbIbadum,-190,1174,Нтм.Nad!
00:12.20,7,MDC84Fp8uOTlQ9MQXv6XbIbadum,-190,5,nixion
00:12.21,8,MDC84Fp8uOTlQ9MQXv6XbIbadum,-190,2209,twig
00:23.10,4,e0rdanI6JukhWK6Ty1aTlVTe8Gj,-191,336,»ғฟ๏« Ŀιиκ.* Law
00:23.15,6,e0rdanI6JukhWK6Ty1aTlVTe8Gj,-191,1977," ғฟ๏, LeG | Plast"
00:23.19,7,e0rdanI6JukhWK6Ty1aTlVTe8Gj,-191,8323,CarroT
00:23.19,8,e0rdanI6JukhWK6Ty1aTlVTe8Gj,-191,315,ĊĦ Eror Ŀĸя
00:23.24,9,e0rdanI6JukhWK6Ty1aTlVTe8Gj,-191,1677,Eddy!
00:23.25,10,e0rdanI6JukhWK6Ty1aTlVTe8Gj,-191,2873,웃laser웃
00:19.31,1,HHunIeKXsUaAe4gU6h6iL3Istnd,-192,2114,凹 faiby ?
00:19.89,2,HHunIeKXsUaAe4gU6h6iL3Istnd,-192,1174,Нтм.Nad!
00:19.92,3,HHunIeKXsUaAe4gU6h6iL3Istnd,-192,336,»ғฟ๏« Ŀιиκ.* Law
00:20.03,4,HHunIeKXsUaAe4gU6h6iL3Istnd,-192,2025,bijan
00:20.22,5,HHunIeKXsUaAe4gU6h6iL3Istnd,-192,2904,NoPro»Skyer03
00:20.38,6,HHunIeKXsUaAe4gU6h6iL3Istnd,-192,2514,shen
00:20.40,7,HHunIeKXsUaAe4gU6h6iL3Istnd,-192,1727,buzzy.
00:20.43,8,HHunIeKXsUaAe4gU6h6iL3Istnd,-192,1324,reasᄓnn
00:20.47,9,HHunIeKXsUaAe4gU6h6iL3Istnd,-192,943,ehkla.
00:20.65,10,HHunIeKXsUaAe4gU6h6iL3Istnd,-192,2187,zetos.
00:26.42,1,FdozDNIgeINQQlonq6WAPoKglP5,-193,1396,Lemon :) ᄓ boosт³
00:26.66,2,FdozDNIgeINQQlonq6WAPoKglP5,-193,3704,redank
00:27.95,3,FdozDNIgeINQQlonq6WAPoKglP5,-193,1174,Нтм.Nad!
00:27.98,4,FdozDNIgeINQQlonq6WAPoKglP5,-193,5,nixion
00:28.10,5,FdozDNIgeINQQlonq6WAPoKglP5,-193,7517,Bor
00:28.36,6,FdozDNIgeINQQlonq6WAPoKglP5,-193,42,aeैq«т³
00:28.41,7,FdozDNIgeINQQlonq6WAPoKglP5,-193,401,ғฟ๏.Wirtual
00:28.43,8,FdozDNIgeINQQlonq6WAPoKglP5,-193,101,Hèिést
00:45.81,7,xjNI9nGtMU6K6ZiPlXE33Dw0749,-199,1055, Śмıדңע
00:45.91,8,xjNI9nGtMU6K6ZiPlXE33Dw0749,-199,3704,redank
00:46.35,9,xjNI9nGtMU6K6ZiPlXE33Dw0749,-199,120,мѕι mo
00:46.42,10,xjNI9nGtMU6K6ZiPlXE33Dw0749,-199,384,ғฟ๏.g
00:25.27,1,1F0IkLzqDkRFOGT0DKOnn98ccIl,-200,3546,Eмßαท « т³
00:25.78,2,1F0IkLzqDkRFOGT0DKOnn98ccIl,-200,1174,Нтм.Nad!
00:06.96,8,smsg29iMP5qN1SRqUQmaktNT3qb,4,3341,bazrzokh
00:06.96,9,smsg29iMP5qN1SRqUQmaktNT3qb,4,2553,Unknown >.<
00:06.97,10,smsg29iMP5qN1SRqUQmaktNT3qb,4,7517,Bor
00:09.64,1,U0ImPpwt8Y7Sx0pQm3gZ8Xt4FWm,5,3704,redank
00:09.79,2,U0ImPpwt8Y7Sx0pQm3gZ8Xt4FWm,5,2206,Luukasa123
00:09.81,3,U0ImPpwt8Y7Sx0pQm3gZ8Xt4FWm,5,8950,ViPer.TM
00:09.83,4,U0ImPpwt8Y7Sx0pQm3gZ8Xt4FWm,5,1324,reasᄓnn
00:09.85,5,U0ImPpwt8Y7Sx0pQm3gZ8Xt4FWm,5,451,sakameno
00:09.87,6,U0ImPpwt8Y7Sx0pQm3gZ8Xt4FWm,5,6342,HELM | SettLSD
00:09.88,7,U0ImPpwt8Y7Sx0pQm3gZ8Xt4FWm,5,1659,ママ» maccron き
00:09.88,8,U0ImPpwt8Y7Sx0pQm3gZ8Xt4FWm,5,2904,NoPro»Skyer03
00:09.88,9,U0ImPpwt8Y7Sx0pQm3gZ8Xt4FWm,5,3955,Nem #jome
00:09.88,10,U0ImPpwt8Y7Sx0pQm3gZ8Xt4FWm,5,6894,LordKuchen
00:07.05,1,4Uc9amVvuCJTNR9d9PVxHniI4Nl,6,4183,ヅČƏβ/Ļӛ Ǧ工ĝăÑтĒ乌ҨǜҾSσĈίαL
00:07.18,2,4Uc9amVvuCJTNR9d9PVxHniI4Nl,6,7182,offmetapicker
00:07.30,3,4Uc9amVvuCJTNR9d9PVxHniI4Nl,6,1776,Wilco234
00:07.31,4,4Uc9amVvuCJTNR9d9PVxHniI4Nl,6,336,»ғฟ๏« Ŀιиκ.* Law
00:07.32,5,4Uc9amVvuCJTNR9d9PVxHniI4Nl,6,494,kamel
00:06.53,5,yMxrDMpJguWe6O61g4mQBAlENR7,8,282,¬  Šĸуяџŋŋ ッ «
00:06.57,6,yMxrDMpJguWe6O61g4mQBAlENR7,8,1078,FALCON
00:06.57,7,yMxrDMpJguWe6O61g4mQBAlENR7,8,1798,byoš
00:06.66,8,yMxrDMpJguWe6O61g4mQBAlENR7,8,1941,Jay!
00:06.66,9,yMxrDMpJguWe6O61g4mQBAlENR7,8,487,bPlayैērシmsi
00:06.68,10,yMxrDMpJguWe6O61g4mQBAlENR7,8,5329,мιкєηZe
00:05.66,1,3CMwUdiAfd_ri2VdNVkUN05Uvkj,9,181,ғฟ๏.Logic'
00:05.77,3,3CMwUdiAfd_ri2VdNVkUN05Uvkj,9,1788,Samurai
00:05.78,4,3CMwUdiAfd_ri2VdNVkUN05Uvkj,9,542,ѕĸγ»МіǤ«ғฟ๏
00:05.90,7,3CMwUdiAfd_ri2VdNVkUN05Uvkj,9,959,UNITED STATES OF DONALDTRUMPERICA
00:05.90,8,3CMwUdiAfd_ri2VdNVkUN05Uvkj,9,2386,Xetarz
00:05.91,9,3CMwUdiAfd_ri2VdNVkUN05Uvkj,9,1126,Łץםκ〤koôsk'ad.
00:05.91,10,3CMwUdiAfd_ri2VdNVkUN05Uvkj,9,580,τιחє
00:11.06,1,96AerQS9cTUr3MOkf3qG0K3T9Sl,10,542,ѕĸγ»МіǤ«ғฟ๏
00:11.19,2,96AerQS9cTUr3MOkf3qG0K3T9Sl,10,4183,ヅČƏβ/Ļӛ Ǧ工ĝăÑтĒ乌ҨǜҾSσĈίαL
00:11.23,3,96AerQS9cTUr3MOkf3qG0K3T9Sl,10,4354,「ιиғяα」
00:11.24,4,96AerQS9cTUr3MOkf3qG0K3T9Sl,10,2206,Luukasa123
00:11.24,5,96AerQS9cTUr3MOkf3qG0K3T9Sl,10,4699,הѕс¬ Axell. Law
00:11.26,6,96AerQS9cTUr3MOkf3qG0K3T9Sl,10,3165,ғяσैѕѕ
00:11.30,7,96AerQS9cTUr3MOkf3qG0K3T9Sl,10,336,»ғฟ๏« Ŀιиκ.* Law
00:11.30,8,96AerQS9cTUr3MOkf3qG0K3T9Sl,10,450,ImminentOmelet58
00:11.30,9,96AerQS9cTUr3MOkf3qG0K3T9Sl,10,608,a
00:11.30,10,96AerQS9cTUr3MOkf3qG0K3T9Sl,10,975,ѕκγ. flex
00:06.69,1,GA3xCbiB5P3OArt376aw_nS1Jdg,11,539,めeैlirium« ғѕт
00:06.90,3,GA3xCbiB5P3OArt376aw_nS1Jdg,11,1977," ғฟ๏, LeG | Plast"
00:11.34,1,Scypn2bPG2DW939wVm_rQAGw9dh,0,436,helvete
00:11.89,2,Scypn2bPG2DW939wVm_rQAGw9dh,0,2114,凹 faiby ?
00:11.95,3,Scypn2bPG2DW939wVm_rQAGw9dh,0,2348,ѕняєк!ζємטѕч²
00:11.98,4,Scypn2bPG2DW939wVm_rQAGw9dh,0,2873,웃laser웃
00:11.99,5,Scypn2bPG2DW939wVm_rQAGw9dh,0,149,Marmerladi
00:12.02,6,Scypn2bPG2DW939wVm_rQAGw9dh,0,7517,Bor
00:12.04,7,Scypn2bPG2DW939wVm_rQAGw9dh,0,542,ѕĸγ»МіǤ«ғฟ๏
00:12.06,8,Scypn2bPG2DW939wVm_rQAGw9dh,0,878,кเקןє13
00:12.08,9,Scypn2bPG2DW939wVm_rQAGw9dh,0,1950,// fey « т³ //
00:12.08,10,Scypn2bPG2DW939wVm_rQAGw9dh,0,2479,nut
00:02.76,1,CWRRVe5w__beKqr6rdOPceCS3Jl,1,975,ѕκγ. flex
00:02.76,2,CWRRVe5w__beKqr6rdOPceCS3Jl,1,1600,сав ¬ nellike
00:02.76,6,CWRRVe5w__beKqr6rdOPceCS3Jl,1,4537,iNSPIRE
00:02.76,7,CWRRVe5w__beKqr6rdOPceCS3Jl,1,8573,RedLucas.
00:02.76,8,CWRRVe5w__beKqr6rdOPceCS3Jl,1,2937,gimli35
00:02.76,9,CWRRVe5w__beKqr6rdOPceCS3Jl,1,6826,ツ{ǏÑƑTM}ツ
00:02.76,10,CWRRVe5w__beKqr6rdOPceCS3Jl,1,8088,AVR | KindAanraker
00:06.75,1,S8wHpv2xPwkMzndul4TXMQt3g2k,2,1396,Lemon :) ᄓ boosт³
00:06.80,2,S8wHpv2xPwkMzndul4TXMQt3g2k,2,975,ѕκγ. flex
00:06.80,3,S8wHpv2xPwkMzndul4TXMQt3g2k,2,542,ѕĸγ»МіǤ«ғฟ๏
00:06.81,4,S8wHpv2xPwkMzndul4TXMQt3g2k,2,1812,FIREFIGHTER
00:06.83,5,S8wHpv2xPwkMzndul4TXMQt3g2k,2,6270,ңя ױ chris(on)top(of)her ฟřћ*
00:06.84,6,S8wHpv2xPwkMzndul4TXMQt3g2k,2,5696,CCC〢Lzaps
00:06.84,7,S8wHpv2xPwkMzndul4TXMQt3g2k,2,5039,Billboard ЈЄҒҒ
00:06.85,8,S8wHpv2xPwkMzndul4TXMQt3g2k,2,93,ғฟ๏〢alexx. infector
00:06.85,9,S8wHpv2xPwkMzndul4TXMQt3g2k,2,1324,reasᄓnn
00:06.86,10,S8wHpv2xPwkMzndul4TXMQt3g2k,2,1001,ЈŁ SÞlîŋt
00:07.34,1,PPEFQ4sYTJNbBvwvvfDIat1M9mg,3,1582,mitrug
00:07.40,2,PPEFQ4sYTJNbBvwvvfDIat1M9mg,3,1065,¬ ЈŁ〢Ғоैявγ «
00:07.50,3,PPEFQ4sYTJNbBvwvvfDIat1M9mg,3,52,הѕс ¬ kidcasi
00:07.71,4,PPEFQ4sYTJNbBvwvvfDIat1M9mg,3,209,ツ]  kyafkyafkyafkyafkyafkyafk  [т³
00:07.79,5,PPEFQ4sYTJNbBvwvvfDIat1M9mg,3,552,Fmc
00:07.79,6,PPEFQ4sYTJNbBvwvvfDIat1M9mg,3,1782,τ๏ß»TRAKTOR
00:07.84,7,PPEFQ4sYTJNbBvwvvfDIat1M9mg,3,2574,мѕι » Morale
00:07.86,8,PPEFQ4sYTJNbBvwvvfDIat1M9mg,3,7541,s28 | ЙųІІ»Дћлųлǥ
00:07.87,9,PPEFQ4sYTJNbBvwvvfDIat1M9mg,3,4183,ヅČƏβ/Ļӛ Ǧ工ĝăÑтĒ乌ҨǜҾSσĈίαL
00:07.88,10,PPEFQ4sYTJNbBvwvvfDIat1M9mg,3,3129,ฬคงε. Ozy »мєс
00:06.94,1,smsg29iMP5qN1SRqUQmaktNT3qb,4,336,»ғฟ๏« Ŀιиκ.* Law
00:06.94,2,smsg29iMP5qN1SRqUQmaktNT3qb,4,1798,byoš
00:06.94,3,smsg29iMP5qN1SRqUQmaktNT3qb,4,2826,KŘOĄTĘ¬Thicc〢ѕІоώ»ЈŁ
00:06.94,4,smsg29iMP5qN1SRqUQmaktNT3qb,4,4183,ヅČƏβ/Ļӛ Ǧ工ĝăÑтĒ乌ҨǜҾSσĈίαL
00:06.95,5,smsg29iMP5qN1SRqUQmaktNT3qb,4,2206,Luukasa123
00:06.95,6,smsg29iMP5qN1SRqUQmaktNT3qb,4,1390,betta
00:08.65,9,BvPMezwTNVXGEHwNYmDZ72XnoSl,17,7,LeG〢ЈонаĿѕѕ »ғฟ๏«
00:07.28,9,xyrnObCaWs1eW9vzYGJqn9PX1hg,36,957,〔 niati 〕
00:16.11,7,1xELvS3ubxjMRw4Cn9oGMFah8We,88,943,ehkla.
00:09.31,1,LgtE7zDUOvHOgJB9gnv10rCdpU,129,1871,сав ¬ νн <3
00:09.32,2,LgtE7zDUOvHOgJB9gnv10rCdpU,129,4183,ヅČƏβ/Ļӛ Ǧ工ĝăÑтĒ乌ҨǜҾSσĈίαL
00:09.33,3,LgtE7zDUOvHOgJB9gnv10rCdpU,129,1798,byoš
00:09.34,4,LgtE7zDUOvHOgJB9gnv10rCdpU,129,187,хеяох.
00:09.35,5,LgtE7zDUOvHOgJB9gnv10rCdpU,129,1556,mab
00:09.35,6,LgtE7zDUOvHOgJB9gnv10rCdpU,129,2514,shen
00:09.35,7,LgtE7zDUOvHOgJB9gnv10rCdpU,129,1174,Нтм.Nad!
00:09.36,8,LgtE7zDUOvHOgJB9gnv10rCdpU,129,5274,VictorPro123
00:09.37,9,LgtE7zDUOvHOgJB9gnv10rCdpU,129,1677,Eddy!
00:09.37,10,LgtE7zDUOvHOgJB9gnv10rCdpU,129,2361,AzYmuthS « т³
00:19.26,10,kprNTNffW1tnZsojh69vFAqxeqg,223,2448,nonick
00:16.46,6,kwuHbknIiJGl6JT0bIQOixCXzYc,228,5,nixion
00:20.70,8,dIZs_hAlYHxbuQWjSi1lXbINXZ6,244,31,ғฟ๏.ins
00:12.04,3,74De_TOjhxT2RP6n9_tPTuvrw8e,264,5,nixion
00:11.50,8,Dk3LbIRMOUSXw7TU_noQiQIJsYg,295,42,aeैq«т³
00:25.23,6,7I_saY1JOqcQr2Nq5tphzWH1CCh,300,45,сав tekky.
00:23.06,10,f2HnOIQLqAMCTq8ipJ1pPJMpvCg,306,2187,zetos.
00:14.47,5,et5GqHgyBX1RAaMnzWpdgMuI418,324,45,сав tekky.
00:09.92,7,cGEEkxH_bM30SnqNAEPpGP3OpQ4,349,52,הѕс ¬ kidcasi
00:13.05,2,rVXCXuE5M1WUBFJLypu6ev1Btbk,412,57,i
00:17.07,5,0L6Ua6swlk90qAkE15rRgYe3tG0,-25,494,kamel
00:22.44,3,j0yGgWRp0EwfJ5FLl6KLerOVly9,-63,45,сав tekky.
00:16.34,5,xjO0E1KePPzxrbAGoCu3LvyEzpj,-142,67,הѕс ¬ fЅтерн l|GC
00:10.17,5,vXmD3MiOmFsNh6vKuxsamzCGPv5,-184,3051,Casper
00:10.53,8,vXmD3MiOmFsNh6vKuxsamzCGPv5,-184,4183,ヅČƏβ/Ļӛ Ǧ工ĝăÑтĒ乌ҨǜҾSσĈίαL
00:10.60,9,vXmD3MiOmFsNh6vKuxsamzCGPv5,-184,7517,Bor
00:11.39,10,vXmD3MiOmFsNh6vKuxsamzCGPv5,-184,120,мѕι mo
00:15.26,4,ispWF5eVh5bDXi1Mrnsoi5JRVIl,-185,608,a
00:15.26,5,ispWF5eVh5bDXi1Mrnsoi5JRVIl,-185,1797,ױρאωєя.т³
00:32.30,2,wYFr2F2CmkhXXy1U1aVp8o1K3G7,-186,2873,웃laser웃
00:34.74,3,wYFr2F2CmkhXXy1U1aVp8o1K3G7,-186,120,мѕι mo
00:36.57,4,wYFr2F2CmkhXXy1U1aVp8o1K3G7,-186,943,ehkla.
00:36.69,5,wYFr2F2CmkhXXy1U1aVp8o1K3G7,-186,3704,redank
00:37.52,6,wYFr2F2CmkhXXy1U1aVp8o1K3G7,-186,4082,iiHugo « т³
00:38.06,7,wYFr2F2CmkhXXy1U1aVp8o1K3G7,-186,57,i
00:18.83,4,cDI6saavJYJES04plzEMrAg0i1g,-187,1727,buzzy.
00:19.10,5,cDI6saavJYJES04plzEMrAg0i1g,-187,1071,Wakkoe
00:19.34,6,cDI6saavJYJES04plzEMrAg0i1g,-187,4104,andrew
00:19.37,7,cDI6saavJYJES04plzEMrAg0i1g,-187,2361,AzYmuthS « т³
00:19.44,8,cDI6saavJYJES04plzEMrAg0i1g,-187,336,»ғฟ๏« Ŀιиκ.* Law
00:19.54,9,cDI6saavJYJES04plzEMrAg0i1g,-187,101,Hèिést
00:19.25,4,O5s1_Qg9hrArOIJiJOr5MpryFdj,-188,1037,¬ ЈŁ〢ChoW «
00:19.35,5,O5s1_Qg9hrArOIJiJOr5MpryFdj,-188,120,мѕι mo
00:19.43,6,O5s1_Qg9hrArOIJiJOr5MpryFdj,-188,3704,redank
00:19.44,7,O5s1_Qg9hrArOIJiJOr5MpryFdj,-188,1727,buzzy.
00:19.21,6,RimJkaeyimzH9qJPjLQ7zt8aQk4,-189,8407,ңя ױ jarck.
00:19.24,7,RimJkaeyimzH9qJPjLQ7zt8aQk4,-189,608,a
00:19.25,8,RimJkaeyimzH9qJPjLQ7zt8aQk4,-189,823,Buuurd
00:19.52,9,RimJkaeyimzH9qJPjLQ7zt8aQk4,-189,8322,~़Vוטה ๋:>
00:22.46,10,RimJkaeyimzH9qJPjLQ7zt8aQk4,-189,315,ĊĦ Eror Ŀĸя
00:12.00,1,MDC84Fp8uOTlQ9MQXv6XbIbadum,-190,57,i
00:12.04,2,MDC84Fp8uOTlQ9MQXv6XbIbadum,-190,5274,VictorPro123
00:12.22,9,MDC84Fp8uOTlQ9MQXv6XbIbadum,-190,101,Hèिést
00:12.22,10,MDC84Fp8uOTlQ9MQXv6XbIbadum,-190,943,ehkla.
00:22.85,1,e0rdanI6JukhWK6Ty1aTlVTe8Gj,-191,4183,ヅČƏβ/Ļӛ Ǧ工ĝăÑтĒ乌ҨǜҾSσĈίαL
00:22.96,2,e0rdanI6JukhWK6Ty1aTlVTe8Gj,-191,120,мѕι mo
00:23.00,3,e0rdanI6JukhWK6Ty1aTlVTe8Gj,-191,1174,Нтм.Nad!
00:23.13,5,e0rdanI6JukhWK6Ty1aTlVTe8Gj,-191,3341,bazrzokh
00:28.44,9,FdozDNIgeINQQlonq6WAPoKglP5,-193,487,bPlayैērシmsi
00:28.47,10,FdozDNIgeINQQlonq6WAPoKglP5,-193,8322,~़Vוטה ๋:>
00:25.96,1,y8hiNb5Kd0DNTzawPerjGhacXz7,-194,163,₿ᴇᴀᴛᴙᴉᴄᴇ
00:26.24,2,y8hiNb5Kd0DNTzawPerjGhacXz7,-194,2873,웃laser웃
00:26.44,3,y8hiNb5Kd0DNTzawPerjGhacXz7,-194,1174,Нтм.Nad!
00:26.47,4,y8hiNb5Kd0DNTzawPerjGhacXz7,-194,3165,ғяσैѕѕ
00:26.58,5,y8hiNb5Kd0DNTzawPerjGhacXz7,-194,3,ecirtaeB
00:26.65,6,y8hiNb5Kd0DNTzawPerjGhacXz7,-194,4183,ヅČƏβ/Ļӛ Ǧ工ĝăÑтĒ乌ҨǜҾSσĈίαL
00:26.96,7,y8hiNb5Kd0DNTzawPerjGhacXz7,-194,1390,betta
00:27.06,8,y8hiNb5Kd0DNTzawPerjGhacXz7,-194,695,ѕωα〤Λѕѕ т³
00:27.08,9,y8hiNb5Kd0DNTzawPerjGhacXz7,-194,7264,Lolodpro
00:27.09,10,y8hiNb5Kd0DNTzawPerjGhacXz7,-194,3704,redank
00:24.78,1,Zb8etSRlMbCoAdbaPsIEjIMrLqg,-195,144,הѕс¬Ғеяяу | мр
00:24.82,2,Zb8etSRlMbCoAdbaPsIEjIMrLqg,-195,907,τєяα.
00:24.85,3,Zb8etSRlMbCoAdbaPsIEjIMrLqg,-195,1174,Нтм.Nad!
00:29.37,5,eURyrwxdrK3LJlFgw6h3BdfuYi1,-198,1042,×saiphyy×
00:29.37,6,eURyrwxdrK3LJlFgw6h3BdfuYi1,-198,5752,zefi.
00:29.38,7,eURyrwxdrK3LJlFgw6h3BdfuYi1,-198,120,мѕι mo
00:29.43,8,eURyrwxdrK3LJlFgw6h3BdfuYi1,-198,2448,nonick
00:29.43,9,eURyrwxdrK3LJlFgw6h3BdfuYi1,-198,3165,ғяσैѕѕ
00:29.43,10,eURyrwxdrK3LJlFgw6h3BdfuYi1,-198,4082,iiHugo « т³
00:43.13,1,xjNI9nGtMU6K6ZiPlXE33Dw0749,-199,2408,ғฟ๏.misiek
00:44.78,2,xjNI9nGtMU6K6ZiPlXE33Dw0749,-199,1174,Нтм.Nad!
00:45.00,3,xjNI9nGtMU6K6ZiPlXE33Dw0749,-199,487,bPlayैērシmsi
00:45.51,4,xjNI9nGtMU6K6ZiPlXE33Dw0749,-199,5034,HELM | んTommopolisん
00:45.69,5,xjNI9nGtMU6K6ZiPlXE33Dw0749,-199,6212,Loap « т³
00:45.75,6,xjNI9nGtMU6K6ZiPlXE33Dw0749,-199,929,Вготҥҽгै
00:26.05,3,1F0IkLzqDkRFOGT0DKOnn98ccIl,-200,336,»ғฟ๏« Ŀιиκ.* Law
00:24.86,4,Zb8etSRlMbCoAdbaPsIEjIMrLqg,-195,5274,VictorPro123
00:24.88,5,Zb8etSRlMbCoAdbaPsIEjIMrLqg,-195,336,»ғฟ๏« Ŀιиκ.* Law
00:24.89,6,Zb8etSRlMbCoAdbaPsIEjIMrLqg,-195,149,Marmerladi
00:24.94,7,Zb8etSRlMbCoAdbaPsIEjIMrLqg,-195,2509,Clefde12
00:24.97,8,Zb8etSRlMbCoAdbaPsIEjIMrLqg,-195,2479,nut
00:24.99,9,Zb8etSRlMbCoAdbaPsIEjIMrLqg,-195,2188,Sileenz
00:25.01,10,Zb8etSRlMbCoAdbaPsIEjIMrLqg,-195,1835,hayes
00:20.94,1,kOcOHyCnotebzHEt24O5h1q2e9d,-196,1174,Нтм.Nad!
00:21.03,2,kOcOHyCnotebzHEt24O5h1q2e9d,-196,7517,Bor
00:21.03,3,kOcOHyCnotebzHEt24O5h1q2e9d,-196,3704,redank
00:21.04,4,kOcOHyCnotebzHEt24O5h1q2e9d,-196,57,i
00:21.04,5,kOcOHyCnotebzHEt24O5h1q2e9d,-196,943,ehkla.
00:21.05,6,kOcOHyCnotebzHEt24O5h1q2e9d,-196,3515,ants
00:21.06,7,kOcOHyCnotebzHEt24O5h1q2e9d,-196,2209,twig
00:21.10,8,kOcOHyCnotebzHEt24O5h1q2e9d,-196,8322,~़Vוטה ๋:>
00:21.11,9,kOcOHyCnotebzHEt24O5h1q2e9d,-196,8323,CarroT
00:21.16,10,kOcOHyCnotebzHEt24O5h1q2e9d,-196,1797,ױρאωєя.т³
00:13.79,1,pq0DadaNo0CDxNqjY_ncVvY_ds5,-197,1174,Нтм.Nad!
00:13.81,2,pq0DadaNo0CDxNqjY_ncVvY_ds5,-197,4183,ヅČƏβ/Ļӛ Ǧ工ĝăÑтĒ乌ҨǜҾSσĈίαL
00:13.85,3,pq0DadaNo0CDxNqjY_ncVvY_ds5,-197,2493,jedrzej700
00:13.88,4,pq0DadaNo0CDxNqjY_ncVvY_ds5,-197,120,мѕι mo
00:13.89,5,pq0DadaNo0CDxNqjY_ncVvY_ds5,-197,336,»ғฟ๏« Ŀιиκ.* Law
00:13.89,6,pq0DadaNo0CDxNqjY_ncVvY_ds5,-197,2851,MSA
00:13.90,7,pq0DadaNo0CDxNqjY_ncVvY_ds5,-197,3955,Nem #jome
00:13.91,8,pq0DadaNo0CDxNqjY_ncVvY_ds5,-197,8573,RedLucas.
00:13.92,9,pq0DadaNo0CDxNqjY_ncVvY_ds5,-197,9529,ӡooל eppsi
00:13.93,10,pq0DadaNo0CDxNqjY_ncVvY_ds5,-197,8881,ฬคтт ζ patty
00:29.08,1,eURyrwxdrK3LJlFgw6h3BdfuYi1,-198,5274,VictorPro123
00:29.33,2,eURyrwxdrK3LJlFgw6h3BdfuYi1,-198,4183,ヅČƏβ/Ļӛ Ǧ工ĝăÑтĒ乌ҨǜҾSσĈίαL
00:29.35,3,eURyrwxdrK3LJlFgw6h3BdfuYi1,-198,1174,Нтм.Nad!
00:29.36,4,eURyrwxdrK3LJlFgw6h3BdfuYi1,-198,2188,Sileenz
00:26.50,4,1F0IkLzqDkRFOGT0DKOnn98ccIl,-200,5752,zefi.
00:26.59,5,1F0IkLzqDkRFOGT0DKOnn98ccIl,-200,2141,kawati
00:26.64,6,1F0IkLzqDkRFOGT0DKOnn98ccIl,-200,2243,sauucey
00:26.66,7,1F0IkLzqDkRFOGT0DKOnn98ccIl,-200,7517,Bor
00:26.68,8,1F0IkLzqDkRFOGT0DKOnn98ccIl,-200,2747,Golden « т³
00:26.69,9,1F0IkLzqDkRFOGT0DKOnn98ccIl,-200,1812,FIREFIGHTER
00:26.71,10,1F0IkLzqDkRFOGT0DKOnn98ccIl,-200,2636,HELM | иσôѣ
